Datetime,SAUXX
01/01/2015 00:00,0
01/01/2015 01:00,0
01/01/2015 02:00,0
01/01/2015 03:00,2.61328E-10
01/01/2015 04:00,0.002607423
01/01/2015 05:00,0.077707111
01/01/2015 06:00,0.214220183
01/01/2015 07:00,0.343594208
01/01/2015 08:00,0.448678759
01/01/2015 09:00,0.509298916
01/01/2015 10:00,0.506422948
01/01/2015 11:00,0.471311306
01/01/2015 12:00,0.428256029
01/01/2015 13:00,0.391307014
01/01/2015 14:00,0.263944282
01/01/2015 15:00,0
01/01/2015 16:00,0
01/01/2015 17:00,0
01/01/2015 18:00,0
01/01/2015 19:00,0
01/01/2015 20:00,0
01/01/2015 21:00,0
01/01/2015 22:00,0
01/01/2015 23:00,0
02/01/2015 00:00,0
02/01/2015 01:00,0
02/01/2015 02:00,0
02/01/2015 03:00,2.11698E-10
02/01/2015 04:00,0.001974748
02/01/2015 05:00,0.075704835
02/01/2015 06:00,0.216073742
02/01/2015 07:00,0.344995338
02/01/2015 08:00,0.45256691
02/01/2015 09:00,0.517642985
02/01/2015 10:00,0.534259067
02/01/2015 11:00,0.502919476
02/01/2015 12:00,0.44881143
02/01/2015 13:00,0.414272538
02/01/2015 14:00,0.194495944
02/01/2015 15:00,0
02/01/2015 16:00,0
02/01/2015 17:00,0
02/01/2015 18:00,0
02/01/2015 19:00,0
02/01/2015 20:00,0
02/01/2015 21:00,0
02/01/2015 22:00,0
02/01/2015 23:00,0
03/01/2015 00:00,0
03/01/2015 01:00,0
03/01/2015 02:00,0
03/01/2015 03:00,2.10195E-10
03/01/2015 04:00,0.002220723
03/01/2015 05:00,0.083307702
03/01/2015 06:00,0.235643918
03/01/2015 07:00,0.379196791
03/01/2015 08:00,0.493404188
03/01/2015 09:00,0.559463819
03/01/2015 10:00,0.566020065
03/01/2015 11:00,0.531820781
03/01/2015 12:00,0.477856745
03/01/2015 13:00,0.427668325
03/01/2015 14:00,0.21607805
03/01/2015 15:00,0
03/01/2015 16:00,0
03/01/2015 17:00,0
03/01/2015 18:00,0
03/01/2015 19:00,0
03/01/2015 20:00,0
03/01/2015 21:00,0
03/01/2015 22:00,0
03/01/2015 23:00,0
04/01/2015 00:00,0
04/01/2015 01:00,0
04/01/2015 02:00,0
04/01/2015 03:00,0
04/01/2015 04:00,0.002065759
04/01/2015 05:00,0.077163731
04/01/2015 06:00,0.218740477
04/01/2015 07:00,0.349371198
04/01/2015 08:00,0.451517872
04/01/2015 09:00,0.512580098
04/01/2015 10:00,0.52182454
04/01/2015 11:00,0.482626401
04/01/2015 12:00,0.443858075
04/01/2015 13:00,0.403137279
04/01/2015 14:00,0.24916727
04/01/2015 15:00,0
04/01/2015 16:00,0
04/01/2015 17:00,0
04/01/2015 18:00,0
04/01/2015 19:00,0
04/01/2015 20:00,0
04/01/2015 21:00,0
04/01/2015 22:00,0
04/01/2015 23:00,0
05/01/2015 00:00,0
05/01/2015 01:00,0
05/01/2015 02:00,0
05/01/2015 03:00,0
05/01/2015 04:00,0.001869469
05/01/2015 05:00,0.072609825
05/01/2015 06:00,0.213582812
05/01/2015 07:00,0.352268432
05/01/2015 08:00,0.471859847
05/01/2015 09:00,0.528787349
05/01/2015 10:00,0.539891065
05/01/2015 11:00,0.509784677
05/01/2015 12:00,0.45998358
05/01/2015 13:00,0.417193533
05/01/2015 14:00,0.224844243
05/01/2015 15:00,0
05/01/2015 16:00,0
05/01/2015 17:00,0
05/01/2015 18:00,0
05/01/2015 19:00,0
05/01/2015 20:00,0
05/01/2015 21:00,0
05/01/2015 22:00,0
05/01/2015 23:00,0
06/01/2015 00:00,0
06/01/2015 01:00,0
06/01/2015 02:00,0
06/01/2015 03:00,0
06/01/2015 04:00,0.0019643
06/01/2015 05:00,0.079070041
06/01/2015 06:00,0.225042384
06/01/2015 07:00,0.366133936
06/01/2015 08:00,0.479683156
06/01/2015 09:00,0.541332124
06/01/2015 10:00,0.543560125
06/01/2015 11:00,0.508070563
06/01/2015 12:00,0.45717078
06/01/2015 13:00,0.417328877
06/01/2015 14:00,0.2376326
06/01/2015 15:00,0
06/01/2015 16:00,0
06/01/2015 17:00,0
06/01/2015 18:00,0
06/01/2015 19:00,0
06/01/2015 20:00,0
06/01/2015 21:00,0
06/01/2015 22:00,0
06/01/2015 23:00,0
07/01/2015 00:00,0
07/01/2015 01:00,0
07/01/2015 02:00,0
07/01/2015 03:00,0
07/01/2015 04:00,0.001775965
07/01/2015 05:00,0.076984318
07/01/2015 06:00,0.222111928
07/01/2015 07:00,0.357899346
07/01/2015 08:00,0.473652445
07/01/2015 09:00,0.54634012
07/01/2015 10:00,0.557853729
07/01/2015 11:00,0.519505285
07/01/2015 12:00,0.468830624
07/01/2015 13:00,0.418759512
07/01/2015 14:00,0.216846323
07/01/2015 15:00,0
07/01/2015 16:00,0
07/01/2015 17:00,0
07/01/2015 18:00,0
07/01/2015 19:00,0
07/01/2015 20:00,0
07/01/2015 21:00,0
07/01/2015 22:00,0
07/01/2015 23:00,0
08/01/2015 00:00,0
08/01/2015 01:00,0
08/01/2015 02:00,0
08/01/2015 03:00,0
08/01/2015 04:00,0.001749504
08/01/2015 05:00,0.078408512
08/01/2015 06:00,0.232118973
08/01/2015 07:00,0.386212781
08/01/2015 08:00,0.50860639
08/01/2015 09:00,0.580274102
08/01/2015 10:00,0.592215134
08/01/2015 11:00,0.555728358
08/01/2015 12:00,0.497482425
08/01/2015 13:00,0.445359142
08/01/2015 14:00,0.19971334
08/01/2015 15:00,0
08/01/2015 16:00,0
08/01/2015 17:00,0
08/01/2015 18:00,0
08/01/2015 19:00,0
08/01/2015 20:00,0
08/01/2015 21:00,0
08/01/2015 22:00,0
08/01/2015 23:00,0
09/01/2015 00:00,0
09/01/2015 01:00,0
09/01/2015 02:00,0
09/01/2015 03:00,0
09/01/2015 04:00,0.001803506
09/01/2015 05:00,0.08135099
09/01/2015 06:00,0.239716869
09/01/2015 07:00,0.391545724
09/01/2015 08:00,0.513007075
09/01/2015 09:00,0.582919574
09/01/2015 10:00,0.594176064
09/01/2015 11:00,0.55376324
09/01/2015 12:00,0.490041506
09/01/2015 13:00,0.429876945
09/01/2015 14:00,0.198908498
09/01/2015 15:00,0
09/01/2015 16:00,0
09/01/2015 17:00,0
09/01/2015 18:00,0
09/01/2015 19:00,0
09/01/2015 20:00,0
09/01/2015 21:00,0
09/01/2015 22:00,0
09/01/2015 23:00,0
10/01/2015 00:00,0
10/01/2015 01:00,0
10/01/2015 02:00,0
10/01/2015 03:00,0
10/01/2015 04:00,0.00177484
10/01/2015 05:00,0.081222218
10/01/2015 06:00,0.239028622
10/01/2015 07:00,0.386676547
10/01/2015 08:00,0.50443916
10/01/2015 09:00,0.577156975
10/01/2015 10:00,0.587930341
10/01/2015 11:00,0.551718754
10/01/2015 12:00,0.486188703
10/01/2015 13:00,0.432239046
10/01/2015 14:00,0.201980414
10/01/2015 15:00,0
10/01/2015 16:00,0
10/01/2015 17:00,0
10/01/2015 18:00,0
10/01/2015 19:00,0
10/01/2015 20:00,0
10/01/2015 21:00,0
10/01/2015 22:00,0
10/01/2015 23:00,0
11/01/2015 00:00,0
11/01/2015 01:00,0
11/01/2015 02:00,0
11/01/2015 03:00,0
11/01/2015 04:00,0.001879104
11/01/2015 05:00,0.082238476
11/01/2015 06:00,0.240210369
11/01/2015 07:00,0.391865678
11/01/2015 08:00,0.511017231
11/01/2015 09:00,0.582762597
11/01/2015 10:00,0.592059026
11/01/2015 11:00,0.554967332
11/01/2015 12:00,0.48841721
11/01/2015 13:00,0.430910909
11/01/2015 14:00,0.199641429
11/01/2015 15:00,0
11/01/2015 16:00,0
11/01/2015 17:00,0
11/01/2015 18:00,0
11/01/2015 19:00,0
11/01/2015 20:00,0
11/01/2015 21:00,0
11/01/2015 22:00,0
11/01/2015 23:00,0
12/01/2015 00:00,0
12/01/2015 01:00,0
12/01/2015 02:00,0
12/01/2015 03:00,0
12/01/2015 04:00,0.001846664
12/01/2015 05:00,0.082560467
12/01/2015 06:00,0.241229979
12/01/2015 07:00,0.392382404
12/01/2015 08:00,0.510067091
12/01/2015 09:00,0.58041499
12/01/2015 10:00,0.589364576
12/01/2015 11:00,0.550643035
12/01/2015 12:00,0.486767187
12/01/2015 13:00,0.427758361
12/01/2015 14:00,0.205837401
12/01/2015 15:00,0
12/01/2015 16:00,0
12/01/2015 17:00,0
12/01/2015 18:00,0
12/01/2015 19:00,0
12/01/2015 20:00,0
12/01/2015 21:00,0
12/01/2015 22:00,0
12/01/2015 23:00,0
13/01/2015 00:00,0
13/01/2015 01:00,0
13/01/2015 02:00,0
13/01/2015 03:00,0
13/01/2015 04:00,0.001875632
13/01/2015 05:00,0.083019089
13/01/2015 06:00,0.239804185
13/01/2015 07:00,0.387000982
13/01/2015 08:00,0.502832315
13/01/2015 09:00,0.572181084
13/01/2015 10:00,0.580700372
13/01/2015 11:00,0.542285352
13/01/2015 12:00,0.487797831
13/01/2015 13:00,0.435069188
13/01/2015 14:00,0.226528465
13/01/2015 15:00,0
13/01/2015 16:00,0
13/01/2015 17:00,0
13/01/2015 18:00,0
13/01/2015 19:00,0
13/01/2015 20:00,0
13/01/2015 21:00,0
13/01/2015 22:00,0
13/01/2015 23:00,0
14/01/2015 00:00,0
14/01/2015 01:00,0
14/01/2015 02:00,0
14/01/2015 03:00,0
14/01/2015 04:00,0.001879497
14/01/2015 05:00,0.082002718
14/01/2015 06:00,0.236637038
14/01/2015 07:00,0.379051669
14/01/2015 08:00,0.490810715
14/01/2015 09:00,0.558765119
14/01/2015 10:00,0.57191718
14/01/2015 11:00,0.544737033
14/01/2015 12:00,0.493753824
14/01/2015 13:00,0.43702082
14/01/2015 14:00,0.22860358
14/01/2015 15:00,0
14/01/2015 16:00,0
14/01/2015 17:00,0
14/01/2015 18:00,0
14/01/2015 19:00,0
14/01/2015 20:00,0
14/01/2015 21:00,0
14/01/2015 22:00,0
14/01/2015 23:00,0
15/01/2015 00:00,0
15/01/2015 01:00,0
15/01/2015 02:00,0
15/01/2015 03:00,0
15/01/2015 04:00,0.001865779
15/01/2015 05:00,0.080676144
15/01/2015 06:00,0.233126279
15/01/2015 07:00,0.375729001
15/01/2015 08:00,0.490717041
15/01/2015 09:00,0.566759045
15/01/2015 10:00,0.576112626
15/01/2015 11:00,0.544033385
15/01/2015 12:00,0.484141547
15/01/2015 13:00,0.431028869
15/01/2015 14:00,0.238669053
15/01/2015 15:00,0
15/01/2015 16:00,0
15/01/2015 17:00,0
15/01/2015 18:00,0
15/01/2015 19:00,0
15/01/2015 20:00,0
15/01/2015 21:00,0
15/01/2015 22:00,0
15/01/2015 23:00,0
16/01/2015 00:00,0
16/01/2015 01:00,0
16/01/2015 02:00,0
16/01/2015 03:00,0
16/01/2015 04:00,0.001700868
16/01/2015 05:00,0.07901179
16/01/2015 06:00,0.231813237
16/01/2015 07:00,0.379742813
16/01/2015 08:00,0.499819331
16/01/2015 09:00,0.57263141
16/01/2015 10:00,0.587683097
16/01/2015 11:00,0.552326729
16/01/2015 12:00,0.488807259
16/01/2015 13:00,0.437355991
16/01/2015 14:00,0.236492759
16/01/2015 15:00,0
16/01/2015 16:00,0
16/01/2015 17:00,0
16/01/2015 18:00,0
16/01/2015 19:00,0
16/01/2015 20:00,0
16/01/2015 21:00,0
16/01/2015 22:00,0
16/01/2015 23:00,0
17/01/2015 00:00,0
17/01/2015 01:00,0
17/01/2015 02:00,0
17/01/2015 03:00,0
17/01/2015 04:00,0.001708334
17/01/2015 05:00,0.075952567
17/01/2015 06:00,0.224837734
17/01/2015 07:00,0.368361792
17/01/2015 08:00,0.487060043
17/01/2015 09:00,0.562044748
17/01/2015 10:00,0.578738004
17/01/2015 11:00,0.548316651
17/01/2015 12:00,0.485639072
17/01/2015 13:00,0.435279372
17/01/2015 14:00,0.250791955
17/01/2015 15:00,0
17/01/2015 16:00,0
17/01/2015 17:00,0
17/01/2015 18:00,0
17/01/2015 19:00,0
17/01/2015 20:00,0
17/01/2015 21:00,0
17/01/2015 22:00,0
17/01/2015 23:00,0
18/01/2015 00:00,0
18/01/2015 01:00,0
18/01/2015 02:00,0
18/01/2015 03:00,0
18/01/2015 04:00,0.00170044
18/01/2015 05:00,0.076194996
18/01/2015 06:00,0.227729366
18/01/2015 07:00,0.374134746
18/01/2015 08:00,0.49478546
18/01/2015 09:00,0.568695225
18/01/2015 10:00,0.581204311
18/01/2015 11:00,0.536406493
18/01/2015 12:00,0.467169057
18/01/2015 13:00,0.417513939
18/01/2015 14:00,0.248062985
18/01/2015 15:00,0.001551036
18/01/2015 16:00,0
18/01/2015 17:00,0
18/01/2015 18:00,0
18/01/2015 19:00,0
18/01/2015 20:00,0
18/01/2015 21:00,0
18/01/2015 22:00,0
18/01/2015 23:00,0
19/01/2015 00:00,0
19/01/2015 01:00,0
19/01/2015 02:00,0
19/01/2015 03:00,0
19/01/2015 04:00,0.001675505
19/01/2015 05:00,0.069858212
19/01/2015 06:00,0.212419227
19/01/2015 07:00,0.356898292
19/01/2015 08:00,0.471472215
19/01/2015 09:00,0.547516375
19/01/2015 10:00,0.568351181
19/01/2015 11:00,0.541482164
19/01/2015 12:00,0.480258615
19/01/2015 13:00,0.431072309
19/01/2015 14:00,0.279660677
19/01/2015 15:00,0.010720365
19/01/2015 16:00,0
19/01/2015 17:00,0
19/01/2015 18:00,0
19/01/2015 19:00,0
19/01/2015 20:00,0
19/01/2015 21:00,0
19/01/2015 22:00,0
19/01/2015 23:00,0
20/01/2015 00:00,0
20/01/2015 01:00,0
20/01/2015 02:00,0
20/01/2015 03:00,0
20/01/2015 04:00,0.001626212
20/01/2015 05:00,0.075671714
20/01/2015 06:00,0.227650546
20/01/2015 07:00,0.377621665
20/01/2015 08:00,0.505798417
20/01/2015 09:00,0.583682087
20/01/2015 10:00,0.599128067
20/01/2015 11:00,0.562964333
20/01/2015 12:00,0.496184201
20/01/2015 13:00,0.443707061
20/01/2015 14:00,0.230022005
20/01/2015 15:00,0.011961706
20/01/2015 16:00,0
20/01/2015 17:00,0
20/01/2015 18:00,0
20/01/2015 19:00,0
20/01/2015 20:00,0
20/01/2015 21:00,0
20/01/2015 22:00,0
20/01/2015 23:00,0
21/01/2015 00:00,0
21/01/2015 01:00,0
21/01/2015 02:00,0
21/01/2015 03:00,0
21/01/2015 04:00,0.001822867
21/01/2015 05:00,0.080589347
21/01/2015 06:00,0.238067123
21/01/2015 07:00,0.390039175
21/01/2015 08:00,0.513536228
21/01/2015 09:00,0.588270212
21/01/2015 10:00,0.599752595
21/01/2015 11:00,0.561710558
21/01/2015 12:00,0.500211038
21/01/2015 13:00,0.44665617
21/01/2015 14:00,0.244192862
21/01/2015 15:00,0.011823365
21/01/2015 16:00,0
21/01/2015 17:00,0
21/01/2015 18:00,0
21/01/2015 19:00,0
21/01/2015 20:00,0
21/01/2015 21:00,0
21/01/2015 22:00,0
21/01/2015 23:00,0
22/01/2015 00:00,0
22/01/2015 01:00,0
22/01/2015 02:00,0
22/01/2015 03:00,0
22/01/2015 04:00,0.001890301
22/01/2015 05:00,0.079230358
22/01/2015 06:00,0.230164763
22/01/2015 07:00,0.373840343
22/01/2015 08:00,0.492825716
22/01/2015 09:00,0.563236943
22/01/2015 10:00,0.572722644
22/01/2015 11:00,0.536262993
22/01/2015 12:00,0.478461203
22/01/2015 13:00,0.423015511
22/01/2015 14:00,0.274526477
22/01/2015 15:00,0.011341881
22/01/2015 16:00,0
22/01/2015 17:00,0
22/01/2015 18:00,0
22/01/2015 19:00,0
22/01/2015 20:00,0
22/01/2015 21:00,0
22/01/2015 22:00,0
22/01/2015 23:00,0
23/01/2015 00:00,0
23/01/2015 01:00,0
23/01/2015 02:00,0
23/01/2015 03:00,0
23/01/2015 04:00,0.001769525
23/01/2015 05:00,0.072245996
23/01/2015 06:00,0.216740454
23/01/2015 07:00,0.357274632
23/01/2015 08:00,0.477314759
23/01/2015 09:00,0.55979115
23/01/2015 10:00,0.573478042
23/01/2015 11:00,0.541971706
23/01/2015 12:00,0.485855818
23/01/2015 13:00,0.429875938
23/01/2015 14:00,0.278101756
23/01/2015 15:00,0.013021373
23/01/2015 16:00,0
23/01/2015 17:00,0
23/01/2015 18:00,0
23/01/2015 19:00,0
23/01/2015 20:00,0
23/01/2015 21:00,0
23/01/2015 22:00,0
23/01/2015 23:00,0
24/01/2015 00:00,0
24/01/2015 01:00,0
24/01/2015 02:00,0
24/01/2015 03:00,0
24/01/2015 04:00,0.001599789
24/01/2015 05:00,0.071590906
24/01/2015 06:00,0.218783626
24/01/2015 07:00,0.363248784
24/01/2015 08:00,0.485674628
24/01/2015 09:00,0.561188705
24/01/2015 10:00,0.575336142
24/01/2015 11:00,0.543386478
24/01/2015 12:00,0.479262126
24/01/2015 13:00,0.422871662
24/01/2015 14:00,0.261064612
24/01/2015 15:00,0.015347101
24/01/2015 16:00,0
24/01/2015 17:00,0
24/01/2015 18:00,0
24/01/2015 19:00,0
24/01/2015 20:00,0
24/01/2015 21:00,0
24/01/2015 22:00,0
24/01/2015 23:00,0
25/01/2015 00:00,0
25/01/2015 01:00,0
25/01/2015 02:00,0
25/01/2015 03:00,0
25/01/2015 04:00,0.001833506
25/01/2015 05:00,0.072865467
25/01/2015 06:00,0.212045167
25/01/2015 07:00,0.345432713
25/01/2015 08:00,0.4550688
25/01/2015 09:00,0.532107396
25/01/2015 10:00,0.542877228
25/01/2015 11:00,0.50807549
25/01/2015 12:00,0.457146834
25/01/2015 13:00,0.413836578
25/01/2015 14:00,0.273768132
25/01/2015 15:00,0.025232131
25/01/2015 16:00,0
25/01/2015 17:00,0
25/01/2015 18:00,0
25/01/2015 19:00,0
25/01/2015 20:00,0
25/01/2015 21:00,0
25/01/2015 22:00,0
25/01/2015 23:00,0
26/01/2015 00:00,0
26/01/2015 01:00,0
26/01/2015 02:00,0
26/01/2015 03:00,0
26/01/2015 04:00,0.001935635
26/01/2015 05:00,0.070755711
26/01/2015 06:00,0.210059439
26/01/2015 07:00,0.342155104
26/01/2015 08:00,0.453581097
26/01/2015 09:00,0.51711202
26/01/2015 10:00,0.533585433
26/01/2015 11:00,0.498641696
26/01/2015 12:00,0.455383123
26/01/2015 13:00,0.400746404
26/01/2015 14:00,0.293922437
26/01/2015 15:00,0.026206301
26/01/2015 16:00,0
26/01/2015 17:00,0
26/01/2015 18:00,0
26/01/2015 19:00,0
26/01/2015 20:00,0
26/01/2015 21:00,0
26/01/2015 22:00,0
26/01/2015 23:00,0
27/01/2015 00:00,0
27/01/2015 01:00,0
27/01/2015 02:00,0
27/01/2015 03:00,0
27/01/2015 04:00,0.001759981
27/01/2015 05:00,0.074436956
27/01/2015 06:00,0.221948113
27/01/2015 07:00,0.359167033
27/01/2015 08:00,0.474936777
27/01/2015 09:00,0.552986055
27/01/2015 10:00,0.562599288
27/01/2015 11:00,0.52856119
27/01/2015 12:00,0.475162491
27/01/2015 13:00,0.412840555
27/01/2015 14:00,0.272039241
27/01/2015 15:00,0.032103501
27/01/2015 16:00,0
27/01/2015 17:00,0
27/01/2015 18:00,0
27/01/2015 19:00,0
27/01/2015 20:00,0
27/01/2015 21:00,0
27/01/2015 22:00,0
27/01/2015 23:00,0
28/01/2015 00:00,0
28/01/2015 01:00,0
28/01/2015 02:00,0
28/01/2015 03:00,0
28/01/2015 04:00,0.002141822
28/01/2015 05:00,0.081809551
28/01/2015 06:00,0.235269439
28/01/2015 07:00,0.378643053
28/01/2015 08:00,0.509188582
28/01/2015 09:00,0.583259086
28/01/2015 10:00,0.595305695
28/01/2015 11:00,0.551627019
28/01/2015 12:00,0.490818152
28/01/2015 13:00,0.431398596
28/01/2015 14:00,0.287259347
28/01/2015 15:00,0.034690575
28/01/2015 16:00,0
28/01/2015 17:00,0
28/01/2015 18:00,0
28/01/2015 19:00,0
28/01/2015 20:00,0
28/01/2015 21:00,0
28/01/2015 22:00,0
28/01/2015 23:00,0
29/01/2015 00:00,0
29/01/2015 01:00,0
29/01/2015 02:00,0
29/01/2015 03:00,0
29/01/2015 04:00,0.00225912
29/01/2015 05:00,0.081974714
29/01/2015 06:00,0.233566063
29/01/2015 07:00,0.373955214
29/01/2015 08:00,0.497821212
29/01/2015 09:00,0.565986642
29/01/2015 10:00,0.582871162
29/01/2015 11:00,0.531844111
29/01/2015 12:00,0.465288574
29/01/2015 13:00,0.406723886
29/01/2015 14:00,0.278601276
29/01/2015 15:00,0.050991342
29/01/2015 16:00,0
29/01/2015 17:00,0
29/01/2015 18:00,0
29/01/2015 19:00,0
29/01/2015 20:00,0
29/01/2015 21:00,0
29/01/2015 22:00,0
29/01/2015 23:00,0
30/01/2015 00:00,0
30/01/2015 01:00,0
30/01/2015 02:00,0
30/01/2015 03:00,1.47146E-10
30/01/2015 04:00,0.001724097
30/01/2015 05:00,0.058035077
30/01/2015 06:00,0.187930331
30/01/2015 07:00,0.309888362
30/01/2015 08:00,0.423543359
30/01/2015 09:00,0.49784793
30/01/2015 10:00,0.509665923
30/01/2015 11:00,0.473829133
30/01/2015 12:00,0.419152652
30/01/2015 13:00,0.370463055
30/01/2015 14:00,0.299977782
30/01/2015 15:00,0.060073471
30/01/2015 16:00,0
30/01/2015 17:00,0
30/01/2015 18:00,0
30/01/2015 19:00,0
30/01/2015 20:00,0
30/01/2015 21:00,0
30/01/2015 22:00,0
30/01/2015 23:00,0
31/01/2015 00:00,0
31/01/2015 01:00,0
31/01/2015 02:00,0
31/01/2015 03:00,1.65457E-10
31/01/2015 04:00,0.002415913
31/01/2015 05:00,0.072994664
31/01/2015 06:00,0.205866639
31/01/2015 07:00,0.343449906
31/01/2015 08:00,0.461871134
31/01/2015 09:00,0.536273263
31/01/2015 10:00,0.539015219
31/01/2015 11:00,0.506305412
31/01/2015 12:00,0.446795651
31/01/2015 13:00,0.383294923
31/01/2015 14:00,0.282774869
31/01/2015 15:00,0.05715819
31/01/2015 16:00,0
31/01/2015 17:00,0
31/01/2015 18:00,0
31/01/2015 19:00,0
31/01/2015 20:00,0
31/01/2015 21:00,0
31/01/2015 22:00,0
31/01/2015 23:00,0
01/02/2015 00:00,0
01/02/2015 01:00,0
01/02/2015 02:00,0
01/02/2015 03:00,2.8127E-06
01/02/2015 04:00,0.002424909
01/02/2015 05:00,0.072403162
01/02/2015 06:00,0.207118049
01/02/2015 07:00,0.346660124
01/02/2015 08:00,0.447722219
01/02/2015 09:00,0.516216675
01/02/2015 10:00,0.515643784
01/02/2015 11:00,0.491557005
01/02/2015 12:00,0.438852277
01/02/2015 13:00,0.382357544
01/02/2015 14:00,0.288514246
01/02/2015 15:00,0.054014622
01/02/2015 16:00,0
01/02/2015 17:00,0
01/02/2015 18:00,0
01/02/2015 19:00,0
01/02/2015 20:00,0
01/02/2015 21:00,0
01/02/2015 22:00,0
01/02/2015 23:00,0
02/02/2015 00:00,0
02/02/2015 01:00,0
02/02/2015 02:00,0
02/02/2015 03:00,2.82141E-06
02/02/2015 04:00,0.002637095
02/02/2015 05:00,0.075847821
02/02/2015 06:00,0.219159245
02/02/2015 07:00,0.360255594
02/02/2015 08:00,0.478748782
02/02/2015 09:00,0.541867694
02/02/2015 10:00,0.554292316
02/02/2015 11:00,0.508344188
02/02/2015 12:00,0.434610376
02/02/2015 13:00,0.390850104
02/02/2015 14:00,0.2722953
02/02/2015 15:00,0.058447581
02/02/2015 16:00,0
02/02/2015 17:00,0
02/02/2015 18:00,0
02/02/2015 19:00,0
02/02/2015 20:00,0
02/02/2015 21:00,0
02/02/2015 22:00,0
02/02/2015 23:00,0
03/02/2015 00:00,0
03/02/2015 01:00,0
03/02/2015 02:00,0
03/02/2015 03:00,2.84726E-06
03/02/2015 04:00,0.003047603
03/02/2015 05:00,0.084778592
03/02/2015 06:00,0.233943375
03/02/2015 07:00,0.379575464
03/02/2015 08:00,0.500794191
03/02/2015 09:00,0.571809424
03/02/2015 10:00,0.577657732
03/02/2015 11:00,0.544336785
03/02/2015 12:00,0.483667786
03/02/2015 13:00,0.426816941
03/02/2015 14:00,0.290466879
03/02/2015 15:00,0.075362004
03/02/2015 16:00,0
03/02/2015 17:00,0
03/02/2015 18:00,0
03/02/2015 19:00,0
03/02/2015 20:00,0
03/02/2015 21:00,0
03/02/2015 22:00,0
03/02/2015 23:00,0
04/02/2015 00:00,0
04/02/2015 01:00,0
04/02/2015 02:00,0
04/02/2015 03:00,2.88989E-06
04/02/2015 04:00,0.003282946
04/02/2015 05:00,0.088737113
04/02/2015 06:00,0.242878688
04/02/2015 07:00,0.391487306
04/02/2015 08:00,0.514752223
04/02/2015 09:00,0.590682071
04/02/2015 10:00,0.603338458
04/02/2015 11:00,0.565459941
04/02/2015 12:00,0.497786899
04/02/2015 13:00,0.4380259
04/02/2015 14:00,0.306300093
04/02/2015 15:00,0.077955006
04/02/2015 16:00,0
04/02/2015 17:00,0
04/02/2015 18:00,0
04/02/2015 19:00,0
04/02/2015 20:00,0
04/02/2015 21:00,0
04/02/2015 22:00,0
04/02/2015 23:00,0
05/02/2015 00:00,0
05/02/2015 01:00,0
05/02/2015 02:00,0
05/02/2015 03:00,2.91806E-06
05/02/2015 04:00,0.003390352
05/02/2015 05:00,0.089558962
05/02/2015 06:00,0.242753239
05/02/2015 07:00,0.390621016
05/02/2015 08:00,0.509130501
05/02/2015 09:00,0.581165943
05/02/2015 10:00,0.592654515
05/02/2015 11:00,0.552266755
05/02/2015 12:00,0.483340871
05/02/2015 13:00,0.421096895
05/02/2015 14:00,0.298545653
05/02/2015 15:00,0.08600083
05/02/2015 16:00,0
05/02/2015 17:00,0
05/02/2015 18:00,0
05/02/2015 19:00,0
05/02/2015 20:00,0
05/02/2015 21:00,0
05/02/2015 22:00,0
05/02/2015 23:00,0
06/02/2015 00:00,0
06/02/2015 01:00,0
06/02/2015 02:00,0
06/02/2015 03:00,2.90754E-06
06/02/2015 04:00,0.00328897
06/02/2015 05:00,0.087649003
06/02/2015 06:00,0.236155949
06/02/2015 07:00,0.378926684
06/02/2015 08:00,0.497356197
06/02/2015 09:00,0.564666252
06/02/2015 10:00,0.577507855
06/02/2015 11:00,0.538718082
06/02/2015 12:00,0.469518907
06/02/2015 13:00,0.411785287
06/02/2015 14:00,0.290687489
06/02/2015 15:00,0.083227902
06/02/2015 16:00,0
06/02/2015 17:00,0
06/02/2015 18:00,0
06/02/2015 19:00,0
06/02/2015 20:00,0
06/02/2015 21:00,0
06/02/2015 22:00,0
06/02/2015 23:00,0
07/02/2015 00:00,0
07/02/2015 01:00,0
07/02/2015 02:00,0
07/02/2015 03:00,2.91023E-06
07/02/2015 04:00,0.002498671
07/02/2015 05:00,0.081799163
07/02/2015 06:00,0.230307592
07/02/2015 07:00,0.38112688
07/02/2015 08:00,0.505279399
07/02/2015 09:00,0.579120685
07/02/2015 10:00,0.592098105
07/02/2015 11:00,0.554338235
07/02/2015 12:00,0.48892624
07/02/2015 13:00,0.426621554
07/02/2015 14:00,0.274719278
07/02/2015 15:00,0.098632136
07/02/2015 16:00,0
07/02/2015 17:00,0
07/02/2015 18:00,0
07/02/2015 19:00,0
07/02/2015 20:00,0
07/02/2015 21:00,0
07/02/2015 22:00,0
07/02/2015 23:00,0
08/02/2015 00:00,0
08/02/2015 01:00,0
08/02/2015 02:00,0
08/02/2015 03:00,3.03078E-06
08/02/2015 04:00,0.003838958
08/02/2015 05:00,0.089359536
08/02/2015 06:00,0.238611521
08/02/2015 07:00,0.375419063
08/02/2015 08:00,0.488353994
08/02/2015 09:00,0.560326033
08/02/2015 10:00,0.570274855
08/02/2015 11:00,0.53526419
08/02/2015 12:00,0.47546231
08/02/2015 13:00,0.413405816
08/02/2015 14:00,0.298070022
08/02/2015 15:00,0.10492693
08/02/2015 16:00,0
08/02/2015 17:00,0
08/02/2015 18:00,0
08/02/2015 19:00,0
08/02/2015 20:00,0
08/02/2015 21:00,0
08/02/2015 22:00,0
08/02/2015 23:00,0
09/02/2015 00:00,0
09/02/2015 01:00,0
09/02/2015 02:00,0
09/02/2015 03:00,3.28138E-06
09/02/2015 04:00,0.004079852
09/02/2015 05:00,0.092519761
09/02/2015 06:00,0.243213687
09/02/2015 07:00,0.387448348
09/02/2015 08:00,0.506379995
09/02/2015 09:00,0.576470551
09/02/2015 10:00,0.58990677
09/02/2015 11:00,0.54979216
09/02/2015 12:00,0.48508855
09/02/2015 13:00,0.42236474
09/02/2015 14:00,0.286181011
09/02/2015 15:00,0.106310995
09/02/2015 16:00,0
09/02/2015 17:00,0
09/02/2015 18:00,0
09/02/2015 19:00,0
09/02/2015 20:00,0
09/02/2015 21:00,0
09/02/2015 22:00,0
09/02/2015 23:00,0
10/02/2015 00:00,0
10/02/2015 01:00,0
10/02/2015 02:00,0
10/02/2015 03:00,3.48806E-06
10/02/2015 04:00,0.003780628
10/02/2015 05:00,0.088153811
10/02/2015 06:00,0.234165254
10/02/2015 07:00,0.377088988
10/02/2015 08:00,0.484887173
10/02/2015 09:00,0.551772719
10/02/2015 10:00,0.555556551
10/02/2015 11:00,0.524056019
10/02/2015 12:00,0.461740476
10/02/2015 13:00,0.393624391
10/02/2015 14:00,0.305829551
10/02/2015 15:00,0.105637724
10/02/2015 16:00,0
10/02/2015 17:00,0
10/02/2015 18:00,0
10/02/2015 19:00,0
10/02/2015 20:00,0
10/02/2015 21:00,0
10/02/2015 22:00,0
10/02/2015 23:00,0
11/02/2015 00:00,0
11/02/2015 01:00,0
11/02/2015 02:00,0
11/02/2015 03:00,3.49321E-06
11/02/2015 04:00,0.003565234
11/02/2015 05:00,0.078280856
11/02/2015 06:00,0.221166076
11/02/2015 07:00,0.35449513
11/02/2015 08:00,0.460241692
11/02/2015 09:00,0.529289469
11/02/2015 10:00,0.549742179
11/02/2015 11:00,0.516010632
11/02/2015 12:00,0.451394519
11/02/2015 13:00,0.394638576
11/02/2015 14:00,0.330650979
11/02/2015 15:00,0.110556657
11/02/2015 16:00,0
11/02/2015 17:00,0
11/02/2015 18:00,0
11/02/2015 19:00,0
11/02/2015 20:00,0
11/02/2015 21:00,0
11/02/2015 22:00,0
11/02/2015 23:00,0
12/02/2015 00:00,0
12/02/2015 01:00,0
12/02/2015 02:00,0
12/02/2015 03:00,3.6793E-06
12/02/2015 04:00,0.004057715
12/02/2015 05:00,0.083525804
12/02/2015 06:00,0.226843586
12/02/2015 07:00,0.36485656
12/02/2015 08:00,0.477691142
12/02/2015 09:00,0.544663874
12/02/2015 10:00,0.555425973
12/02/2015 11:00,0.517957593
12/02/2015 12:00,0.452163562
12/02/2015 13:00,0.389530419
12/02/2015 14:00,0.310219367
12/02/2015 15:00,0.113859763
12/02/2015 16:00,0
12/02/2015 17:00,0
12/02/2015 18:00,0
12/02/2015 19:00,0
12/02/2015 20:00,0
12/02/2015 21:00,0
12/02/2015 22:00,0
12/02/2015 23:00,0
13/02/2015 00:00,0
13/02/2015 01:00,0
13/02/2015 02:00,0
13/02/2015 03:00,4.96744E-06
13/02/2015 04:00,0.00461987
13/02/2015 05:00,0.089041717
13/02/2015 06:00,0.2226421
13/02/2015 07:00,0.35307975
13/02/2015 08:00,0.465510517
13/02/2015 09:00,0.534898485
13/02/2015 10:00,0.552670239
13/02/2015 11:00,0.51668839
13/02/2015 12:00,0.467560793
13/02/2015 13:00,0.403457996
13/02/2015 14:00,0.29500577
13/02/2015 15:00,0.123394148
13/02/2015 16:00,0
13/02/2015 17:00,0
13/02/2015 18:00,0
13/02/2015 19:00,0
13/02/2015 20:00,0
13/02/2015 21:00,0
13/02/2015 22:00,0
13/02/2015 23:00,0
14/02/2015 00:00,0
14/02/2015 01:00,0
14/02/2015 02:00,0
14/02/2015 03:00,6.95938E-06
14/02/2015 04:00,0.003263791
14/02/2015 05:00,0.082029253
14/02/2015 06:00,0.227770892
14/02/2015 07:00,0.374589023
14/02/2015 08:00,0.492667428
14/02/2015 09:00,0.566885924
14/02/2015 10:00,0.586911707
14/02/2015 11:00,0.545448925
14/02/2015 12:00,0.479433502
14/02/2015 13:00,0.411104456
14/02/2015 14:00,0.3646622
14/02/2015 15:00,0.129074017
14/02/2015 16:00,0
14/02/2015 17:00,0
14/02/2015 18:00,0
14/02/2015 19:00,0
14/02/2015 20:00,0
14/02/2015 21:00,0
14/02/2015 22:00,0
14/02/2015 23:00,0
15/02/2015 00:00,0
15/02/2015 01:00,0
15/02/2015 02:00,0
15/02/2015 03:00,7.6754E-06
15/02/2015 04:00,0.005073572
15/02/2015 05:00,0.092133868
15/02/2015 06:00,0.232155657
15/02/2015 07:00,0.367235131
15/02/2015 08:00,0.477539825
15/02/2015 09:00,0.542398628
15/02/2015 10:00,0.547493371
15/02/2015 11:00,0.501147004
15/02/2015 12:00,0.431780011
15/02/2015 13:00,0.355678714
15/02/2015 14:00,0.245201491
15/02/2015 15:00,0.088318077
15/02/2015 16:00,0
15/02/2015 17:00,0
15/02/2015 18:00,0
15/02/2015 19:00,0
15/02/2015 20:00,0
15/02/2015 21:00,0
15/02/2015 22:00,0
15/02/2015 23:00,0
16/02/2015 00:00,0
16/02/2015 01:00,0
16/02/2015 02:00,0
16/02/2015 03:00,7.92345E-06
16/02/2015 04:00,0.003963116
16/02/2015 05:00,0.078266958
16/02/2015 06:00,0.201205754
16/02/2015 07:00,0.33251442
16/02/2015 08:00,0.437443259
16/02/2015 09:00,0.501191399
16/02/2015 10:00,0.51724831
16/02/2015 11:00,0.481128843
16/02/2015 12:00,0.42148025
16/02/2015 13:00,0.364433992
16/02/2015 14:00,0.254405382
16/02/2015 15:00,0.102324233
16/02/2015 16:00,0
16/02/2015 17:00,0
16/02/2015 18:00,0
16/02/2015 19:00,0
16/02/2015 20:00,0
16/02/2015 21:00,0
16/02/2015 22:00,0
16/02/2015 23:00,0
17/02/2015 00:00,0
17/02/2015 01:00,0
17/02/2015 02:00,0
17/02/2015 03:00,7.98351E-06
17/02/2015 04:00,0.005620776
17/02/2015 05:00,0.087908113
17/02/2015 06:00,0.222855157
17/02/2015 07:00,0.360356752
17/02/2015 08:00,0.472019738
17/02/2015 09:00,0.535822323
17/02/2015 10:00,0.553113185
17/02/2015 11:00,0.506738087
17/02/2015 12:00,0.44371633
17/02/2015 13:00,0.374133063
17/02/2015 14:00,0.282001461
17/02/2015 15:00,0.131875818
17/02/2015 16:00,0
17/02/2015 17:00,0
17/02/2015 18:00,0
17/02/2015 19:00,0
17/02/2015 20:00,0
17/02/2015 21:00,0
17/02/2015 22:00,0
17/02/2015 23:00,0
18/02/2015 00:00,0
18/02/2015 01:00,0
18/02/2015 02:00,0
18/02/2015 03:00,8.09028E-06
18/02/2015 04:00,0.004240012
18/02/2015 05:00,0.087936976
18/02/2015 06:00,0.233020856
18/02/2015 07:00,0.391361353
18/02/2015 08:00,0.508193778
18/02/2015 09:00,0.581919987
18/02/2015 10:00,0.594850281
18/02/2015 11:00,0.559173857
18/02/2015 12:00,0.489052943
18/02/2015 13:00,0.422062502
18/02/2015 14:00,0.313993298
18/02/2015 15:00,0.141369732
18/02/2015 16:00,0
18/02/2015 17:00,0
18/02/2015 18:00,0
18/02/2015 19:00,0
18/02/2015 20:00,0
18/02/2015 21:00,0
18/02/2015 22:00,0
18/02/2015 23:00,0
19/02/2015 00:00,0
19/02/2015 01:00,0
19/02/2015 02:00,0
19/02/2015 03:00,9.0653E-06
19/02/2015 04:00,0.006568243
19/02/2015 05:00,0.102785571
19/02/2015 06:00,0.249186721
19/02/2015 07:00,0.389199516
19/02/2015 08:00,0.509123707
19/02/2015 09:00,0.590138434
19/02/2015 10:00,0.607281306
19/02/2015 11:00,0.568441091
19/02/2015 12:00,0.494735414
19/02/2015 13:00,0.426896983
19/02/2015 14:00,0.320967927
19/02/2015 15:00,0.152782572
19/02/2015 16:00,0
19/02/2015 17:00,0
19/02/2015 18:00,0
19/02/2015 19:00,0
19/02/2015 20:00,0
19/02/2015 21:00,0
19/02/2015 22:00,0
19/02/2015 23:00,0
20/02/2015 00:00,0
20/02/2015 01:00,0
20/02/2015 02:00,0
20/02/2015 03:00,9.27997E-06
20/02/2015 04:00,0.006155563
20/02/2015 05:00,0.087739518
20/02/2015 06:00,0.221489568
20/02/2015 07:00,0.354245819
20/02/2015 08:00,0.453812786
20/02/2015 09:00,0.522152731
20/02/2015 10:00,0.531288352
20/02/2015 11:00,0.489935015
20/02/2015 12:00,0.424149697
20/02/2015 13:00,0.365047079
20/02/2015 14:00,0.336390031
20/02/2015 15:00,0.135380105
20/02/2015 16:00,0
20/02/2015 17:00,0
20/02/2015 18:00,0
20/02/2015 19:00,0
20/02/2015 20:00,0
20/02/2015 21:00,0
20/02/2015 22:00,0
20/02/2015 23:00,0
21/02/2015 00:00,0
21/02/2015 01:00,0
21/02/2015 02:00,0
21/02/2015 03:00,9.44327E-06
21/02/2015 04:00,0.006666502
21/02/2015 05:00,0.095397991
21/02/2015 06:00,0.234881896
21/02/2015 07:00,0.373022256
21/02/2015 08:00,0.484267072
21/02/2015 09:00,0.551814316
21/02/2015 10:00,0.563190637
21/02/2015 11:00,0.525662087
21/02/2015 12:00,0.457352936
21/02/2015 13:00,0.392635532
21/02/2015 14:00,0.314135716
21/02/2015 15:00,0.132177018
21/02/2015 16:00,0
21/02/2015 17:00,0
21/02/2015 18:00,0
21/02/2015 19:00,0
21/02/2015 20:00,0
21/02/2015 21:00,0
21/02/2015 22:00,0
21/02/2015 23:00,0
22/02/2015 00:00,0
22/02/2015 01:00,0
22/02/2015 02:00,0
22/02/2015 03:00,9.61515E-06
22/02/2015 04:00,0.004037334
22/02/2015 05:00,0.080584861
22/02/2015 06:00,0.205961937
22/02/2015 07:00,0.343174357
22/02/2015 08:00,0.450060948
22/02/2015 09:00,0.548080591
22/02/2015 10:00,0.564218648
22/02/2015 11:00,0.532941137
22/02/2015 12:00,0.467035136
22/02/2015 13:00,0.404823779
22/02/2015 14:00,0.333148989
22/02/2015 15:00,0.146744334
22/02/2015 16:00,0
22/02/2015 17:00,0
22/02/2015 18:00,0
22/02/2015 19:00,0
22/02/2015 20:00,0
22/02/2015 21:00,0
22/02/2015 22:00,0
22/02/2015 23:00,0
23/02/2015 00:00,0
23/02/2015 01:00,0
23/02/2015 02:00,0
23/02/2015 03:00,9.82129E-06
23/02/2015 04:00,0.006622626
23/02/2015 05:00,0.086354196
23/02/2015 06:00,0.202123349
23/02/2015 07:00,0.3199623
23/02/2015 08:00,0.40355058
23/02/2015 09:00,0.486653515
23/02/2015 10:00,0.491690791
23/02/2015 11:00,0.442828241
23/02/2015 12:00,0.382497689
23/02/2015 13:00,0.327363795
23/02/2015 14:00,0.290415705
23/02/2015 15:00,0.120632669
23/02/2015 16:00,0
23/02/2015 17:00,0
23/02/2015 18:00,0
23/02/2015 19:00,0
23/02/2015 20:00,0
23/02/2015 21:00,0
23/02/2015 22:00,0
23/02/2015 23:00,0
24/02/2015 00:00,0
24/02/2015 01:00,0
24/02/2015 02:00,0
24/02/2015 03:00,9.78886E-06
24/02/2015 04:00,0.004113555
24/02/2015 05:00,0.06515544
24/02/2015 06:00,0.182066509
24/02/2015 07:00,0.280483114
24/02/2015 08:00,0.371065459
24/02/2015 09:00,0.447227822
24/02/2015 10:00,0.45736399
24/02/2015 11:00,0.423197761
24/02/2015 12:00,0.355376343
24/02/2015 13:00,0.301844414
24/02/2015 14:00,0.263560324
24/02/2015 15:00,0.121395704
24/02/2015 16:00,0
24/02/2015 17:00,0
24/02/2015 18:00,0
24/02/2015 19:00,0
24/02/2015 20:00,0
24/02/2015 21:00,0
24/02/2015 22:00,0
24/02/2015 23:00,0
25/02/2015 00:00,0
25/02/2015 01:00,0
25/02/2015 02:00,0
25/02/2015 03:00,1.0345E-05
25/02/2015 04:00,0.006142885
25/02/2015 05:00,0.099448894
25/02/2015 06:00,0.242720689
25/02/2015 07:00,0.391306513
25/02/2015 08:00,0.513450806
25/02/2015 09:00,0.582694745
25/02/2015 10:00,0.587589773
25/02/2015 11:00,0.542890165
25/02/2015 12:00,0.473542819
25/02/2015 13:00,0.403477753
25/02/2015 14:00,0.365241924
25/02/2015 15:00,0.148659911
25/02/2015 16:00,0
25/02/2015 17:00,0
25/02/2015 18:00,0
25/02/2015 19:00,0
25/02/2015 20:00,0
25/02/2015 21:00,0
25/02/2015 22:00,0
25/02/2015 23:00,0
26/02/2015 00:00,0
26/02/2015 01:00,0
26/02/2015 02:00,0
26/02/2015 03:00,1.1075E-05
26/02/2015 04:00,0.007041347
26/02/2015 05:00,0.093021213
26/02/2015 06:00,0.225001798
26/02/2015 07:00,0.356112687
26/02/2015 08:00,0.476618126
26/02/2015 09:00,0.540385938
26/02/2015 10:00,0.556349616
26/02/2015 11:00,0.496336456
26/02/2015 12:00,0.41432971
26/02/2015 13:00,0.345231912
26/02/2015 14:00,0.308210421
26/02/2015 15:00,0.136679928
26/02/2015 16:00,0
26/02/2015 17:00,0
26/02/2015 18:00,0
26/02/2015 19:00,0
26/02/2015 20:00,0
26/02/2015 21:00,0
26/02/2015 22:00,0
26/02/2015 23:00,0
27/02/2015 00:00,0
27/02/2015 01:00,0
27/02/2015 02:00,0
27/02/2015 03:00,1.12547E-05
27/02/2015 04:00,0.007356267
27/02/2015 05:00,0.108319321
27/02/2015 06:00,0.246380087
27/02/2015 07:00,0.389422466
27/02/2015 08:00,0.502043997
27/02/2015 09:00,0.560282836
27/02/2015 10:00,0.573931877
27/02/2015 11:00,0.523264376
27/02/2015 12:00,0.449206579
27/02/2015 13:00,0.384789727
27/02/2015 14:00,0.349387896
27/02/2015 15:00,0.151704914
27/02/2015 16:00,0
27/02/2015 17:00,0
27/02/2015 18:00,0
27/02/2015 19:00,0
27/02/2015 20:00,0
27/02/2015 21:00,0
27/02/2015 22:00,0
27/02/2015 23:00,0
28/02/2015 00:00,0
28/02/2015 01:00,0
28/02/2015 02:00,0
28/02/2015 03:00,1.19096E-05
28/02/2015 04:00,0.00942047
28/02/2015 05:00,0.113336091
28/02/2015 06:00,0.257369384
28/02/2015 07:00,0.4053526
28/02/2015 08:00,0.521410898
28/02/2015 09:00,0.590789885
28/02/2015 10:00,0.599339547
28/02/2015 11:00,0.551633392
28/02/2015 12:00,0.46939773
28/02/2015 13:00,0.398085016
28/02/2015 14:00,0.332506842
28/02/2015 15:00,0.136560969
28/02/2015 16:00,0
28/02/2015 17:00,0
28/02/2015 18:00,0
28/02/2015 19:00,0
28/02/2015 20:00,0
28/02/2015 21:00,0
28/02/2015 22:00,0
28/02/2015 23:00,0
01/03/2015 00:00,0
01/03/2015 01:00,0
01/03/2015 02:00,0
01/03/2015 03:00,2.1455E-07
01/03/2015 04:00,0.00664384
01/03/2015 05:00,0.092295687
01/03/2015 06:00,0.22096942
01/03/2015 07:00,0.379020184
01/03/2015 08:00,0.497059465
01/03/2015 09:00,0.561462511
01/03/2015 10:00,0.576057029
01/03/2015 11:00,0.537025785
01/03/2015 12:00,0.463509807
01/03/2015 13:00,0.394919767
01/03/2015 14:00,0.335405281
01/03/2015 15:00,0.128213868
01/03/2015 16:00,0
01/03/2015 17:00,0
01/03/2015 18:00,0
01/03/2015 19:00,0
01/03/2015 20:00,0
01/03/2015 21:00,0
01/03/2015 22:00,0
01/03/2015 23:00,0
02/03/2015 00:00,0
02/03/2015 01:00,0
02/03/2015 02:00,0
02/03/2015 03:00,1.6596E-07
02/03/2015 04:00,0.007473658
02/03/2015 05:00,0.101247229
02/03/2015 06:00,0.233978535
02/03/2015 07:00,0.377771845
02/03/2015 08:00,0.487487547
02/03/2015 09:00,0.554173479
02/03/2015 10:00,0.574804256
02/03/2015 11:00,0.542391688
02/03/2015 12:00,0.477280052
02/03/2015 13:00,0.410652278
02/03/2015 14:00,0.335682642
02/03/2015 15:00,0.133819046
02/03/2015 16:00,0
02/03/2015 17:00,0
02/03/2015 18:00,0
02/03/2015 19:00,0
02/03/2015 20:00,0
02/03/2015 21:00,0
02/03/2015 22:00,0
02/03/2015 23:00,0
03/03/2015 00:00,0
03/03/2015 01:00,0
03/03/2015 02:00,0
03/03/2015 03:00,2.92553E-07
03/03/2015 04:00,0.012264478
03/03/2015 05:00,0.123174207
03/03/2015 06:00,0.268628903
03/03/2015 07:00,0.416479326
03/03/2015 08:00,0.534978569
03/03/2015 09:00,0.604049791
03/03/2015 10:00,0.609666842
03/03/2015 11:00,0.560790458
03/03/2015 12:00,0.478122516
03/03/2015 13:00,0.408831602
03/03/2015 14:00,0.332248311
03/03/2015 15:00,0.132168925
03/03/2015 16:00,0
03/03/2015 17:00,0
03/03/2015 18:00,0
03/03/2015 19:00,0
03/03/2015 20:00,0
03/03/2015 21:00,0
03/03/2015 22:00,0
03/03/2015 23:00,0
04/03/2015 00:00,0
04/03/2015 01:00,0
04/03/2015 02:00,0
04/03/2015 03:00,3.86545E-07
04/03/2015 04:00,0.013203094
04/03/2015 05:00,0.124678712
04/03/2015 06:00,0.270576762
04/03/2015 07:00,0.414990434
04/03/2015 08:00,0.531080529
04/03/2015 09:00,0.596054934
04/03/2015 10:00,0.591562604
04/03/2015 11:00,0.55258296
04/03/2015 12:00,0.46720646
04/03/2015 13:00,0.399605746
04/03/2015 14:00,0.31851284
04/03/2015 15:00,0.141118934
04/03/2015 16:00,0
04/03/2015 17:00,0
04/03/2015 18:00,0
04/03/2015 19:00,0
04/03/2015 20:00,0
04/03/2015 21:00,0
04/03/2015 22:00,0
04/03/2015 23:00,0
05/03/2015 00:00,0
05/03/2015 01:00,0
05/03/2015 02:00,0
05/03/2015 03:00,4.81152E-07
05/03/2015 04:00,0.013147379
05/03/2015 05:00,0.114765484
05/03/2015 06:00,0.251175827
05/03/2015 07:00,0.382254544
05/03/2015 08:00,0.494456688
05/03/2015 09:00,0.564781469
05/03/2015 10:00,0.572592486
05/03/2015 11:00,0.525398439
05/03/2015 12:00,0.440835114
05/03/2015 13:00,0.372298999
05/03/2015 14:00,0.314202045
05/03/2015 15:00,0.134877277
05/03/2015 16:00,0
05/03/2015 17:00,0
05/03/2015 18:00,0
05/03/2015 19:00,0
05/03/2015 20:00,0
05/03/2015 21:00,0
05/03/2015 22:00,0
05/03/2015 23:00,0
06/03/2015 00:00,0
06/03/2015 01:00,0
06/03/2015 02:00,0
06/03/2015 03:00,5.58062E-07
06/03/2015 04:00,0.014334756
06/03/2015 05:00,0.126066
06/03/2015 06:00,0.269181661
06/03/2015 07:00,0.412930511
06/03/2015 08:00,0.527727821
06/03/2015 09:00,0.593730579
06/03/2015 10:00,0.601737059
06/03/2015 11:00,0.553892492
06/03/2015 12:00,0.474936443
06/03/2015 13:00,0.397055166
06/03/2015 14:00,0.327982387
06/03/2015 15:00,0.125588856
06/03/2015 16:00,0
06/03/2015 17:00,0
06/03/2015 18:00,0
06/03/2015 19:00,0
06/03/2015 20:00,0
06/03/2015 21:00,0
06/03/2015 22:00,0
06/03/2015 23:00,0
07/03/2015 00:00,0
07/03/2015 01:00,0
07/03/2015 02:00,0
07/03/2015 03:00,6.39138E-07
07/03/2015 04:00,0.015216534
07/03/2015 05:00,0.130498529
07/03/2015 06:00,0.275745401
07/03/2015 07:00,0.422257785
07/03/2015 08:00,0.536712792
07/03/2015 09:00,0.603430493
07/03/2015 10:00,0.612758243
07/03/2015 11:00,0.56648063
07/03/2015 12:00,0.483240863
07/03/2015 13:00,0.411852054
07/03/2015 14:00,0.324043652
07/03/2015 15:00,0.124510767
07/03/2015 16:00,0
07/03/2015 17:00,0
07/03/2015 18:00,0
07/03/2015 19:00,0
07/03/2015 20:00,0
07/03/2015 21:00,0
07/03/2015 22:00,0
07/03/2015 23:00,0
08/03/2015 00:00,0
08/03/2015 01:00,0
08/03/2015 02:00,0
08/03/2015 03:00,7.24644E-07
08/03/2015 04:00,0.016710047
08/03/2015 05:00,0.134637018
08/03/2015 06:00,0.279350214
08/03/2015 07:00,0.42502746
08/03/2015 08:00,0.538886082
08/03/2015 09:00,0.604887857
08/03/2015 10:00,0.614013471
08/03/2015 11:00,0.567835805
08/03/2015 12:00,0.486193762
08/03/2015 13:00,0.412975611
08/03/2015 14:00,0.326736077
08/03/2015 15:00,0.12585645
08/03/2015 16:00,0
08/03/2015 17:00,0
08/03/2015 18:00,0
08/03/2015 19:00,0
08/03/2015 20:00,0
08/03/2015 21:00,0
08/03/2015 22:00,0
08/03/2015 23:00,0
09/03/2015 00:00,0
09/03/2015 01:00,0
09/03/2015 02:00,0
09/03/2015 03:00,2.62557E-06
09/03/2015 04:00,0.017531545
09/03/2015 05:00,0.13604152
09/03/2015 06:00,0.280045936
09/03/2015 07:00,0.425801191
09/03/2015 08:00,0.540969679
09/03/2015 09:00,0.608690105
09/03/2015 10:00,0.61884764
09/03/2015 11:00,0.570781457
09/03/2015 12:00,0.484187276
09/03/2015 13:00,0.41239967
09/03/2015 14:00,0.337198219
09/03/2015 15:00,0.12711555
09/03/2015 16:00,0
09/03/2015 17:00,0
09/03/2015 18:00,0
09/03/2015 19:00,0
09/03/2015 20:00,0
09/03/2015 21:00,0
09/03/2015 22:00,0
09/03/2015 23:00,0
10/03/2015 00:00,0
10/03/2015 01:00,0
10/03/2015 02:00,0
10/03/2015 03:00,3.31093E-06
10/03/2015 04:00,0.018087527
10/03/2015 05:00,0.137238691
10/03/2015 06:00,0.280323719
10/03/2015 07:00,0.427847905
10/03/2015 08:00,0.54468283
10/03/2015 09:00,0.613060314
10/03/2015 10:00,0.622478804
10/03/2015 11:00,0.573678618
10/03/2015 12:00,0.491217032
10/03/2015 13:00,0.417215103
10/03/2015 14:00,0.344303299
10/03/2015 15:00,0.115457378
10/03/2015 16:00,0
10/03/2015 17:00,0
10/03/2015 18:00,0
10/03/2015 19:00,0
10/03/2015 20:00,0
10/03/2015 21:00,0
10/03/2015 22:00,0
10/03/2015 23:00,0
11/03/2015 00:00,0
11/03/2015 01:00,0
11/03/2015 02:00,0
11/03/2015 03:00,5.14013E-06
11/03/2015 04:00,0.018805409
11/03/2015 05:00,0.138954671
11/03/2015 06:00,0.283203922
11/03/2015 07:00,0.428883859
11/03/2015 08:00,0.544892707
11/03/2015 09:00,0.609893448
11/03/2015 10:00,0.61621967
11/03/2015 11:00,0.567986755
11/03/2015 12:00,0.487050229
11/03/2015 13:00,0.411070582
11/03/2015 14:00,0.345449359
11/03/2015 15:00,0.118896982
11/03/2015 16:00,0
11/03/2015 17:00,0
11/03/2015 18:00,0
11/03/2015 19:00,0
11/03/2015 20:00,0
11/03/2015 21:00,0
11/03/2015 22:00,0
11/03/2015 23:00,0
12/03/2015 00:00,0
12/03/2015 01:00,0
12/03/2015 02:00,0
12/03/2015 03:00,6.19995E-06
12/03/2015 04:00,0.017552685
12/03/2015 05:00,0.133408235
12/03/2015 06:00,0.279706993
12/03/2015 07:00,0.426433902
12/03/2015 08:00,0.542173138
12/03/2015 09:00,0.609287634
12/03/2015 10:00,0.61912071
12/03/2015 11:00,0.567762863
12/03/2015 12:00,0.486701447
12/03/2015 13:00,0.413219339
12/03/2015 14:00,0.355656596
12/03/2015 15:00,0.106299422
12/03/2015 16:00,0
12/03/2015 17:00,0
12/03/2015 18:00,0
12/03/2015 19:00,0
12/03/2015 20:00,0
12/03/2015 21:00,0
12/03/2015 22:00,0
12/03/2015 23:00,0
13/03/2015 00:00,0
13/03/2015 01:00,0
13/03/2015 02:00,0
13/03/2015 03:00,8.58499E-06
13/03/2015 04:00,0.021132009
13/03/2015 05:00,0.144298856
13/03/2015 06:00,0.290123254
13/03/2015 07:00,0.437978062
13/03/2015 08:00,0.553155181
13/03/2015 09:00,0.618034767
13/03/2015 10:00,0.623127218
13/03/2015 11:00,0.573900354
13/03/2015 12:00,0.488651276
13/03/2015 13:00,0.4131876
13/03/2015 14:00,0.348378258
13/03/2015 15:00,0.105583092
13/03/2015 16:00,0
13/03/2015 17:00,0
13/03/2015 18:00,0
13/03/2015 19:00,0
13/03/2015 20:00,0
13/03/2015 21:00,0
13/03/2015 22:00,0
13/03/2015 23:00,0
14/03/2015 00:00,0
14/03/2015 01:00,0
14/03/2015 02:00,0
14/03/2015 03:00,1.31775E-05
14/03/2015 04:00,0.02230149
14/03/2015 05:00,0.145291103
14/03/2015 06:00,0.28999247
14/03/2015 07:00,0.437169917
14/03/2015 08:00,0.550711171
14/03/2015 09:00,0.61568628
14/03/2015 10:00,0.621548083
14/03/2015 11:00,0.571161177
14/03/2015 12:00,0.48608265
14/03/2015 13:00,0.40893159
14/03/2015 14:00,0.344916674
14/03/2015 15:00,0.103918671
14/03/2015 16:00,0
14/03/2015 17:00,0
14/03/2015 18:00,0
14/03/2015 19:00,0
14/03/2015 20:00,0
14/03/2015 21:00,0
14/03/2015 22:00,0
14/03/2015 23:00,0
15/03/2015 00:00,0
15/03/2015 01:00,0
15/03/2015 02:00,0
15/03/2015 03:00,1.87246E-05
15/03/2015 04:00,0.022973945
15/03/2015 05:00,0.145248623
15/03/2015 06:00,0.287929704
15/03/2015 07:00,0.432837565
15/03/2015 08:00,0.544445734
15/03/2015 09:00,0.607418827
15/03/2015 10:00,0.610369093
15/03/2015 11:00,0.553616435
15/03/2015 12:00,0.470455815
15/03/2015 13:00,0.393448019
15/03/2015 14:00,0.332833921
15/03/2015 15:00,0.117772756
15/03/2015 16:00,0
15/03/2015 17:00,0
15/03/2015 18:00,0
15/03/2015 19:00,0
15/03/2015 20:00,0
15/03/2015 21:00,0
15/03/2015 22:00,0
15/03/2015 23:00,0
16/03/2015 00:00,0
16/03/2015 01:00,0
16/03/2015 02:00,0
16/03/2015 03:00,2.48907E-05
16/03/2015 04:00,0.021645901
16/03/2015 05:00,0.133161402
16/03/2015 06:00,0.258591023
16/03/2015 07:00,0.381186343
16/03/2015 08:00,0.475493708
16/03/2015 09:00,0.5272372
16/03/2015 10:00,0.529204831
16/03/2015 11:00,0.500859482
16/03/2015 12:00,0.42995963
16/03/2015 13:00,0.356381754
16/03/2015 14:00,0.294092626
16/03/2015 15:00,0.097584564
16/03/2015 16:00,0
16/03/2015 17:00,0
16/03/2015 18:00,0
16/03/2015 19:00,0
16/03/2015 20:00,0
16/03/2015 21:00,0
16/03/2015 22:00,0
16/03/2015 23:00,0
17/03/2015 00:00,0
17/03/2015 01:00,0
17/03/2015 02:00,0
17/03/2015 03:00,3.16238E-05
17/03/2015 04:00,0.024946327
17/03/2015 05:00,0.148913721
17/03/2015 06:00,0.292776458
17/03/2015 07:00,0.435850199
17/03/2015 08:00,0.546262064
17/03/2015 09:00,0.608244422
17/03/2015 10:00,0.613995464
17/03/2015 11:00,0.564328511
17/03/2015 12:00,0.482367307
17/03/2015 13:00,0.406609408
17/03/2015 14:00,0.340366714
17/03/2015 15:00,0.099226654
17/03/2015 16:00,0
17/03/2015 17:00,0
17/03/2015 18:00,0
17/03/2015 19:00,0
17/03/2015 20:00,0
17/03/2015 21:00,0
17/03/2015 22:00,0
17/03/2015 23:00,0
18/03/2015 00:00,0
18/03/2015 01:00,0
18/03/2015 02:00,0
18/03/2015 03:00,4.3928E-05
18/03/2015 04:00,0.026411256
18/03/2015 05:00,0.151179653
18/03/2015 06:00,0.293738582
18/03/2015 07:00,0.440491674
18/03/2015 08:00,0.553627819
18/03/2015 09:00,0.616531825
18/03/2015 10:00,0.616274426
18/03/2015 11:00,0.561178383
18/03/2015 12:00,0.47803287
18/03/2015 13:00,0.394542219
18/03/2015 14:00,0.330442718
18/03/2015 15:00,0.108675335
18/03/2015 16:00,0
18/03/2015 17:00,0
18/03/2015 18:00,0
18/03/2015 19:00,0
18/03/2015 20:00,0
18/03/2015 21:00,0
18/03/2015 22:00,0
18/03/2015 23:00,0
19/03/2015 00:00,0
19/03/2015 01:00,0
19/03/2015 02:00,0
19/03/2015 03:00,5.77498E-05
19/03/2015 04:00,0.027355993
19/03/2015 05:00,0.151071464
19/03/2015 06:00,0.29177035
19/03/2015 07:00,0.435046593
19/03/2015 08:00,0.545772848
19/03/2015 09:00,0.607154577
19/03/2015 10:00,0.607890796
19/03/2015 11:00,0.557474107
19/03/2015 12:00,0.47284782
19/03/2015 13:00,0.383585003
19/03/2015 14:00,0.32538539
19/03/2015 15:00,0.099525511
19/03/2015 16:00,0
19/03/2015 17:00,0
19/03/2015 18:00,0
19/03/2015 19:00,0
19/03/2015 20:00,0
19/03/2015 21:00,0
19/03/2015 22:00,0
19/03/2015 23:00,0
20/03/2015 00:00,0
20/03/2015 01:00,0
20/03/2015 02:00,0
20/03/2015 03:00,7.04752E-05
20/03/2015 04:00,0.028618857
20/03/2015 05:00,0.152258364
20/03/2015 06:00,0.292387048
20/03/2015 07:00,0.435315095
20/03/2015 08:00,0.543886811
20/03/2015 09:00,0.601198399
20/03/2015 10:00,0.600544185
20/03/2015 11:00,0.54055626
20/03/2015 12:00,0.457645652
20/03/2015 13:00,0.370723528
20/03/2015 14:00,0.30845372
20/03/2015 15:00,0.104163168
20/03/2015 16:00,0
20/03/2015 17:00,0
20/03/2015 18:00,0
20/03/2015 19:00,0
20/03/2015 20:00,0
20/03/2015 21:00,0
20/03/2015 22:00,0
20/03/2015 23:00,0
21/03/2015 00:00,0
21/03/2015 01:00,0
21/03/2015 02:00,0
21/03/2015 03:00,8.84776E-05
21/03/2015 04:00,0.028987759
21/03/2015 05:00,0.148645058
21/03/2015 06:00,0.28995854
21/03/2015 07:00,0.429279058
21/03/2015 08:00,0.542944861
21/03/2015 09:00,0.603305857
21/03/2015 10:00,0.595585192
21/03/2015 11:00,0.548573512
21/03/2015 12:00,0.452779162
21/03/2015 13:00,0.371904179
21/03/2015 14:00,0.31199486
21/03/2015 15:00,0.113054211
21/03/2015 16:00,0
21/03/2015 17:00,0
21/03/2015 18:00,0
21/03/2015 19:00,0
21/03/2015 20:00,0
21/03/2015 21:00,0
21/03/2015 22:00,0
21/03/2015 23:00,0
22/03/2015 00:00,0
22/03/2015 01:00,0
22/03/2015 02:00,0
22/03/2015 03:00,0.000114616
22/03/2015 04:00,0.031496059
22/03/2015 05:00,0.15622294
22/03/2015 06:00,0.296434318
22/03/2015 07:00,0.439833715
22/03/2015 08:00,0.543647265
22/03/2015 09:00,0.602104595
22/03/2015 10:00,0.600321722
22/03/2015 11:00,0.544218324
22/03/2015 12:00,0.459924028
22/03/2015 13:00,0.386908636
22/03/2015 14:00,0.326145835
22/03/2015 15:00,0.137764548
22/03/2015 16:00,0
22/03/2015 17:00,0
22/03/2015 18:00,0
22/03/2015 19:00,0
22/03/2015 20:00,0
22/03/2015 21:00,0
22/03/2015 22:00,0
22/03/2015 23:00,0
23/03/2015 00:00,0
23/03/2015 01:00,0
23/03/2015 02:00,0
23/03/2015 03:00,0.000140839
23/03/2015 04:00,0.033126232
23/03/2015 05:00,0.157639905
23/03/2015 06:00,0.294857552
23/03/2015 07:00,0.439203844
23/03/2015 08:00,0.551041103
23/03/2015 09:00,0.611119411
23/03/2015 10:00,0.615007461
23/03/2015 11:00,0.563072226
23/03/2015 12:00,0.476550016
23/03/2015 13:00,0.400972471
23/03/2015 14:00,0.330822085
23/03/2015 15:00,0.11510017
23/03/2015 16:00,0
23/03/2015 17:00,0
23/03/2015 18:00,0
23/03/2015 19:00,0
23/03/2015 20:00,0
23/03/2015 21:00,0
23/03/2015 22:00,0
23/03/2015 23:00,0
24/03/2015 00:00,0
24/03/2015 01:00,0
24/03/2015 02:00,0
24/03/2015 03:00,0.000171546
24/03/2015 04:00,0.034274864
24/03/2015 05:00,0.158858677
24/03/2015 06:00,0.296960637
24/03/2015 07:00,0.440768382
24/03/2015 08:00,0.547213471
24/03/2015 09:00,0.614293004
24/03/2015 10:00,0.614480954
24/03/2015 11:00,0.565190165
24/03/2015 12:00,0.478860405
24/03/2015 13:00,0.40054011
24/03/2015 14:00,0.332399101
24/03/2015 15:00,0.12107192
24/03/2015 16:00,0
24/03/2015 17:00,0
24/03/2015 18:00,0
24/03/2015 19:00,0
24/03/2015 20:00,0
24/03/2015 21:00,0
24/03/2015 22:00,0
24/03/2015 23:00,0
25/03/2015 00:00,0
25/03/2015 01:00,0
25/03/2015 02:00,0
25/03/2015 03:00,0.000196943
25/03/2015 04:00,0.036218008
25/03/2015 05:00,0.162512646
25/03/2015 06:00,0.302560154
25/03/2015 07:00,0.444630603
25/03/2015 08:00,0.557430645
25/03/2015 09:00,0.616581432
25/03/2015 10:00,0.619213683
25/03/2015 11:00,0.566836483
25/03/2015 12:00,0.480805223
25/03/2015 13:00,0.402695765
25/03/2015 14:00,0.331678482
25/03/2015 15:00,0.109142078
25/03/2015 16:00,0
25/03/2015 17:00,0
25/03/2015 18:00,0
25/03/2015 19:00,0
25/03/2015 20:00,0
25/03/2015 21:00,0
25/03/2015 22:00,0
25/03/2015 23:00,0
26/03/2015 00:00,0
26/03/2015 01:00,0
26/03/2015 02:00,0
26/03/2015 03:00,0.000231845
26/03/2015 04:00,0.039021827
26/03/2015 05:00,0.168847664
26/03/2015 06:00,0.309297548
26/03/2015 07:00,0.459148926
26/03/2015 08:00,0.570105506
26/03/2015 09:00,0.629455294
26/03/2015 10:00,0.629260787
26/03/2015 11:00,0.574156035
26/03/2015 12:00,0.47915279
26/03/2015 13:00,0.399995924
26/03/2015 14:00,0.327106162
26/03/2015 15:00,0.119331818
26/03/2015 16:00,0
26/03/2015 17:00,0
26/03/2015 18:00,0
26/03/2015 19:00,0
26/03/2015 20:00,0
26/03/2015 21:00,0
26/03/2015 22:00,0
26/03/2015 23:00,0
27/03/2015 00:00,0
27/03/2015 01:00,0
27/03/2015 02:00,0
27/03/2015 03:00,0.00026873
27/03/2015 04:00,0.038208239
27/03/2015 05:00,0.164620808
27/03/2015 06:00,0.305174233
27/03/2015 07:00,0.443749016
27/03/2015 08:00,0.546754807
27/03/2015 09:00,0.603754534
27/03/2015 10:00,0.600833522
27/03/2015 11:00,0.547777798
27/03/2015 12:00,0.46175171
27/03/2015 13:00,0.382211544
27/03/2015 14:00,0.309306425
27/03/2015 15:00,0.134505032
27/03/2015 16:00,0
27/03/2015 17:00,0
27/03/2015 18:00,0
27/03/2015 19:00,0
27/03/2015 20:00,0
27/03/2015 21:00,0
27/03/2015 22:00,0
27/03/2015 23:00,0
28/03/2015 00:00,0
28/03/2015 01:00,0
28/03/2015 02:00,0
28/03/2015 03:00,0.000330883
28/03/2015 04:00,0.03897226
28/03/2015 05:00,0.159541244
28/03/2015 06:00,0.291316301
28/03/2015 07:00,0.42875409
28/03/2015 08:00,0.528975747
28/03/2015 09:00,0.586458736
28/03/2015 10:00,0.594527309
28/03/2015 11:00,0.547177577
28/03/2015 12:00,0.460806198
28/03/2015 13:00,0.383121593
28/03/2015 14:00,0.324234458
28/03/2015 15:00,0.120864461
28/03/2015 16:00,0
28/03/2015 17:00,0
28/03/2015 18:00,0
28/03/2015 19:00,0
28/03/2015 20:00,0
28/03/2015 21:00,0
28/03/2015 22:00,0
28/03/2015 23:00,0
29/03/2015 00:00,0
29/03/2015 01:00,0
29/03/2015 02:00,0
29/03/2015 03:00,0.000384379
29/03/2015 04:00,0.040608968
29/03/2015 05:00,0.163534235
29/03/2015 06:00,0.296842681
29/03/2015 07:00,0.43760367
29/03/2015 08:00,0.542027159
29/03/2015 09:00,0.602237321
29/03/2015 10:00,0.608666008
29/03/2015 11:00,0.555468447
29/03/2015 12:00,0.468393085
29/03/2015 13:00,0.389114151
29/03/2015 14:00,0.319727068
29/03/2015 15:00,0.117220546
29/03/2015 16:00,0
29/03/2015 17:00,0
29/03/2015 18:00,0
29/03/2015 19:00,0
29/03/2015 20:00,0
29/03/2015 21:00,0
29/03/2015 22:00,0
29/03/2015 23:00,0
30/03/2015 00:00,0
30/03/2015 01:00,0
30/03/2015 02:00,0
30/03/2015 03:00,0.000434741
30/03/2015 04:00,0.038531357
30/03/2015 05:00,0.154402085
30/03/2015 06:00,0.290860027
30/03/2015 07:00,0.427711202
30/03/2015 08:00,0.532912461
30/03/2015 09:00,0.592421109
30/03/2015 10:00,0.593444018
30/03/2015 11:00,0.530437517
30/03/2015 12:00,0.443354665
30/03/2015 13:00,0.360648138
30/03/2015 14:00,0.299454894
30/03/2015 15:00,0.145298946
30/03/2015 16:00,0
30/03/2015 17:00,0
30/03/2015 18:00,0
30/03/2015 19:00,0
30/03/2015 20:00,0
30/03/2015 21:00,0
30/03/2015 22:00,0
30/03/2015 23:00,0
31/03/2015 00:00,0
31/03/2015 01:00,0
31/03/2015 02:00,0
31/03/2015 03:00,0.000432192
31/03/2015 04:00,0.039624891
31/03/2015 05:00,0.161573336
31/03/2015 06:00,0.30074582
31/03/2015 07:00,0.436714889
31/03/2015 08:00,0.538257167
31/03/2015 09:00,0.591642631
31/03/2015 10:00,0.581835194
31/03/2015 11:00,0.52013293
31/03/2015 12:00,0.439564214
31/03/2015 13:00,0.345766045
31/03/2015 14:00,0.279251526
31/03/2015 15:00,0.147204301
31/03/2015 16:00,0
31/03/2015 17:00,0
31/03/2015 18:00,0
31/03/2015 19:00,0
31/03/2015 20:00,0
31/03/2015 21:00,0
31/03/2015 22:00,0
31/03/2015 23:00,0
01/04/2015 00:00,0
01/04/2015 01:00,0
01/04/2015 02:00,1.36468E-05
01/04/2015 03:00,0.000553129
01/04/2015 04:00,0.037744043
01/04/2015 05:00,0.156033061
01/04/2015 06:00,0.285211211
01/04/2015 07:00,0.424192327
01/04/2015 08:00,0.517542048
01/04/2015 09:00,0.569919362
01/04/2015 10:00,0.566001525
01/04/2015 11:00,0.516878738
01/04/2015 12:00,0.430967702
01/04/2015 13:00,0.344429173
01/04/2015 14:00,0.269520564
01/04/2015 15:00,0.158534317
01/04/2015 16:00,0
01/04/2015 17:00,0
01/04/2015 18:00,0
01/04/2015 19:00,0
01/04/2015 20:00,0
01/04/2015 21:00,0
01/04/2015 22:00,0
01/04/2015 23:00,0
02/04/2015 00:00,0
02/04/2015 01:00,0
02/04/2015 02:00,1.81258E-05
02/04/2015 03:00,0.000619454
02/04/2015 04:00,0.040918109
02/04/2015 05:00,0.159696929
02/04/2015 06:00,0.285957256
02/04/2015 07:00,0.431081835
02/04/2015 08:00,0.530374925
02/04/2015 09:00,0.57802674
02/04/2015 10:00,0.570608857
02/04/2015 11:00,0.512915337
02/04/2015 12:00,0.434875971
02/04/2015 13:00,0.34384813
02/04/2015 14:00,0.273041554
02/04/2015 15:00,0.144046349
02/04/2015 16:00,0
02/04/2015 17:00,0
02/04/2015 18:00,0
02/04/2015 19:00,0
02/04/2015 20:00,0
02/04/2015 21:00,0
02/04/2015 22:00,0
02/04/2015 23:00,0
03/04/2015 00:00,0
03/04/2015 01:00,0
03/04/2015 02:00,1.74928E-05
03/04/2015 03:00,0.00064346
03/04/2015 04:00,0.040614558
03/04/2015 05:00,0.149933778
03/04/2015 06:00,0.282548221
03/04/2015 07:00,0.411890788
03/04/2015 08:00,0.51147009
03/04/2015 09:00,0.549736629
03/04/2015 10:00,0.542698218
03/04/2015 11:00,0.479059096
03/04/2015 12:00,0.402517252
03/04/2015 13:00,0.319178268
03/04/2015 14:00,0.260357064
03/04/2015 15:00,0.163194955
03/04/2015 16:00,0
03/04/2015 17:00,0
03/04/2015 18:00,0
03/04/2015 19:00,0
03/04/2015 20:00,0
03/04/2015 21:00,0
03/04/2015 22:00,0
03/04/2015 23:00,0
04/04/2015 00:00,0
04/04/2015 01:00,0
04/04/2015 02:00,1.60147E-05
04/04/2015 03:00,0.000760873
04/04/2015 04:00,0.04282141
04/04/2015 05:00,0.160381537
04/04/2015 06:00,0.28711796
04/04/2015 07:00,0.424588646
04/04/2015 08:00,0.521442591
04/04/2015 09:00,0.574580758
04/04/2015 10:00,0.570593534
04/04/2015 11:00,0.512159797
04/04/2015 12:00,0.42277284
04/04/2015 13:00,0.333968815
04/04/2015 14:00,0.282546688
04/04/2015 15:00,0.157344853
04/04/2015 16:00,0
04/04/2015 17:00,0
04/04/2015 18:00,0
04/04/2015 19:00,0
04/04/2015 20:00,0
04/04/2015 21:00,0
04/04/2015 22:00,0
04/04/2015 23:00,0
05/04/2015 00:00,0
05/04/2015 01:00,0
05/04/2015 02:00,1.57224E-05
05/04/2015 03:00,0.000496609
05/04/2015 04:00,0.040675968
05/04/2015 05:00,0.150453953
05/04/2015 06:00,0.269140241
05/04/2015 07:00,0.408961401
05/04/2015 08:00,0.508615212
05/04/2015 09:00,0.572547933
05/04/2015 10:00,0.552438567
05/04/2015 11:00,0.48376213
05/04/2015 12:00,0.392623935
05/04/2015 13:00,0.314064149
05/04/2015 14:00,0.252460732
05/04/2015 15:00,0.141052029
05/04/2015 16:00,0
05/04/2015 17:00,0
05/04/2015 18:00,0
05/04/2015 19:00,0
05/04/2015 20:00,0
05/04/2015 21:00,0
05/04/2015 22:00,0
05/04/2015 23:00,0
06/04/2015 00:00,0
06/04/2015 01:00,0
06/04/2015 02:00,1.4328E-05
06/04/2015 03:00,0.000540446
06/04/2015 04:00,0.039993782
06/04/2015 05:00,0.148038498
06/04/2015 06:00,0.264978099
06/04/2015 07:00,0.387310004
06/04/2015 08:00,0.475697434
06/04/2015 09:00,0.532308589
06/04/2015 10:00,0.542663762
06/04/2015 11:00,0.49388989
06/04/2015 12:00,0.401923465
06/04/2015 13:00,0.308540602
06/04/2015 14:00,0.245588604
06/04/2015 15:00,0.146500391
06/04/2015 16:00,0
06/04/2015 17:00,0
06/04/2015 18:00,0
06/04/2015 19:00,0
06/04/2015 20:00,0
06/04/2015 21:00,0
06/04/2015 22:00,0
06/04/2015 23:00,0
07/04/2015 00:00,0
07/04/2015 01:00,0
07/04/2015 02:00,1.4356E-05
07/04/2015 03:00,0.000667613
07/04/2015 04:00,0.04817914
07/04/2015 05:00,0.171506735
07/04/2015 06:00,0.306863759
07/04/2015 07:00,0.43557302
07/04/2015 08:00,0.53571279
07/04/2015 09:00,0.582124645
07/04/2015 10:00,0.575923771
07/04/2015 11:00,0.514784813
07/04/2015 12:00,0.416344673
07/04/2015 13:00,0.349436484
07/04/2015 14:00,0.288353385
07/04/2015 15:00,0.156072215
07/04/2015 16:00,0
07/04/2015 17:00,0
07/04/2015 18:00,0
07/04/2015 19:00,0
07/04/2015 20:00,0
07/04/2015 21:00,0
07/04/2015 22:00,0
07/04/2015 23:00,0
08/04/2015 00:00,0
08/04/2015 01:00,0
08/04/2015 02:00,1.40548E-05
08/04/2015 03:00,0.001041491
08/04/2015 04:00,0.051776448
08/04/2015 05:00,0.172486386
08/04/2015 06:00,0.302205049
08/04/2015 07:00,0.432424721
08/04/2015 08:00,0.524820928
08/04/2015 09:00,0.572538212
08/04/2015 10:00,0.555466413
08/04/2015 11:00,0.493939083
08/04/2015 12:00,0.411665696
08/04/2015 13:00,0.34395916
08/04/2015 14:00,0.287036238
08/04/2015 15:00,0.146614627
08/04/2015 16:00,0
08/04/2015 17:00,0
08/04/2015 18:00,0
08/04/2015 19:00,0
08/04/2015 20:00,0
08/04/2015 21:00,0
08/04/2015 22:00,0
08/04/2015 23:00,0
09/04/2015 00:00,0
09/04/2015 01:00,0
09/04/2015 02:00,1.3945E-05
09/04/2015 03:00,0.001226253
09/04/2015 04:00,0.054920077
09/04/2015 05:00,0.176359484
09/04/2015 06:00,0.311534243
09/04/2015 07:00,0.448606462
09/04/2015 08:00,0.536576802
09/04/2015 09:00,0.598108773
09/04/2015 10:00,0.584083823
09/04/2015 11:00,0.531770065
09/04/2015 12:00,0.433012316
09/04/2015 13:00,0.348049642
09/04/2015 14:00,0.289318889
09/04/2015 15:00,0.145711995
09/04/2015 16:00,0
09/04/2015 17:00,0
09/04/2015 18:00,0
09/04/2015 19:00,0
09/04/2015 20:00,0
09/04/2015 21:00,0
09/04/2015 22:00,0
09/04/2015 23:00,0
10/04/2015 00:00,0
10/04/2015 01:00,0
10/04/2015 02:00,1.79533E-05
10/04/2015 03:00,0.001169012
10/04/2015 04:00,0.054241628
10/04/2015 05:00,0.177197106
10/04/2015 06:00,0.309559996
10/04/2015 07:00,0.43779774
10/04/2015 08:00,0.530286097
10/04/2015 09:00,0.577361834
10/04/2015 10:00,0.553191477
10/04/2015 11:00,0.509681593
10/04/2015 12:00,0.430806102
10/04/2015 13:00,0.349625041
10/04/2015 14:00,0.279954864
10/04/2015 15:00,0.136741334
10/04/2015 16:00,0
10/04/2015 17:00,0
10/04/2015 18:00,0
10/04/2015 19:00,0
10/04/2015 20:00,0
10/04/2015 21:00,0
10/04/2015 22:00,0
10/04/2015 23:00,0
11/04/2015 00:00,0
11/04/2015 01:00,0
11/04/2015 02:00,1.79885E-05
11/04/2015 03:00,0.001240414
11/04/2015 04:00,0.052958937
11/04/2015 05:00,0.165052103
11/04/2015 06:00,0.302373128
11/04/2015 07:00,0.4283264
11/04/2015 08:00,0.52119088
11/04/2015 09:00,0.582625151
11/04/2015 10:00,0.556711618
11/04/2015 11:00,0.507479691
11/04/2015 12:00,0.420651839
11/04/2015 13:00,0.345992611
11/04/2015 14:00,0.277503879
11/04/2015 15:00,0.157275203
11/04/2015 16:00,0
11/04/2015 17:00,0
11/04/2015 18:00,0
11/04/2015 19:00,0
11/04/2015 20:00,0
11/04/2015 21:00,0
11/04/2015 22:00,0
11/04/2015 23:00,0
12/04/2015 00:00,0
12/04/2015 01:00,0
12/04/2015 02:00,2.06383E-05
12/04/2015 03:00,0.001444704
12/04/2015 04:00,0.060310535
12/04/2015 05:00,0.183588109
12/04/2015 06:00,0.323830749
12/04/2015 07:00,0.469916856
12/04/2015 08:00,0.571065653
12/04/2015 09:00,0.625355286
12/04/2015 10:00,0.619969616
12/04/2015 11:00,0.560603527
12/04/2015 12:00,0.462763262
12/04/2015 13:00,0.375809348
12/04/2015 14:00,0.312702655
12/04/2015 15:00,0.151169024
12/04/2015 16:00,0
12/04/2015 17:00,0
12/04/2015 18:00,0
12/04/2015 19:00,0
12/04/2015 20:00,0
12/04/2015 21:00,0
12/04/2015 22:00,0
12/04/2015 23:00,0
13/04/2015 00:00,0
13/04/2015 01:00,0
13/04/2015 02:00,2.31778E-05
13/04/2015 03:00,0.00214013
13/04/2015 04:00,0.065642413
13/04/2015 05:00,0.190108306
13/04/2015 06:00,0.329337094
13/04/2015 07:00,0.465945288
13/04/2015 08:00,0.562269026
13/04/2015 09:00,0.614409531
13/04/2015 10:00,0.608210586
13/04/2015 11:00,0.546721736
13/04/2015 12:00,0.454053532
13/04/2015 13:00,0.374578238
13/04/2015 14:00,0.3179202
13/04/2015 15:00,0.17225898
13/04/2015 16:00,0
13/04/2015 17:00,0
13/04/2015 18:00,0
13/04/2015 19:00,0
13/04/2015 20:00,0
13/04/2015 21:00,0
13/04/2015 22:00,0
13/04/2015 23:00,0
14/04/2015 00:00,0
14/04/2015 01:00,0
14/04/2015 02:00,2.3635E-05
14/04/2015 03:00,0.002282475
14/04/2015 04:00,0.066389627
14/04/2015 05:00,0.188770473
14/04/2015 06:00,0.326762397
14/04/2015 07:00,0.46703578
14/04/2015 08:00,0.56546739
14/04/2015 09:00,0.615920195
14/04/2015 10:00,0.604884824
14/04/2015 11:00,0.540776249
14/04/2015 12:00,0.448277913
14/04/2015 13:00,0.36216379
14/04/2015 14:00,0.306679353
14/04/2015 15:00,0.182206468
14/04/2015 16:00,0
14/04/2015 17:00,0
14/04/2015 18:00,0
14/04/2015 19:00,0
14/04/2015 20:00,0
14/04/2015 21:00,0
14/04/2015 22:00,0
14/04/2015 23:00,0
15/04/2015 00:00,0
15/04/2015 01:00,0
15/04/2015 02:00,2.34645E-05
15/04/2015 03:00,0.002462477
15/04/2015 04:00,0.067007489
15/04/2015 05:00,0.189234013
15/04/2015 06:00,0.32768738
15/04/2015 07:00,0.46038576
15/04/2015 08:00,0.561329669
15/04/2015 09:00,0.609619771
15/04/2015 10:00,0.601056921
15/04/2015 11:00,0.542880847
15/04/2015 12:00,0.456312607
15/04/2015 13:00,0.365142096
15/04/2015 14:00,0.297640147
15/04/2015 15:00,0.161395898
15/04/2015 16:00,0
15/04/2015 17:00,0
15/04/2015 18:00,0
15/04/2015 19:00,0
15/04/2015 20:00,0
15/04/2015 21:00,0
15/04/2015 22:00,0
15/04/2015 23:00,0
16/04/2015 00:00,0
16/04/2015 01:00,0
16/04/2015 02:00,2.59196E-05
16/04/2015 03:00,0.002350694
16/04/2015 04:00,0.06784286
16/04/2015 05:00,0.192155782
16/04/2015 06:00,0.331806593
16/04/2015 07:00,0.47005966
16/04/2015 08:00,0.570633309
16/04/2015 09:00,0.619014916
16/04/2015 10:00,0.615086452
16/04/2015 11:00,0.555777209
16/04/2015 12:00,0.461766032
16/04/2015 13:00,0.374843304
16/04/2015 14:00,0.31685018
16/04/2015 15:00,0.160620293
16/04/2015 16:00,0
16/04/2015 17:00,0
16/04/2015 18:00,0
16/04/2015 19:00,0
16/04/2015 20:00,0
16/04/2015 21:00,0
16/04/2015 22:00,0
16/04/2015 23:00,0
17/04/2015 00:00,0
17/04/2015 01:00,0
17/04/2015 02:00,2.58051E-05
17/04/2015 03:00,0.002851094
17/04/2015 04:00,0.071573551
17/04/2015 05:00,0.195391785
17/04/2015 06:00,0.336461056
17/04/2015 07:00,0.476835112
17/04/2015 08:00,0.576191626
17/04/2015 09:00,0.627375838
17/04/2015 10:00,0.620308846
17/04/2015 11:00,0.55861708
17/04/2015 12:00,0.452158103
17/04/2015 13:00,0.363956256
17/04/2015 14:00,0.312108485
17/04/2015 15:00,0.166695032
17/04/2015 16:00,0
17/04/2015 17:00,0
17/04/2015 18:00,0
17/04/2015 19:00,0
17/04/2015 20:00,0
17/04/2015 21:00,0
17/04/2015 22:00,0
17/04/2015 23:00,0
18/04/2015 00:00,0
18/04/2015 01:00,0
18/04/2015 02:00,2.70751E-05
18/04/2015 03:00,0.003170027
18/04/2015 04:00,0.071244143
18/04/2015 05:00,0.19331328
18/04/2015 06:00,0.331779625
18/04/2015 07:00,0.466447529
18/04/2015 08:00,0.564322415
18/04/2015 09:00,0.610811109
18/04/2015 10:00,0.593363231
18/04/2015 11:00,0.534089956
18/04/2015 12:00,0.444064332
18/04/2015 13:00,0.355078771
18/04/2015 14:00,0.30093582
18/04/2015 15:00,0.185388883
18/04/2015 16:00,0
18/04/2015 17:00,0
18/04/2015 18:00,0
18/04/2015 19:00,0
18/04/2015 20:00,0
18/04/2015 21:00,0
18/04/2015 22:00,0
18/04/2015 23:00,0
19/04/2015 00:00,0
19/04/2015 01:00,0
19/04/2015 02:00,2.31545E-05
19/04/2015 03:00,0.003535896
19/04/2015 04:00,0.072958901
19/04/2015 05:00,0.193668803
19/04/2015 06:00,0.327144467
19/04/2015 07:00,0.463815986
19/04/2015 08:00,0.555439092
19/04/2015 09:00,0.5963024
19/04/2015 10:00,0.585538498
19/04/2015 11:00,0.523721363
19/04/2015 12:00,0.429866721
19/04/2015 13:00,0.34349052
19/04/2015 14:00,0.292268074
19/04/2015 15:00,0.180191631
19/04/2015 16:00,0
19/04/2015 17:00,0
19/04/2015 18:00,0
19/04/2015 19:00,0
19/04/2015 20:00,0
19/04/2015 21:00,0
19/04/2015 22:00,0
19/04/2015 23:00,0
20/04/2015 00:00,0
20/04/2015 01:00,0
20/04/2015 02:00,2.21606E-05
20/04/2015 03:00,0.003684601
20/04/2015 04:00,0.072243548
20/04/2015 05:00,0.190788103
20/04/2015 06:00,0.323701486
20/04/2015 07:00,0.44272721
20/04/2015 08:00,0.526962958
20/04/2015 09:00,0.568037372
20/04/2015 10:00,0.572592073
20/04/2015 11:00,0.506617101
20/04/2015 12:00,0.420071247
20/04/2015 13:00,0.332414617
20/04/2015 14:00,0.27840902
20/04/2015 15:00,0.1598842
20/04/2015 16:00,0
20/04/2015 17:00,0
20/04/2015 18:00,0
20/04/2015 19:00,0
20/04/2015 20:00,0
20/04/2015 21:00,0
20/04/2015 22:00,0
20/04/2015 23:00,0
21/04/2015 00:00,0
21/04/2015 01:00,0
21/04/2015 02:00,2.18049E-05
21/04/2015 03:00,0.003765343
21/04/2015 04:00,0.071944085
21/04/2015 05:00,0.187254465
21/04/2015 06:00,0.313169247
21/04/2015 07:00,0.444159979
21/04/2015 08:00,0.532155958
21/04/2015 09:00,0.572605241
21/04/2015 10:00,0.570981617
21/04/2015 11:00,0.505170968
21/04/2015 12:00,0.409328298
21/04/2015 13:00,0.343077693
21/04/2015 14:00,0.280506211
21/04/2015 15:00,0.175525312
21/04/2015 16:00,0.004646704
21/04/2015 17:00,0
21/04/2015 18:00,0
21/04/2015 19:00,0
21/04/2015 20:00,0
21/04/2015 21:00,0
21/04/2015 22:00,0
21/04/2015 23:00,0
22/04/2015 00:00,0
22/04/2015 01:00,0
22/04/2015 02:00,2.14185E-05
22/04/2015 03:00,0.003501914
22/04/2015 04:00,0.068619113
22/04/2015 05:00,0.180064416
22/04/2015 06:00,0.313768434
22/04/2015 07:00,0.441677347
22/04/2015 08:00,0.524137129
22/04/2015 09:00,0.563965093
22/04/2015 10:00,0.529982934
22/04/2015 11:00,0.477056455
22/04/2015 12:00,0.374058208
22/04/2015 13:00,0.295154082
22/04/2015 14:00,0.247911404
22/04/2015 15:00,0.171580113
22/04/2015 16:00,0.006644268
22/04/2015 17:00,0
22/04/2015 18:00,0
22/04/2015 19:00,0
22/04/2015 20:00,0
22/04/2015 21:00,0
22/04/2015 22:00,0
22/04/2015 23:00,0
23/04/2015 00:00,0
23/04/2015 01:00,0
23/04/2015 02:00,2.8967E-05
23/04/2015 03:00,0.003441936
23/04/2015 04:00,0.07314737
23/04/2015 05:00,0.187978595
23/04/2015 06:00,0.326360687
23/04/2015 07:00,0.464307051
23/04/2015 08:00,0.561292756
23/04/2015 09:00,0.602980988
23/04/2015 10:00,0.587912559
23/04/2015 11:00,0.521455814
23/04/2015 12:00,0.428446345
23/04/2015 13:00,0.349313636
23/04/2015 14:00,0.276631239
23/04/2015 15:00,0.172223403
23/04/2015 16:00,0.007749022
23/04/2015 17:00,0
23/04/2015 18:00,0
23/04/2015 19:00,0
23/04/2015 20:00,0
23/04/2015 21:00,0
23/04/2015 22:00,0
23/04/2015 23:00,0
24/04/2015 00:00,0
24/04/2015 01:00,0
24/04/2015 02:00,3.4852E-05
24/04/2015 03:00,0.0040039
24/04/2015 04:00,0.075305256
24/04/2015 05:00,0.19061689
24/04/2015 06:00,0.325825761
24/04/2015 07:00,0.457482665
24/04/2015 08:00,0.548267721
24/04/2015 09:00,0.576933995
24/04/2015 10:00,0.559595411
24/04/2015 11:00,0.516856533
24/04/2015 12:00,0.421648821
24/04/2015 13:00,0.339868303
24/04/2015 14:00,0.273245446
24/04/2015 15:00,0.174299328
24/04/2015 16:00,0.007793227
24/04/2015 17:00,0
24/04/2015 18:00,0
24/04/2015 19:00,0
24/04/2015 20:00,0
24/04/2015 21:00,0
24/04/2015 22:00,0
24/04/2015 23:00,0
25/04/2015 00:00,0
25/04/2015 01:00,0
25/04/2015 02:00,3.469E-05
25/04/2015 03:00,0.003028628
25/04/2015 04:00,0.066424407
25/04/2015 05:00,0.171346538
25/04/2015 06:00,0.303805864
25/04/2015 07:00,0.430538726
25/04/2015 08:00,0.520792213
25/04/2015 09:00,0.565786806
25/04/2015 10:00,0.542347045
25/04/2015 11:00,0.485455067
25/04/2015 12:00,0.399781497
25/04/2015 13:00,0.314201957
25/04/2015 14:00,0.264638769
25/04/2015 15:00,0.16778586
25/04/2015 16:00,0.007699734
25/04/2015 17:00,0
25/04/2015 18:00,0
25/04/2015 19:00,0
25/04/2015 20:00,0
25/04/2015 21:00,0
25/04/2015 22:00,0
25/04/2015 23:00,0
26/04/2015 00:00,0
26/04/2015 01:00,0
26/04/2015 02:00,3.43459E-05
26/04/2015 03:00,0.003203506
26/04/2015 04:00,0.066628753
26/04/2015 05:00,0.177018715
26/04/2015 06:00,0.30724074
26/04/2015 07:00,0.43440212
26/04/2015 08:00,0.53173375
26/04/2015 09:00,0.564753202
26/04/2015 10:00,0.553117101
26/04/2015 11:00,0.481829993
26/04/2015 12:00,0.396173031
26/04/2015 13:00,0.321336411
26/04/2015 14:00,0.262997284
26/04/2015 15:00,0.167092923
26/04/2015 16:00,0.006627262
26/04/2015 17:00,0
26/04/2015 18:00,0
26/04/2015 19:00,0
26/04/2015 20:00,0
26/04/2015 21:00,0
26/04/2015 22:00,0
26/04/2015 23:00,0
27/04/2015 00:00,0
27/04/2015 01:00,0
27/04/2015 02:00,3.4311E-05
27/04/2015 03:00,0.00452956
27/04/2015 04:00,0.074412619
27/04/2015 05:00,0.187783874
27/04/2015 06:00,0.322465905
27/04/2015 07:00,0.459019532
27/04/2015 08:00,0.554992019
27/04/2015 09:00,0.595600294
27/04/2015 10:00,0.571428063
27/04/2015 11:00,0.507013809
27/04/2015 12:00,0.421222307
27/04/2015 13:00,0.349034592
27/04/2015 14:00,0.294582939
27/04/2015 15:00,0.173301715
27/04/2015 16:00,0.005081926
27/04/2015 17:00,0
27/04/2015 18:00,0
27/04/2015 19:00,0
27/04/2015 20:00,0
27/04/2015 21:00,0
27/04/2015 22:00,0
27/04/2015 23:00,0
28/04/2015 00:00,0
28/04/2015 01:00,8.51302E-09
28/04/2015 02:00,4.01657E-05
28/04/2015 03:00,0.004442496
28/04/2015 04:00,0.075734333
28/04/2015 05:00,0.192467777
28/04/2015 06:00,0.323514803
28/04/2015 07:00,0.457821558
28/04/2015 08:00,0.550418089
28/04/2015 09:00,0.595387074
28/04/2015 10:00,0.580776453
28/04/2015 11:00,0.509379672
28/04/2015 12:00,0.415348004
28/04/2015 13:00,0.340997091
28/04/2015 14:00,0.280189941
28/04/2015 15:00,0.168461106
28/04/2015 16:00,0.006688725
28/04/2015 17:00,0
28/04/2015 18:00,0
28/04/2015 19:00,0
28/04/2015 20:00,0
28/04/2015 21:00,0
28/04/2015 22:00,0
28/04/2015 23:00,0
29/04/2015 00:00,0
29/04/2015 01:00,8.51631E-09
29/04/2015 02:00,4.10039E-05
29/04/2015 03:00,0.005640813
29/04/2015 04:00,0.083635482
29/04/2015 05:00,0.201492079
29/04/2015 06:00,0.332963119
29/04/2015 07:00,0.466455267
29/04/2015 08:00,0.556864601
29/04/2015 09:00,0.596423103
29/04/2015 10:00,0.591980515
29/04/2015 11:00,0.529317776
29/04/2015 12:00,0.432163222
29/04/2015 13:00,0.350833307
29/04/2015 14:00,0.290115427
29/04/2015 15:00,0.172825324
29/04/2015 16:00,0.007692522
29/04/2015 17:00,0
29/04/2015 18:00,0
29/04/2015 19:00,0
29/04/2015 20:00,0
29/04/2015 21:00,0
29/04/2015 22:00,0
29/04/2015 23:00,0
30/04/2015 00:00,0
30/04/2015 01:00,8.65911E-09
30/04/2015 02:00,3.97745E-05
30/04/2015 03:00,0.006310049
30/04/2015 04:00,0.084698198
30/04/2015 05:00,0.199780332
30/04/2015 06:00,0.333534575
30/04/2015 07:00,0.465859755
30/04/2015 08:00,0.557460799
30/04/2015 09:00,0.601350459
30/04/2015 10:00,0.589655829
30/04/2015 11:00,0.528340691
30/04/2015 12:00,0.4277944
30/04/2015 13:00,0.348102746
30/04/2015 14:00,0.287610541
30/04/2015 15:00,0.163142442
30/04/2015 16:00,0.003924209
30/04/2015 17:00,0
30/04/2015 18:00,0
30/04/2015 19:00,0
30/04/2015 20:00,0
30/04/2015 21:00,0
30/04/2015 22:00,0
30/04/2015 23:00,0
01/05/2015 00:00,0
01/05/2015 01:00,0
01/05/2015 02:00,2.71206E-08
01/05/2015 03:00,0.006253461
01/05/2015 04:00,0.07980455
01/05/2015 05:00,0.189106763
01/05/2015 06:00,0.316567862
01/05/2015 07:00,0.439787594
01/05/2015 08:00,0.522376
01/05/2015 09:00,0.567297999
01/05/2015 10:00,0.555230372
01/05/2015 11:00,0.490285761
01/05/2015 12:00,0.393548208
01/05/2015 13:00,0.303776481
01/05/2015 14:00,0.255276201
01/05/2015 15:00,0.185414483
01/05/2015 16:00,0.00825673
01/05/2015 17:00,0
01/05/2015 18:00,0
01/05/2015 19:00,0
01/05/2015 20:00,0
01/05/2015 21:00,0
01/05/2015 22:00,0
01/05/2015 23:00,0
02/05/2015 00:00,0
02/05/2015 01:00,0
02/05/2015 02:00,3.16193E-08
02/05/2015 03:00,0.005326683
02/05/2015 04:00,0.07511931
02/05/2015 05:00,0.184389847
02/05/2015 06:00,0.30551831
02/05/2015 07:00,0.424264928
02/05/2015 08:00,0.500003208
02/05/2015 09:00,0.539261516
02/05/2015 10:00,0.537039677
02/05/2015 11:00,0.471695209
02/05/2015 12:00,0.372865359
02/05/2015 13:00,0.290793937
02/05/2015 14:00,0.234694255
02/05/2015 15:00,0.171309347
02/05/2015 16:00,0.008222072
02/05/2015 17:00,0
02/05/2015 18:00,0
02/05/2015 19:00,0
02/05/2015 20:00,0
02/05/2015 21:00,0
02/05/2015 22:00,0
02/05/2015 23:00,0
03/05/2015 00:00,0
03/05/2015 01:00,0
03/05/2015 02:00,3.99223E-08
03/05/2015 03:00,0.005622279
03/05/2015 04:00,0.079260695
03/05/2015 05:00,0.191739434
03/05/2015 06:00,0.323673193
03/05/2015 07:00,0.45028373
03/05/2015 08:00,0.54077556
03/05/2015 09:00,0.577155908
03/05/2015 10:00,0.547890564
03/05/2015 11:00,0.480462507
03/05/2015 12:00,0.386209094
03/05/2015 13:00,0.31562484
03/05/2015 14:00,0.258069714
03/05/2015 15:00,0.202100628
03/05/2015 16:00,0.009041014
03/05/2015 17:00,0
03/05/2015 18:00,0
03/05/2015 19:00,0
03/05/2015 20:00,0
03/05/2015 21:00,0
03/05/2015 22:00,0
03/05/2015 23:00,0
04/05/2015 00:00,0
04/05/2015 01:00,0
04/05/2015 02:00,4.72724E-08
04/05/2015 03:00,0.007149149
04/05/2015 04:00,0.082951128
04/05/2015 05:00,0.193500363
04/05/2015 06:00,0.318624227
04/05/2015 07:00,0.436535769
04/05/2015 08:00,0.517504789
04/05/2015 09:00,0.544053996
04/05/2015 10:00,0.538214307
04/05/2015 11:00,0.480523874
04/05/2015 12:00,0.362080413
04/05/2015 13:00,0.279598417
04/05/2015 14:00,0.21725692
04/05/2015 15:00,0.160889395
04/05/2015 16:00,0.00525223
04/05/2015 17:00,0
04/05/2015 18:00,0
04/05/2015 19:00,0
04/05/2015 20:00,0
04/05/2015 21:00,0
04/05/2015 22:00,0
04/05/2015 23:00,0
05/05/2015 00:00,0
05/05/2015 01:00,0
05/05/2015 02:00,5.73342E-08
05/05/2015 03:00,0.007431933
05/05/2015 04:00,0.084871031
05/05/2015 05:00,0.195510409
05/05/2015 06:00,0.321901584
05/05/2015 07:00,0.443768976
05/05/2015 08:00,0.536192629
05/05/2015 09:00,0.575574694
05/05/2015 10:00,0.559508504
05/05/2015 11:00,0.491747106
05/05/2015 12:00,0.389729687
05/05/2015 13:00,0.315739404
05/05/2015 14:00,0.251262184
05/05/2015 15:00,0.194479113
05/05/2015 16:00,0.008783757
05/05/2015 17:00,0
05/05/2015 18:00,0
05/05/2015 19:00,0
05/05/2015 20:00,0
05/05/2015 21:00,0
05/05/2015 22:00,0
05/05/2015 23:00,0
06/05/2015 00:00,0
06/05/2015 01:00,0
06/05/2015 02:00,7.03837E-08
06/05/2015 03:00,0.007709794
06/05/2015 04:00,0.082515177
06/05/2015 05:00,0.189055285
06/05/2015 06:00,0.305410908
06/05/2015 07:00,0.431800697
06/05/2015 08:00,0.519845303
06/05/2015 09:00,0.556099949
06/05/2015 10:00,0.542839249
06/05/2015 11:00,0.477563896
06/05/2015 12:00,0.381515112
06/05/2015 13:00,0.306295551
06/05/2015 14:00,0.24132636
06/05/2015 15:00,0.182688175
06/05/2015 16:00,0.008443622
06/05/2015 17:00,0
06/05/2015 18:00,0
06/05/2015 19:00,0
06/05/2015 20:00,0
06/05/2015 21:00,0
06/05/2015 22:00,0
06/05/2015 23:00,0
07/05/2015 00:00,0
07/05/2015 01:00,0
07/05/2015 02:00,8.67026E-08
07/05/2015 03:00,0.007581106
07/05/2015 04:00,0.081232545
07/05/2015 05:00,0.187408082
07/05/2015 06:00,0.307738318
07/05/2015 07:00,0.424264528
07/05/2015 08:00,0.509279908
07/05/2015 09:00,0.554540369
07/05/2015 10:00,0.546236239
07/05/2015 11:00,0.486380364
07/05/2015 12:00,0.386304653
07/05/2015 13:00,0.304444049
07/05/2015 14:00,0.256725578
07/05/2015 15:00,0.174931458
07/05/2015 16:00,0.009392043
07/05/2015 17:00,0
07/05/2015 18:00,0
07/05/2015 19:00,0
07/05/2015 20:00,0
07/05/2015 21:00,0
07/05/2015 22:00,0
07/05/2015 23:00,0
08/05/2015 00:00,0
08/05/2015 01:00,0
08/05/2015 02:00,1.00622E-07
08/05/2015 03:00,0.008204186
08/05/2015 04:00,0.086089509
08/05/2015 05:00,0.196048627
08/05/2015 06:00,0.323012853
08/05/2015 07:00,0.452794272
08/05/2015 08:00,0.545792012
08/05/2015 09:00,0.590934212
08/05/2015 10:00,0.579038798
08/05/2015 11:00,0.506551712
08/05/2015 12:00,0.415365578
08/05/2015 13:00,0.335197524
08/05/2015 14:00,0.269658746
08/05/2015 15:00,0.193146499
08/05/2015 16:00,0.010905454
08/05/2015 17:00,0
08/05/2015 18:00,0
08/05/2015 19:00,0
08/05/2015 20:00,0
08/05/2015 21:00,0
08/05/2015 22:00,0
08/05/2015 23:00,0
09/05/2015 00:00,0
09/05/2015 01:00,0
09/05/2015 02:00,1.58221E-06
09/05/2015 03:00,0.007771601
09/05/2015 04:00,0.088527359
09/05/2015 05:00,0.20104496
09/05/2015 06:00,0.331034722
09/05/2015 07:00,0.459619569
09/05/2015 08:00,0.552318137
09/05/2015 09:00,0.599185774
09/05/2015 10:00,0.589379796
09/05/2015 11:00,0.525530475
09/05/2015 12:00,0.4314817
09/05/2015 13:00,0.35038821
09/05/2015 14:00,0.286776255
09/05/2015 15:00,0.154270162
09/05/2015 16:00,0.012730825
09/05/2015 17:00,0
09/05/2015 18:00,0
09/05/2015 19:00,0
09/05/2015 20:00,0
09/05/2015 21:00,0
09/05/2015 22:00,0
09/05/2015 23:00,0
10/05/2015 00:00,0
10/05/2015 01:00,0
10/05/2015 02:00,1.63798E-06
10/05/2015 03:00,0.008484382
10/05/2015 04:00,0.090833113
10/05/2015 05:00,0.203165927
10/05/2015 06:00,0.335709039
10/05/2015 07:00,0.462226057
10/05/2015 08:00,0.545096198
10/05/2015 09:00,0.582407498
10/05/2015 10:00,0.568817488
10/05/2015 11:00,0.512528044
10/05/2015 12:00,0.419983325
10/05/2015 13:00,0.341653447
10/05/2015 14:00,0.28371374
10/05/2015 15:00,0.176745964
10/05/2015 16:00,0.00958277
10/05/2015 17:00,0
10/05/2015 18:00,0
10/05/2015 19:00,0
10/05/2015 20:00,0
10/05/2015 21:00,0
10/05/2015 22:00,0
10/05/2015 23:00,0
11/05/2015 00:00,0
11/05/2015 01:00,0
11/05/2015 02:00,2.06546E-06
11/05/2015 03:00,0.00962809
11/05/2015 04:00,0.092703251
11/05/2015 05:00,0.203992641
11/05/2015 06:00,0.333400296
11/05/2015 07:00,0.465117461
11/05/2015 08:00,0.554691522
11/05/2015 09:00,0.600437705
11/05/2015 10:00,0.587492942
11/05/2015 11:00,0.525119654
11/05/2015 12:00,0.429149519
11/05/2015 13:00,0.352764234
11/05/2015 14:00,0.290301048
11/05/2015 15:00,0.180397485
11/05/2015 16:00,0.014903518
11/05/2015 17:00,0
11/05/2015 18:00,0
11/05/2015 19:00,0
11/05/2015 20:00,0
11/05/2015 21:00,0
11/05/2015 22:00,0
11/05/2015 23:00,0
12/05/2015 00:00,0
12/05/2015 01:00,0
12/05/2015 02:00,2.82525E-06
12/05/2015 03:00,0.009787026
12/05/2015 04:00,0.09351318
12/05/2015 05:00,0.204777485
12/05/2015 06:00,0.337334113
12/05/2015 07:00,0.46735814
12/05/2015 08:00,0.558315297
12/05/2015 09:00,0.604874669
12/05/2015 10:00,0.594985388
12/05/2015 11:00,0.534330195
12/05/2015 12:00,0.434706256
12/05/2015 13:00,0.348533267
12/05/2015 14:00,0.291056196
12/05/2015 15:00,0.181126042
12/05/2015 16:00,0.015259075
12/05/2015 17:00,0
12/05/2015 18:00,0
12/05/2015 19:00,0
12/05/2015 20:00,0
12/05/2015 21:00,0
12/05/2015 22:00,0
12/05/2015 23:00,0
13/05/2015 00:00,0
13/05/2015 01:00,0
13/05/2015 02:00,2.87675E-06
13/05/2015 03:00,0.010257543
13/05/2015 04:00,0.094547416
13/05/2015 05:00,0.205688058
13/05/2015 06:00,0.3381421
13/05/2015 07:00,0.467914236
13/05/2015 08:00,0.55809187
13/05/2015 09:00,0.600178687
13/05/2015 10:00,0.592383443
13/05/2015 11:00,0.528512532
13/05/2015 12:00,0.431623032
13/05/2015 13:00,0.351290573
13/05/2015 14:00,0.290195611
13/05/2015 15:00,0.181698696
13/05/2015 16:00,0.014752444
13/05/2015 17:00,0
13/05/2015 18:00,0
13/05/2015 19:00,0
13/05/2015 20:00,0
13/05/2015 21:00,0
13/05/2015 22:00,0
13/05/2015 23:00,0
14/05/2015 00:00,0
14/05/2015 01:00,0
14/05/2015 02:00,3.07145E-06
14/05/2015 03:00,0.010667266
14/05/2015 04:00,0.095459977
14/05/2015 05:00,0.20644866
14/05/2015 06:00,0.339107178
14/05/2015 07:00,0.469589713
14/05/2015 08:00,0.559496901
14/05/2015 09:00,0.603573138
14/05/2015 10:00,0.592411637
14/05/2015 11:00,0.530459223
14/05/2015 12:00,0.433201682
14/05/2015 13:00,0.351233573
14/05/2015 14:00,0.293313359
14/05/2015 15:00,0.179739781
14/05/2015 16:00,0.016174598
14/05/2015 17:00,0
14/05/2015 18:00,0
14/05/2015 19:00,0
14/05/2015 20:00,0
14/05/2015 21:00,0
14/05/2015 22:00,0
14/05/2015 23:00,0
15/05/2015 00:00,0
15/05/2015 01:00,0
15/05/2015 02:00,3.16302E-06
15/05/2015 03:00,0.010799981
15/05/2015 04:00,0.095322504
15/05/2015 05:00,0.205544709
15/05/2015 06:00,0.33765
15/05/2015 07:00,0.467391514
15/05/2015 08:00,0.555357003
15/05/2015 09:00,0.597306116
15/05/2015 10:00,0.587103139
15/05/2015 11:00,0.520945487
15/05/2015 12:00,0.423323655
15/05/2015 13:00,0.345290967
15/05/2015 14:00,0.287563846
15/05/2015 15:00,0.192043448
15/05/2015 16:00,0.016413498
15/05/2015 17:00,0
15/05/2015 18:00,0
15/05/2015 19:00,0
15/05/2015 20:00,0
15/05/2015 21:00,0
15/05/2015 22:00,0
15/05/2015 23:00,0
16/05/2015 00:00,0
16/05/2015 01:00,0
16/05/2015 02:00,3.4085E-06
16/05/2015 03:00,0.00965955
16/05/2015 04:00,0.092079138
16/05/2015 05:00,0.199800694
16/05/2015 06:00,0.329360341
16/05/2015 07:00,0.457650657
16/05/2015 08:00,0.544817479
16/05/2015 09:00,0.585551408
16/05/2015 10:00,0.571485649
16/05/2015 11:00,0.507773481
16/05/2015 12:00,0.411551625
16/05/2015 13:00,0.331536196
16/05/2015 14:00,0.273929021
16/05/2015 15:00,0.199700955
16/05/2015 16:00,0.01750121
16/05/2015 17:00,0
16/05/2015 18:00,0
16/05/2015 19:00,0
16/05/2015 20:00,0
16/05/2015 21:00,0
16/05/2015 22:00,0
16/05/2015 23:00,0
17/05/2015 00:00,0
17/05/2015 01:00,0
17/05/2015 02:00,5.02115E-06
17/05/2015 03:00,0.010510576
17/05/2015 04:00,0.091505709
17/05/2015 05:00,0.198220208
17/05/2015 06:00,0.321832379
17/05/2015 07:00,0.437934231
17/05/2015 08:00,0.527579439
17/05/2015 09:00,0.570122651
17/05/2015 10:00,0.5606459
17/05/2015 11:00,0.499874217
17/05/2015 12:00,0.398069219
17/05/2015 13:00,0.322785256
17/05/2015 14:00,0.257951125
17/05/2015 15:00,0.212022818
17/05/2015 16:00,0.015227611
17/05/2015 17:00,0
17/05/2015 18:00,0
17/05/2015 19:00,0
17/05/2015 20:00,0
17/05/2015 21:00,0
17/05/2015 22:00,0
17/05/2015 23:00,0
18/05/2015 00:00,0
18/05/2015 01:00,0
18/05/2015 02:00,5.99244E-06
18/05/2015 03:00,0.010463494
18/05/2015 04:00,0.089130615
18/05/2015 05:00,0.194633252
18/05/2015 06:00,0.318437301
18/05/2015 07:00,0.435554101
18/05/2015 08:00,0.513818775
18/05/2015 09:00,0.534217928
18/05/2015 10:00,0.537256433
18/05/2015 11:00,0.475085602
18/05/2015 12:00,0.3800259
18/05/2015 13:00,0.300018289
18/05/2015 14:00,0.238294198
18/05/2015 15:00,0.191640611
18/05/2015 16:00,0.013500593
18/05/2015 17:00,0
18/05/2015 18:00,0
18/05/2015 19:00,0
18/05/2015 20:00,0
18/05/2015 21:00,0
18/05/2015 22:00,0
18/05/2015 23:00,0
19/05/2015 00:00,0
19/05/2015 01:00,0
19/05/2015 02:00,6.93931E-06
19/05/2015 03:00,0.010156658
19/05/2015 04:00,0.089473625
19/05/2015 05:00,0.19370775
19/05/2015 06:00,0.311204607
19/05/2015 07:00,0.434794838
19/05/2015 08:00,0.515541423
19/05/2015 09:00,0.551615183
19/05/2015 10:00,0.531527583
19/05/2015 11:00,0.470750055
19/05/2015 12:00,0.383786529
19/05/2015 13:00,0.305060353
19/05/2015 14:00,0.250273118
19/05/2015 15:00,0.204631136
19/05/2015 16:00,0.018413084
19/05/2015 17:00,0
19/05/2015 18:00,0
19/05/2015 19:00,0
19/05/2015 20:00,0
19/05/2015 21:00,0
19/05/2015 22:00,0
19/05/2015 23:00,0
20/05/2015 00:00,0
20/05/2015 01:00,0
20/05/2015 02:00,8.17164E-06
20/05/2015 03:00,0.010858021
20/05/2015 04:00,0.090649382
20/05/2015 05:00,0.194585734
20/05/2015 06:00,0.317466354
20/05/2015 07:00,0.44257685
20/05/2015 08:00,0.528420385
20/05/2015 09:00,0.561620139
20/05/2015 10:00,0.540102724
20/05/2015 11:00,0.482449789
20/05/2015 12:00,0.390762738
20/05/2015 13:00,0.312743158
20/05/2015 14:00,0.245577778
20/05/2015 15:00,0.211933015
20/05/2015 16:00,0.015357332
20/05/2015 17:00,0
20/05/2015 18:00,0
20/05/2015 19:00,0
20/05/2015 20:00,0
20/05/2015 21:00,0
20/05/2015 22:00,0
20/05/2015 23:00,0
21/05/2015 00:00,0
21/05/2015 01:00,0
21/05/2015 02:00,9.79791E-06
21/05/2015 03:00,0.011682514
21/05/2015 04:00,0.091049361
21/05/2015 05:00,0.194648127
21/05/2015 06:00,0.315657871
21/05/2015 07:00,0.434856743
21/05/2015 08:00,0.51487513
21/05/2015 09:00,0.538847211
21/05/2015 10:00,0.529704606
21/05/2015 11:00,0.455549491
21/05/2015 12:00,0.376565589
21/05/2015 13:00,0.291058115
21/05/2015 14:00,0.236084028
21/05/2015 15:00,0.192938906
21/05/2015 16:00,0.018176986
21/05/2015 17:00,0
21/05/2015 18:00,0
21/05/2015 19:00,0
21/05/2015 20:00,0
21/05/2015 21:00,0
21/05/2015 22:00,0
21/05/2015 23:00,0
22/05/2015 00:00,0
22/05/2015 01:00,0
22/05/2015 02:00,1.07314E-05
22/05/2015 03:00,0.011581259
22/05/2015 04:00,0.091556607
22/05/2015 05:00,0.194334531
22/05/2015 06:00,0.317864928
22/05/2015 07:00,0.430533554
22/05/2015 08:00,0.51333388
22/05/2015 09:00,0.551563461
22/05/2015 10:00,0.537775794
22/05/2015 11:00,0.485894991
22/05/2015 12:00,0.398820352
22/05/2015 13:00,0.31758235
22/05/2015 14:00,0.253863551
22/05/2015 15:00,0.208612888
22/05/2015 16:00,0.019805562
22/05/2015 17:00,0
22/05/2015 18:00,0
22/05/2015 19:00,0
22/05/2015 20:00,0
22/05/2015 21:00,0
22/05/2015 22:00,0
22/05/2015 23:00,0
23/05/2015 00:00,0
23/05/2015 01:00,0
23/05/2015 02:00,1.19231E-05
23/05/2015 03:00,0.011744839
23/05/2015 04:00,0.093400471
23/05/2015 05:00,0.197673019
23/05/2015 06:00,0.321350736
23/05/2015 07:00,0.444287423
23/05/2015 08:00,0.528808921
23/05/2015 09:00,0.571342625
23/05/2015 10:00,0.562531659
23/05/2015 11:00,0.504542786
23/05/2015 12:00,0.405627207
23/05/2015 13:00,0.32858392
23/05/2015 14:00,0.262526069
23/05/2015 15:00,0.208474751
23/05/2015 16:00,0.024934217
23/05/2015 17:00,0
23/05/2015 18:00,0
23/05/2015 19:00,0
23/05/2015 20:00,0
23/05/2015 21:00,0
23/05/2015 22:00,0
23/05/2015 23:00,0
24/05/2015 00:00,0
24/05/2015 01:00,0
24/05/2015 02:00,1.30462E-05
24/05/2015 03:00,0.01182607
24/05/2015 04:00,0.093894164
24/05/2015 05:00,0.198291628
24/05/2015 06:00,0.322269322
24/05/2015 07:00,0.443465755
24/05/2015 08:00,0.529250007
24/05/2015 09:00,0.57254662
24/05/2015 10:00,0.561958725
24/05/2015 11:00,0.504526131
24/05/2015 12:00,0.409048525
24/05/2015 13:00,0.326850332
24/05/2015 14:00,0.266743846
24/05/2015 15:00,0.212710139
24/05/2015 16:00,0.025935607
24/05/2015 17:00,0
24/05/2015 18:00,0
24/05/2015 19:00,0
24/05/2015 20:00,0
24/05/2015 21:00,0
24/05/2015 22:00,0
24/05/2015 23:00,0
25/05/2015 00:00,0
25/05/2015 01:00,0
25/05/2015 02:00,1.41879E-05
25/05/2015 03:00,0.0118964
25/05/2015 04:00,0.094060963
25/05/2015 05:00,0.198563684
25/05/2015 06:00,0.321858515
25/05/2015 07:00,0.440974851
25/05/2015 08:00,0.522689492
25/05/2015 09:00,0.560854134
25/05/2015 10:00,0.538632884
25/05/2015 11:00,0.473174104
25/05/2015 12:00,0.382619162
25/05/2015 13:00,0.304706843
25/05/2015 14:00,0.246046257
25/05/2015 15:00,0.201590541
25/05/2015 16:00,0.021144576
25/05/2015 17:00,0
25/05/2015 18:00,0
25/05/2015 19:00,0
25/05/2015 20:00,0
25/05/2015 21:00,0
25/05/2015 22:00,0
25/05/2015 23:00,0
26/05/2015 00:00,0
26/05/2015 01:00,0
26/05/2015 02:00,1.55484E-05
26/05/2015 03:00,0.011808608
26/05/2015 04:00,0.092926377
26/05/2015 05:00,0.195950955
26/05/2015 06:00,0.317720343
26/05/2015 07:00,0.438544242
26/05/2015 08:00,0.522597879
26/05/2015 09:00,0.557461935
26/05/2015 10:00,0.545663353
26/05/2015 11:00,0.476586491
26/05/2015 12:00,0.37713993
26/05/2015 13:00,0.297906234
26/05/2015 14:00,0.237356599
26/05/2015 15:00,0.198101936
26/05/2015 16:00,0.021176339
26/05/2015 17:00,0
26/05/2015 18:00,0
26/05/2015 19:00,0
26/05/2015 20:00,0
26/05/2015 21:00,0
26/05/2015 22:00,0
26/05/2015 23:00,0
27/05/2015 00:00,0
27/05/2015 01:00,0
27/05/2015 02:00,1.66452E-05
27/05/2015 03:00,0.011503208
27/05/2015 04:00,0.088524699
27/05/2015 05:00,0.190054114
27/05/2015 06:00,0.310048501
27/05/2015 07:00,0.428862407
27/05/2015 08:00,0.51152269
27/05/2015 09:00,0.551884211
27/05/2015 10:00,0.540148021
27/05/2015 11:00,0.461253813
27/05/2015 12:00,0.364831332
27/05/2015 13:00,0.292433338
27/05/2015 14:00,0.230046868
27/05/2015 15:00,0.191823497
27/05/2015 16:00,0.018451286
27/05/2015 17:00,0
27/05/2015 18:00,0
27/05/2015 19:00,0
27/05/2015 20:00,0
27/05/2015 21:00,0
27/05/2015 22:00,0
27/05/2015 23:00,0
28/05/2015 00:00,0
28/05/2015 01:00,0
28/05/2015 02:00,1.8104E-05
28/05/2015 03:00,0.011513517
28/05/2015 04:00,0.084565776
28/05/2015 05:00,0.179198077
28/05/2015 06:00,0.287525864
28/05/2015 07:00,0.410938259
28/05/2015 08:00,0.490607203
28/05/2015 09:00,0.521959402
28/05/2015 10:00,0.514016575
28/05/2015 11:00,0.457869618
28/05/2015 12:00,0.36009018
28/05/2015 13:00,0.293889476
28/05/2015 14:00,0.236090915
28/05/2015 15:00,0.182346681
28/05/2015 16:00,0.017548474
28/05/2015 17:00,0
28/05/2015 18:00,0
28/05/2015 19:00,0
28/05/2015 20:00,0
28/05/2015 21:00,0
28/05/2015 22:00,0
28/05/2015 23:00,0
29/05/2015 00:00,0
29/05/2015 01:00,0
29/05/2015 02:00,1.93885E-05
29/05/2015 03:00,0.011550364
29/05/2015 04:00,0.08805855
29/05/2015 05:00,0.188293395
29/05/2015 06:00,0.3059456
29/05/2015 07:00,0.423674656
29/05/2015 08:00,0.498358472
29/05/2015 09:00,0.539387549
29/05/2015 10:00,0.522009116
29/05/2015 11:00,0.467372065
29/05/2015 12:00,0.367042734
29/05/2015 13:00,0.289960366
29/05/2015 14:00,0.245084244
29/05/2015 15:00,0.215121836
29/05/2015 16:00,0.026645365
29/05/2015 17:00,0
29/05/2015 18:00,0
29/05/2015 19:00,0
29/05/2015 20:00,0
29/05/2015 21:00,0
29/05/2015 22:00,0
29/05/2015 23:00,0
30/05/2015 00:00,0
30/05/2015 01:00,0
30/05/2015 02:00,2.07986E-05
30/05/2015 03:00,0.011754245
30/05/2015 04:00,0.089226738
30/05/2015 05:00,0.190825809
30/05/2015 06:00,0.307834374
30/05/2015 07:00,0.424339979
30/05/2015 08:00,0.508589226
30/05/2015 09:00,0.546544005
30/05/2015 10:00,0.534437346
30/05/2015 11:00,0.474570537
30/05/2015 12:00,0.383271007
30/05/2015 13:00,0.303427815
30/05/2015 14:00,0.252162238
30/05/2015 15:00,0.221688021
30/05/2015 16:00,0.028630067
30/05/2015 17:00,0
30/05/2015 18:00,0
30/05/2015 19:00,0
30/05/2015 20:00,0
30/05/2015 21:00,0
30/05/2015 22:00,0
30/05/2015 23:00,0
31/05/2015 00:00,0
31/05/2015 01:00,0
31/05/2015 02:00,2.14722E-05
31/05/2015 03:00,0.011585833
31/05/2015 04:00,0.087966774
31/05/2015 05:00,0.189891038
31/05/2015 06:00,0.307022678
31/05/2015 07:00,0.419688763
31/05/2015 08:00,0.499975632
31/05/2015 09:00,0.535902677
31/05/2015 10:00,0.521876998
31/05/2015 11:00,0.468417383
31/05/2015 12:00,0.378190175
31/05/2015 13:00,0.303008728
31/05/2015 14:00,0.244327819
31/05/2015 15:00,0.224366735
31/05/2015 16:00,0.029964219
31/05/2015 17:00,0
31/05/2015 18:00,0
31/05/2015 19:00,0
31/05/2015 20:00,0
31/05/2015 21:00,0
31/05/2015 22:00,0
31/05/2015 23:00,0
01/06/2015 00:00,0
01/06/2015 01:00,0
01/06/2015 02:00,3.09378E-05
01/06/2015 03:00,0.011524297
01/06/2015 04:00,0.08846138
01/06/2015 05:00,0.188262233
01/06/2015 06:00,0.305853994
01/06/2015 07:00,0.418311554
01/06/2015 08:00,0.496950638
01/06/2015 09:00,0.537159079
01/06/2015 10:00,0.52866109
01/06/2015 11:00,0.476291477
01/06/2015 12:00,0.390922027
01/06/2015 13:00,0.311961004
01/06/2015 14:00,0.256506886
01/06/2015 15:00,0.233304075
01/06/2015 16:00,0.030340284
01/06/2015 17:00,0
01/06/2015 18:00,0
01/06/2015 19:00,0
01/06/2015 20:00,0
01/06/2015 21:00,0
01/06/2015 22:00,0
01/06/2015 23:00,0
02/06/2015 00:00,0
02/06/2015 01:00,0
02/06/2015 02:00,3.14601E-05
02/06/2015 03:00,0.011560146
02/06/2015 04:00,0.088812752
02/06/2015 05:00,0.187640594
02/06/2015 06:00,0.30489263
02/06/2015 07:00,0.424388643
02/06/2015 08:00,0.50431342
02/06/2015 09:00,0.544408429
02/06/2015 10:00,0.535076105
02/06/2015 11:00,0.482501029
02/06/2015 12:00,0.39414246
02/06/2015 13:00,0.314133482
02/06/2015 14:00,0.25495937
02/06/2015 15:00,0.225165019
02/06/2015 16:00,0.031061668
02/06/2015 17:00,0
02/06/2015 18:00,0
02/06/2015 19:00,0
02/06/2015 20:00,0
02/06/2015 21:00,0
02/06/2015 22:00,0
02/06/2015 23:00,0
03/06/2015 00:00,0
03/06/2015 01:00,0
03/06/2015 02:00,3.21264E-05
03/06/2015 03:00,0.01145941
03/06/2015 04:00,0.088405342
03/06/2015 05:00,0.189600539
03/06/2015 06:00,0.307992331
03/06/2015 07:00,0.423858853
03/06/2015 08:00,0.504493629
03/06/2015 09:00,0.5447504
03/06/2015 10:00,0.536065518
03/06/2015 11:00,0.484530563
03/06/2015 12:00,0.396166781
03/06/2015 13:00,0.318362049
03/06/2015 14:00,0.25815034
03/06/2015 15:00,0.231163822
03/06/2015 16:00,0.032416204
03/06/2015 17:00,0
03/06/2015 18:00,0
03/06/2015 19:00,0
03/06/2015 20:00,0
03/06/2015 21:00,0
03/06/2015 22:00,0
03/06/2015 23:00,0
04/06/2015 00:00,0
04/06/2015 01:00,0
04/06/2015 02:00,3.24462E-05
04/06/2015 03:00,0.01141072
04/06/2015 04:00,0.088105368
04/06/2015 05:00,0.187984878
04/06/2015 06:00,0.302907181
04/06/2015 07:00,0.420735287
04/06/2015 08:00,0.501337338
04/06/2015 09:00,0.544898505
04/06/2015 10:00,0.535965883
04/06/2015 11:00,0.483596882
04/06/2015 12:00,0.396979066
04/06/2015 13:00,0.320538372
04/06/2015 14:00,0.256412346
04/06/2015 15:00,0.224691729
04/06/2015 16:00,0.032212172
04/06/2015 17:00,0
04/06/2015 18:00,0
04/06/2015 19:00,0
04/06/2015 20:00,0
04/06/2015 21:00,0
04/06/2015 22:00,0
04/06/2015 23:00,0
05/06/2015 00:00,0
05/06/2015 01:00,0
05/06/2015 02:00,3.33252E-05
05/06/2015 03:00,0.011362747
05/06/2015 04:00,0.087295532
05/06/2015 05:00,0.187062615
05/06/2015 06:00,0.303879192
05/06/2015 07:00,0.422019704
05/06/2015 08:00,0.503659382
05/06/2015 09:00,0.545086637
05/06/2015 10:00,0.53201475
05/06/2015 11:00,0.474678065
05/06/2015 12:00,0.393092458
05/06/2015 13:00,0.314789215
05/06/2015 14:00,0.254240804
05/06/2015 15:00,0.231280372
05/06/2015 16:00,0.032437515
05/06/2015 17:00,0
05/06/2015 18:00,0
05/06/2015 19:00,0
05/06/2015 20:00,0
05/06/2015 21:00,0
05/06/2015 22:00,0
05/06/2015 23:00,0
06/06/2015 00:00,0
06/06/2015 01:00,0
06/06/2015 02:00,3.34795E-05
06/06/2015 03:00,0.011270305
06/06/2015 04:00,0.08599998
06/06/2015 05:00,0.18432806
06/06/2015 06:00,0.301783542
06/06/2015 07:00,0.417120126
06/06/2015 08:00,0.49417228
06/06/2015 09:00,0.535243705
06/06/2015 10:00,0.53169482
06/06/2015 11:00,0.473664436
06/06/2015 12:00,0.384680429
06/06/2015 13:00,0.310858058
06/06/2015 14:00,0.247003818
06/06/2015 15:00,0.218017085
06/06/2015 16:00,0.031973958
06/06/2015 17:00,0
06/06/2015 18:00,0
06/06/2015 19:00,0
06/06/2015 20:00,0
06/06/2015 21:00,0
06/06/2015 22:00,0
06/06/2015 23:00,0
07/06/2015 00:00,0
07/06/2015 01:00,0
07/06/2015 02:00,3.36498E-05
07/06/2015 03:00,0.01127335
07/06/2015 04:00,0.085003732
07/06/2015 05:00,0.182333997
07/06/2015 06:00,0.296221937
07/06/2015 07:00,0.408051458
07/06/2015 08:00,0.487598017
07/06/2015 09:00,0.521232188
07/06/2015 10:00,0.502057919
07/06/2015 11:00,0.441664661
07/06/2015 12:00,0.363787472
07/06/2015 13:00,0.286967756
07/06/2015 14:00,0.219740175
07/06/2015 15:00,0.187721005
07/06/2015 16:00,0.026750769
07/06/2015 17:00,0
07/06/2015 18:00,0
07/06/2015 19:00,0
07/06/2015 20:00,0
07/06/2015 21:00,0
07/06/2015 22:00,0
07/06/2015 23:00,0
08/06/2015 00:00,0
08/06/2015 01:00,0
08/06/2015 02:00,3.42049E-05
08/06/2015 03:00,0.011259101
08/06/2015 04:00,0.084103004
08/06/2015 05:00,0.180554023
08/06/2015 06:00,0.292671214
08/06/2015 07:00,0.406926805
08/06/2015 08:00,0.482488732
08/06/2015 09:00,0.513182753
08/06/2015 10:00,0.496517969
08/06/2015 11:00,0.44173609
08/06/2015 12:00,0.358340655
08/06/2015 13:00,0.2871776
08/06/2015 14:00,0.222576422
08/06/2015 15:00,0.196663732
08/06/2015 16:00,0.027467058
08/06/2015 17:00,0
08/06/2015 18:00,0
08/06/2015 19:00,0
08/06/2015 20:00,0
08/06/2015 21:00,0
08/06/2015 22:00,0
08/06/2015 23:00,0
09/06/2015 00:00,0
09/06/2015 01:00,0
09/06/2015 02:00,3.40899E-05
09/06/2015 03:00,0.011085853
09/06/2015 04:00,0.081607064
09/06/2015 05:00,0.176308747
09/06/2015 06:00,0.283415482
09/06/2015 07:00,0.399141179
09/06/2015 08:00,0.47920568
09/06/2015 09:00,0.519056068
09/06/2015 10:00,0.505723634
09/06/2015 11:00,0.444657484
09/06/2015 12:00,0.364315184
09/06/2015 13:00,0.284806172
09/06/2015 14:00,0.223442303
09/06/2015 15:00,0.192326808
09/06/2015 16:00,0.031160854
09/06/2015 17:00,0
09/06/2015 18:00,0
09/06/2015 19:00,0
09/06/2015 20:00,0
09/06/2015 21:00,0
09/06/2015 22:00,0
09/06/2015 23:00,0
10/06/2015 00:00,0
10/06/2015 01:00,0
10/06/2015 02:00,3.38623E-05
10/06/2015 03:00,0.010980455
10/06/2015 04:00,0.082151062
10/06/2015 05:00,0.180330356
10/06/2015 06:00,0.29230958
10/06/2015 07:00,0.388824003
10/06/2015 08:00,0.462207632
10/06/2015 09:00,0.507150308
10/06/2015 10:00,0.503446504
10/06/2015 11:00,0.459634919
10/06/2015 12:00,0.376096352
10/06/2015 13:00,0.301380847
10/06/2015 14:00,0.24361502
10/06/2015 15:00,0.215575068
10/06/2015 16:00,0.036698466
10/06/2015 17:00,0
10/06/2015 18:00,0
10/06/2015 19:00,0
10/06/2015 20:00,0
10/06/2015 21:00,0
10/06/2015 22:00,0
10/06/2015 23:00,0
11/06/2015 00:00,0
11/06/2015 01:00,0
11/06/2015 02:00,3.41E-05
11/06/2015 03:00,0.011091726
11/06/2015 04:00,0.082364278
11/06/2015 05:00,0.176107488
11/06/2015 06:00,0.290949808
11/06/2015 07:00,0.395967741
11/06/2015 08:00,0.482158275
11/06/2015 09:00,0.518811566
11/06/2015 10:00,0.514833111
11/06/2015 11:00,0.469010037
11/06/2015 12:00,0.383627106
11/06/2015 13:00,0.304052881
11/06/2015 14:00,0.249341884
11/06/2015 15:00,0.217701559
11/06/2015 16:00,0.037594352
11/06/2015 17:00,0
11/06/2015 18:00,0
11/06/2015 19:00,0
11/06/2015 20:00,0
11/06/2015 21:00,0
11/06/2015 22:00,0
11/06/2015 23:00,0
12/06/2015 00:00,0
12/06/2015 01:00,0
12/06/2015 02:00,3.45581E-05
12/06/2015 03:00,0.011357196
12/06/2015 04:00,0.082862051
12/06/2015 05:00,0.178640973
12/06/2015 06:00,0.290836781
12/06/2015 07:00,0.399970555
12/06/2015 08:00,0.482594617
12/06/2015 09:00,0.537291467
12/06/2015 10:00,0.531611231
12/06/2015 11:00,0.48409023
12/06/2015 12:00,0.3958979
12/06/2015 13:00,0.317100842
12/06/2015 14:00,0.256045513
12/06/2015 15:00,0.232334708
12/06/2015 16:00,0.037985721
12/06/2015 17:00,0
12/06/2015 18:00,0
12/06/2015 19:00,0
12/06/2015 20:00,0
12/06/2015 21:00,0
12/06/2015 22:00,0
12/06/2015 23:00,0
13/06/2015 00:00,0
13/06/2015 01:00,0
13/06/2015 02:00,3.3832E-05
13/06/2015 03:00,0.011162225
13/06/2015 04:00,0.084267314
13/06/2015 05:00,0.182733352
13/06/2015 06:00,0.295728197
13/06/2015 07:00,0.412049389
13/06/2015 08:00,0.495783064
13/06/2015 09:00,0.531533364
13/06/2015 10:00,0.523427525
13/06/2015 11:00,0.463902437
13/06/2015 12:00,0.380053827
13/06/2015 13:00,0.30949072
13/06/2015 14:00,0.247775317
13/06/2015 15:00,0.23110398
13/06/2015 16:00,0.035289717
13/06/2015 17:00,0
13/06/2015 18:00,0
13/06/2015 19:00,0
13/06/2015 20:00,0
13/06/2015 21:00,0
13/06/2015 22:00,0
13/06/2015 23:00,0
14/06/2015 00:00,0
14/06/2015 01:00,0
14/06/2015 02:00,3.34852E-05
14/06/2015 03:00,0.011097529
14/06/2015 04:00,0.084577821
14/06/2015 05:00,0.183177798
14/06/2015 06:00,0.297171543
14/06/2015 07:00,0.414160861
14/06/2015 08:00,0.498947749
14/06/2015 09:00,0.538867079
14/06/2015 10:00,0.535022109
14/06/2015 11:00,0.479459338
14/06/2015 12:00,0.392024549
14/06/2015 13:00,0.316558041
14/06/2015 14:00,0.253149977
14/06/2015 15:00,0.232134277
14/06/2015 16:00,0.03968335
14/06/2015 17:00,0
14/06/2015 18:00,0
14/06/2015 19:00,0
14/06/2015 20:00,0
14/06/2015 21:00,0
14/06/2015 22:00,0
14/06/2015 23:00,0
15/06/2015 00:00,0
15/06/2015 01:00,0
15/06/2015 02:00,3.25916E-05
15/06/2015 03:00,0.011125772
15/06/2015 04:00,0.085957885
15/06/2015 05:00,0.185467092
15/06/2015 06:00,0.300182063
15/06/2015 07:00,0.41630879
15/06/2015 08:00,0.499148001
15/06/2015 09:00,0.542115257
15/06/2015 10:00,0.537082863
15/06/2015 11:00,0.486018
15/06/2015 12:00,0.399139203
15/06/2015 13:00,0.322658833
15/06/2015 14:00,0.260402996
15/06/2015 15:00,0.234924783
15/06/2015 16:00,0.036979034
15/06/2015 17:00,0
15/06/2015 18:00,0
15/06/2015 19:00,0
15/06/2015 20:00,0
15/06/2015 21:00,0
15/06/2015 22:00,0
15/06/2015 23:00,0
16/06/2015 00:00,0
16/06/2015 01:00,0
16/06/2015 02:00,3.11674E-05
16/06/2015 03:00,0.010784785
16/06/2015 04:00,0.084740068
16/06/2015 05:00,0.183256674
16/06/2015 06:00,0.297427767
16/06/2015 07:00,0.411845487
16/06/2015 08:00,0.494087339
16/06/2015 09:00,0.536549116
16/06/2015 10:00,0.534574865
16/06/2015 11:00,0.48455353
16/06/2015 12:00,0.396438175
16/06/2015 13:00,0.317595439
16/06/2015 14:00,0.253275539
16/06/2015 15:00,0.229621078
16/06/2015 16:00,0.03723162
16/06/2015 17:00,0
16/06/2015 18:00,0
16/06/2015 19:00,0
16/06/2015 20:00,0
16/06/2015 21:00,0
16/06/2015 22:00,0
16/06/2015 23:00,0
17/06/2015 00:00,0
17/06/2015 01:00,0
17/06/2015 02:00,3.14594E-05
17/06/2015 03:00,0.010990282
17/06/2015 04:00,0.085039305
17/06/2015 05:00,0.183801729
17/06/2015 06:00,0.298029653
17/06/2015 07:00,0.413524012
17/06/2015 08:00,0.496968808
17/06/2015 09:00,0.540785109
17/06/2015 10:00,0.537094129
17/06/2015 11:00,0.484901202
17/06/2015 12:00,0.393955623
17/06/2015 13:00,0.318739151
17/06/2015 14:00,0.257440634
17/06/2015 15:00,0.229072164
17/06/2015 16:00,0.039418046
17/06/2015 17:00,0
17/06/2015 18:00,0
17/06/2015 19:00,0
17/06/2015 20:00,0
17/06/2015 21:00,0
17/06/2015 22:00,0
17/06/2015 23:00,0
18/06/2015 00:00,0
18/06/2015 01:00,0
18/06/2015 02:00,2.95011E-05
18/06/2015 03:00,0.01059108
18/06/2015 04:00,0.083576188
18/06/2015 05:00,0.181653682
18/06/2015 06:00,0.29536299
18/06/2015 07:00,0.410326008
18/06/2015 08:00,0.493839575
18/06/2015 09:00,0.537780894
18/06/2015 10:00,0.533974912
18/06/2015 11:00,0.481375337
18/06/2015 12:00,0.391783304
18/06/2015 13:00,0.312891464
18/06/2015 14:00,0.253797348
18/06/2015 15:00,0.220447419
18/06/2015 16:00,0.039743409
18/06/2015 17:00,0
18/06/2015 18:00,0
18/06/2015 19:00,0
18/06/2015 20:00,0
18/06/2015 21:00,0
18/06/2015 22:00,0
18/06/2015 23:00,0
19/06/2015 00:00,0
19/06/2015 01:00,0
19/06/2015 02:00,2.86166E-05
19/06/2015 03:00,0.010371196
19/06/2015 04:00,0.080883996
19/06/2015 05:00,0.17713645
19/06/2015 06:00,0.290185937
19/06/2015 07:00,0.401704548
19/06/2015 08:00,0.484838345
19/06/2015 09:00,0.528292037
19/06/2015 10:00,0.516982228
19/06/2015 11:00,0.457687921
19/06/2015 12:00,0.37789262
19/06/2015 13:00,0.301671042
19/06/2015 14:00,0.235396797
19/06/2015 15:00,0.207574299
19/06/2015 16:00,0.039288906
19/06/2015 17:00,0
19/06/2015 18:00,0
19/06/2015 19:00,0
19/06/2015 20:00,0
19/06/2015 21:00,0
19/06/2015 22:00,0
19/06/2015 23:00,0
20/06/2015 00:00,0
20/06/2015 01:00,0
20/06/2015 02:00,2.75772E-05
20/06/2015 03:00,0.010162265
20/06/2015 04:00,0.08037929
20/06/2015 05:00,0.177281717
20/06/2015 06:00,0.287581793
20/06/2015 07:00,0.402745424
20/06/2015 08:00,0.483605478
20/06/2015 09:00,0.527664231
20/06/2015 10:00,0.51559254
20/06/2015 11:00,0.463121742
20/06/2015 12:00,0.376338425
20/06/2015 13:00,0.297815651
20/06/2015 14:00,0.237199425
20/06/2015 15:00,0.202729182
20/06/2015 16:00,0.035202511
20/06/2015 17:00,0
20/06/2015 18:00,0
20/06/2015 19:00,0
20/06/2015 20:00,0
20/06/2015 21:00,0
20/06/2015 22:00,0
20/06/2015 23:00,0
21/06/2015 00:00,0
21/06/2015 01:00,0
21/06/2015 02:00,2.68617E-05
21/06/2015 03:00,0.010142299
21/06/2015 04:00,0.080033605
21/06/2015 05:00,0.176589648
21/06/2015 06:00,0.288964113
21/06/2015 07:00,0.4023485
21/06/2015 08:00,0.486369069
21/06/2015 09:00,0.526637277
21/06/2015 10:00,0.518685604
21/06/2015 11:00,0.462848442
21/06/2015 12:00,0.380247921
21/06/2015 13:00,0.30755479
21/06/2015 14:00,0.237782134
21/06/2015 15:00,0.20258269
21/06/2015 16:00,0.036990367
21/06/2015 17:00,0
21/06/2015 18:00,0
21/06/2015 19:00,0
21/06/2015 20:00,0
21/06/2015 21:00,0
21/06/2015 22:00,0
21/06/2015 23:00,0
22/06/2015 00:00,0
22/06/2015 01:00,0
22/06/2015 02:00,2.58335E-05
22/06/2015 03:00,0.010208818
22/06/2015 04:00,0.081281072
22/06/2015 05:00,0.178757573
22/06/2015 06:00,0.292136713
22/06/2015 07:00,0.40300307
22/06/2015 08:00,0.482106768
22/06/2015 09:00,0.528417969
22/06/2015 10:00,0.518428506
22/06/2015 11:00,0.465538289
22/06/2015 12:00,0.387621537
22/06/2015 13:00,0.306527531
22/06/2015 14:00,0.2468626
22/06/2015 15:00,0.214791276
22/06/2015 16:00,0.04201723
22/06/2015 17:00,0
22/06/2015 18:00,0
22/06/2015 19:00,0
22/06/2015 20:00,0
22/06/2015 21:00,0
22/06/2015 22:00,0
22/06/2015 23:00,0
23/06/2015 00:00,0
23/06/2015 01:00,0
23/06/2015 02:00,2.43944E-05
23/06/2015 03:00,0.010063055
23/06/2015 04:00,0.081028661
23/06/2015 05:00,0.178482505
23/06/2015 06:00,0.292648317
23/06/2015 07:00,0.408259079
23/06/2015 08:00,0.491430838
23/06/2015 09:00,0.537218882
23/06/2015 10:00,0.528883902
23/06/2015 11:00,0.479990178
23/06/2015 12:00,0.393884883
23/06/2015 13:00,0.319278806
23/06/2015 14:00,0.256353021
23/06/2015 15:00,0.220202097
23/06/2015 16:00,0.042318751
23/06/2015 17:00,0
23/06/2015 18:00,0
23/06/2015 19:00,0
23/06/2015 20:00,0
23/06/2015 21:00,0
23/06/2015 22:00,0
23/06/2015 23:00,0
24/06/2015 00:00,0
24/06/2015 01:00,0
24/06/2015 02:00,2.32637E-05
24/06/2015 03:00,0.009976223
24/06/2015 04:00,0.08102887
24/06/2015 05:00,0.178993175
24/06/2015 06:00,0.292000398
24/06/2015 07:00,0.407847874
24/06/2015 08:00,0.492535488
24/06/2015 09:00,0.534858631
24/06/2015 10:00,0.528884229
24/06/2015 11:00,0.476509246
24/06/2015 12:00,0.386539884
24/06/2015 13:00,0.310239947
24/06/2015 14:00,0.249728912
24/06/2015 15:00,0.216536068
24/06/2015 16:00,0.041415664
24/06/2015 17:00,0
24/06/2015 18:00,0
24/06/2015 19:00,0
24/06/2015 20:00,0
24/06/2015 21:00,0
24/06/2015 22:00,0
24/06/2015 23:00,0
25/06/2015 00:00,0
25/06/2015 01:00,0
25/06/2015 02:00,2.2198E-05
25/06/2015 03:00,0.009882961
25/06/2015 04:00,0.080614695
25/06/2015 05:00,0.177809755
25/06/2015 06:00,0.289945593
25/06/2015 07:00,0.404046338
25/06/2015 08:00,0.487215568
25/06/2015 09:00,0.531127354
25/06/2015 10:00,0.519578707
25/06/2015 11:00,0.467040652
25/06/2015 12:00,0.378637824
25/06/2015 13:00,0.304437384
25/06/2015 14:00,0.242766637
25/06/2015 15:00,0.211743826
25/06/2015 16:00,0.040097269
25/06/2015 17:00,0
25/06/2015 18:00,0
25/06/2015 19:00,0
25/06/2015 20:00,0
25/06/2015 21:00,0
25/06/2015 22:00,0
25/06/2015 23:00,0
26/06/2015 00:00,0
26/06/2015 01:00,0
26/06/2015 02:00,2.08469E-05
26/06/2015 03:00,0.009596963
26/06/2015 04:00,0.079499512
26/06/2015 05:00,0.175441236
26/06/2015 06:00,0.286923354
26/06/2015 07:00,0.399962057
26/06/2015 08:00,0.481249896
26/06/2015 09:00,0.521366742
26/06/2015 10:00,0.524772389
26/06/2015 11:00,0.470571247
26/06/2015 12:00,0.384664953
26/06/2015 13:00,0.305403992
26/06/2015 14:00,0.247071114
26/06/2015 15:00,0.213401446
26/06/2015 16:00,0.04064448
26/06/2015 17:00,0
26/06/2015 18:00,0
26/06/2015 19:00,0
26/06/2015 20:00,0
26/06/2015 21:00,0
26/06/2015 22:00,0
26/06/2015 23:00,0
27/06/2015 00:00,0
27/06/2015 01:00,0
27/06/2015 02:00,1.91762E-05
27/06/2015 03:00,0.009329139
27/06/2015 04:00,0.078572183
27/06/2015 05:00,0.17551847
27/06/2015 06:00,0.287345393
27/06/2015 07:00,0.398650482
27/06/2015 08:00,0.479820127
27/06/2015 09:00,0.528333247
27/06/2015 10:00,0.526452971
27/06/2015 11:00,0.466704983
27/06/2015 12:00,0.385363945
27/06/2015 13:00,0.304809041
27/06/2015 14:00,0.247400546
27/06/2015 15:00,0.212738798
27/06/2015 16:00,0.038811555
27/06/2015 17:00,0
27/06/2015 18:00,0
27/06/2015 19:00,0
27/06/2015 20:00,0
27/06/2015 21:00,0
27/06/2015 22:00,0
27/06/2015 23:00,0
28/06/2015 00:00,0
28/06/2015 01:00,0
28/06/2015 02:00,1.78302E-05
28/06/2015 03:00,0.00914109
28/06/2015 04:00,0.077321889
28/06/2015 05:00,0.172113912
28/06/2015 06:00,0.284726268
28/06/2015 07:00,0.397195932
28/06/2015 08:00,0.47638839
28/06/2015 09:00,0.525836469
28/06/2015 10:00,0.514787374
28/06/2015 11:00,0.466277402
28/06/2015 12:00,0.379039748
28/06/2015 13:00,0.307678189
28/06/2015 14:00,0.241516287
28/06/2015 15:00,0.199202418
28/06/2015 16:00,0.035361141
28/06/2015 17:00,0
28/06/2015 18:00,0
28/06/2015 19:00,0
28/06/2015 20:00,0
28/06/2015 21:00,0
28/06/2015 22:00,0
28/06/2015 23:00,0
29/06/2015 00:00,0
29/06/2015 01:00,0
29/06/2015 02:00,1.70377E-05
29/06/2015 03:00,0.009066749
29/06/2015 04:00,0.076882215
29/06/2015 05:00,0.173316841
29/06/2015 06:00,0.284491625
29/06/2015 07:00,0.396101623
29/06/2015 08:00,0.476968004
29/06/2015 09:00,0.516095076
29/06/2015 10:00,0.514984627
29/06/2015 11:00,0.468103429
29/06/2015 12:00,0.380257811
29/06/2015 13:00,0.29932583
29/06/2015 14:00,0.237826601
29/06/2015 15:00,0.195375949
29/06/2015 16:00,0.039264659
29/06/2015 17:00,0
29/06/2015 18:00,0
29/06/2015 19:00,0
29/06/2015 20:00,0
29/06/2015 21:00,0
29/06/2015 22:00,0
29/06/2015 23:00,0
30/06/2015 00:00,0
30/06/2015 01:00,0
30/06/2015 02:00,1.58663E-05
30/06/2015 03:00,0.00876941
30/06/2015 04:00,0.076057712
30/06/2015 05:00,0.171274524
30/06/2015 06:00,0.282640352
30/06/2015 07:00,0.391803396
30/06/2015 08:00,0.472052087
30/06/2015 09:00,0.521422339
30/06/2015 10:00,0.5160674
30/06/2015 11:00,0.464379797
30/06/2015 12:00,0.381629703
30/06/2015 13:00,0.306729338
30/06/2015 14:00,0.239951348
30/06/2015 15:00,0.20893265
30/06/2015 16:00,0.039441908
30/06/2015 17:00,0
30/06/2015 18:00,0
30/06/2015 19:00,0
30/06/2015 20:00,0
30/06/2015 21:00,0
30/06/2015 22:00,0
30/06/2015 23:00,0
01/07/2015 00:00,0
01/07/2015 01:00,0
01/07/2015 02:00,7.73584E-06
01/07/2015 03:00,0.008339471
01/07/2015 04:00,0.075459485
01/07/2015 05:00,0.172895846
01/07/2015 06:00,0.284516955
01/07/2015 07:00,0.398125975
01/07/2015 08:00,0.47833583
01/07/2015 09:00,0.520804603
01/07/2015 10:00,0.517890065
01/07/2015 11:00,0.460611927
01/07/2015 12:00,0.379183075
01/07/2015 13:00,0.303605416
01/07/2015 14:00,0.238689066
01/07/2015 15:00,0.194698481
01/07/2015 16:00,0.037199108
01/07/2015 17:00,0
01/07/2015 18:00,0
01/07/2015 19:00,0
01/07/2015 20:00,0
01/07/2015 21:00,0
01/07/2015 22:00,0
01/07/2015 23:00,0
02/07/2015 00:00,0
02/07/2015 01:00,0
02/07/2015 02:00,6.74404E-06
02/07/2015 03:00,0.008430261
02/07/2015 04:00,0.07550096
02/07/2015 05:00,0.171292011
02/07/2015 06:00,0.281428581
02/07/2015 07:00,0.397149736
02/07/2015 08:00,0.479760123
02/07/2015 09:00,0.517565673
02/07/2015 10:00,0.512257624
02/07/2015 11:00,0.461864201
02/07/2015 12:00,0.367448264
02/07/2015 13:00,0.294841146
02/07/2015 14:00,0.232808173
02/07/2015 15:00,0.19280985
02/07/2015 16:00,0.040185523
02/07/2015 17:00,0
02/07/2015 18:00,0
02/07/2015 19:00,0
02/07/2015 20:00,0
02/07/2015 21:00,0
02/07/2015 22:00,0
02/07/2015 23:00,0
03/07/2015 00:00,0
03/07/2015 01:00,0
03/07/2015 02:00,5.99673E-06
03/07/2015 03:00,0.008306913
03/07/2015 04:00,0.075052864
03/07/2015 05:00,0.17171224
03/07/2015 06:00,0.282011985
03/07/2015 07:00,0.393569787
03/07/2015 08:00,0.477235269
03/07/2015 09:00,0.518857586
03/07/2015 10:00,0.517054669
03/07/2015 11:00,0.460393972
03/07/2015 12:00,0.370431312
03/07/2015 13:00,0.29853083
03/07/2015 14:00,0.232752662
03/07/2015 15:00,0.194285863
03/07/2015 16:00,0.038925937
03/07/2015 17:00,0
03/07/2015 18:00,0
03/07/2015 19:00,0
03/07/2015 20:00,0
03/07/2015 21:00,0
03/07/2015 22:00,0
03/07/2015 23:00,0
04/07/2015 00:00,0
04/07/2015 01:00,0
04/07/2015 02:00,5.22427E-06
04/07/2015 03:00,0.008058526
04/07/2015 04:00,0.073128935
04/07/2015 05:00,0.168058805
04/07/2015 06:00,0.277425479
04/07/2015 07:00,0.391529412
04/07/2015 08:00,0.469446778
04/07/2015 09:00,0.520747936
04/07/2015 10:00,0.519940389
04/07/2015 11:00,0.470007057
04/07/2015 12:00,0.381276611
04/07/2015 13:00,0.300182552
04/07/2015 14:00,0.237527745
04/07/2015 15:00,0.19959868
04/07/2015 16:00,0.038541301
04/07/2015 17:00,0
04/07/2015 18:00,0
04/07/2015 19:00,0
04/07/2015 20:00,0
04/07/2015 21:00,0
04/07/2015 22:00,0
04/07/2015 23:00,0
05/07/2015 00:00,0
05/07/2015 01:00,0
05/07/2015 02:00,3.56427E-06
05/07/2015 03:00,0.007919013
05/07/2015 04:00,0.072012064
05/07/2015 05:00,0.167308714
05/07/2015 06:00,0.279938143
05/07/2015 07:00,0.393399955
05/07/2015 08:00,0.476091328
05/07/2015 09:00,0.520760041
05/07/2015 10:00,0.518640619
05/07/2015 11:00,0.463256836
05/07/2015 12:00,0.373799894
05/07/2015 13:00,0.302646551
05/07/2015 14:00,0.24435445
05/07/2015 15:00,0.210234283
05/07/2015 16:00,0.040513296
05/07/2015 17:00,0
05/07/2015 18:00,0
05/07/2015 19:00,0
05/07/2015 20:00,0
05/07/2015 21:00,0
05/07/2015 22:00,0
05/07/2015 23:00,0
06/07/2015 00:00,0
06/07/2015 01:00,0
06/07/2015 02:00,3.33314E-06
06/07/2015 03:00,0.007760286
06/07/2015 04:00,0.072532601
06/07/2015 05:00,0.168606225
06/07/2015 06:00,0.279761876
06/07/2015 07:00,0.392562816
06/07/2015 08:00,0.46943779
06/07/2015 09:00,0.516948646
06/07/2015 10:00,0.517294859
06/07/2015 11:00,0.470760577
06/07/2015 12:00,0.387517689
06/07/2015 13:00,0.312584922
06/07/2015 14:00,0.248486201
06/07/2015 15:00,0.216827737
06/07/2015 16:00,0.043209823
06/07/2015 17:00,0
06/07/2015 18:00,0
06/07/2015 19:00,0
06/07/2015 20:00,0
06/07/2015 21:00,0
06/07/2015 22:00,0
06/07/2015 23:00,0
07/07/2015 00:00,0
07/07/2015 01:00,0
07/07/2015 02:00,3.10221E-06
07/07/2015 03:00,0.007234194
07/07/2015 04:00,0.070685403
07/07/2015 05:00,0.165990702
07/07/2015 06:00,0.278597412
07/07/2015 07:00,0.391040371
07/07/2015 08:00,0.477949361
07/07/2015 09:00,0.523386952
07/07/2015 10:00,0.527651238
07/07/2015 11:00,0.48089234
07/07/2015 12:00,0.395673714
07/07/2015 13:00,0.31583317
07/07/2015 14:00,0.251927024
07/07/2015 15:00,0.217854518
07/07/2015 16:00,0.041259145
07/07/2015 17:00,0
07/07/2015 18:00,0
07/07/2015 19:00,0
07/07/2015 20:00,0
07/07/2015 21:00,0
07/07/2015 22:00,0
07/07/2015 23:00,0
08/07/2015 00:00,0
08/07/2015 01:00,0
08/07/2015 02:00,2.95542E-06
08/07/2015 03:00,0.007278259
08/07/2015 04:00,0.069734865
08/07/2015 05:00,0.164038102
08/07/2015 06:00,0.271635506
08/07/2015 07:00,0.384722595
08/07/2015 08:00,0.467661486
08/07/2015 09:00,0.511890887
08/07/2015 10:00,0.516798937
08/07/2015 11:00,0.468471236
08/07/2015 12:00,0.382601252
08/07/2015 13:00,0.306554181
08/07/2015 14:00,0.245932506
08/07/2015 15:00,0.205507205
08/07/2015 16:00,0.03986513
08/07/2015 17:00,0
08/07/2015 18:00,0
08/07/2015 19:00,0
08/07/2015 20:00,0
08/07/2015 21:00,0
08/07/2015 22:00,0
08/07/2015 23:00,0
09/07/2015 00:00,0
09/07/2015 01:00,0
09/07/2015 02:00,2.84646E-06
09/07/2015 03:00,0.007132917
09/07/2015 04:00,0.070715594
09/07/2015 05:00,0.166354536
09/07/2015 06:00,0.2772012
09/07/2015 07:00,0.387279075
09/07/2015 08:00,0.468699863
09/07/2015 09:00,0.511723422
09/07/2015 10:00,0.510717846
09/07/2015 11:00,0.464132586
09/07/2015 12:00,0.376078521
09/07/2015 13:00,0.300305696
09/07/2015 14:00,0.233766537
09/07/2015 15:00,0.195145809
09/07/2015 16:00,0.035567365
09/07/2015 17:00,0
09/07/2015 18:00,0
09/07/2015 19:00,0
09/07/2015 20:00,0
09/07/2015 21:00,0
09/07/2015 22:00,0
09/07/2015 23:00,0
10/07/2015 00:00,0
10/07/2015 01:00,0
10/07/2015 02:00,2.81146E-06
10/07/2015 03:00,0.007012536
10/07/2015 04:00,0.067996951
10/07/2015 05:00,0.160419264
10/07/2015 06:00,0.270507838
10/07/2015 07:00,0.386829115
10/07/2015 08:00,0.466213322
10/07/2015 09:00,0.505116245
10/07/2015 10:00,0.507652866
10/07/2015 11:00,0.447794215
10/07/2015 12:00,0.377020012
10/07/2015 13:00,0.303167471
10/07/2015 14:00,0.236761548
10/07/2015 15:00,0.192320828
10/07/2015 16:00,0.036659907
10/07/2015 17:00,0
10/07/2015 18:00,0
10/07/2015 19:00,0
10/07/2015 20:00,0
10/07/2015 21:00,0
10/07/2015 22:00,0
10/07/2015 23:00,0
11/07/2015 00:00,0
11/07/2015 01:00,0
11/07/2015 02:00,2.74599E-06
11/07/2015 03:00,0.006845353
11/07/2015 04:00,0.069095133
11/07/2015 05:00,0.164936859
11/07/2015 06:00,0.277975217
11/07/2015 07:00,0.392338042
11/07/2015 08:00,0.473889382
11/07/2015 09:00,0.520001133
11/07/2015 10:00,0.520666663
11/07/2015 11:00,0.473204895
11/07/2015 12:00,0.387824508
11/07/2015 13:00,0.312326997
11/07/2015 14:00,0.244388714
11/07/2015 15:00,0.207591883
11/07/2015 16:00,0.036580738
11/07/2015 17:00,0
11/07/2015 18:00,0
11/07/2015 19:00,0
11/07/2015 20:00,0
11/07/2015 21:00,0
11/07/2015 22:00,0
11/07/2015 23:00,0
12/07/2015 00:00,0
12/07/2015 01:00,0
12/07/2015 02:00,2.45851E-06
12/07/2015 03:00,0.006587365
12/07/2015 04:00,0.069793449
12/07/2015 05:00,0.166811107
12/07/2015 06:00,0.280928575
12/07/2015 07:00,0.393399095
12/07/2015 08:00,0.475157092
12/07/2015 09:00,0.518199205
12/07/2015 10:00,0.514829389
12/07/2015 11:00,0.472635541
12/07/2015 12:00,0.39157174
12/07/2015 13:00,0.315079873
12/07/2015 14:00,0.250376046
12/07/2015 15:00,0.212861245
12/07/2015 16:00,0.038019972
12/07/2015 17:00,0
12/07/2015 18:00,0
12/07/2015 19:00,0
12/07/2015 20:00,0
12/07/2015 21:00,0
12/07/2015 22:00,0
12/07/2015 23:00,0
13/07/2015 00:00,0
13/07/2015 01:00,0
13/07/2015 02:00,1.77323E-06
13/07/2015 03:00,0.006447908
13/07/2015 04:00,0.069400477
13/07/2015 05:00,0.167287353
13/07/2015 06:00,0.27867247
13/07/2015 07:00,0.387567932
13/07/2015 08:00,0.469875414
13/07/2015 09:00,0.513188029
13/07/2015 10:00,0.516760906
13/07/2015 11:00,0.474357094
13/07/2015 12:00,0.395346142
13/07/2015 13:00,0.317528867
13/07/2015 14:00,0.253363626
13/07/2015 15:00,0.217373113
13/07/2015 16:00,0.039114203
13/07/2015 17:00,0
13/07/2015 18:00,0
13/07/2015 19:00,0
13/07/2015 20:00,0
13/07/2015 21:00,0
13/07/2015 22:00,0
13/07/2015 23:00,0
14/07/2015 00:00,0
14/07/2015 01:00,0
14/07/2015 02:00,1.76006E-06
14/07/2015 03:00,0.006268805
14/07/2015 04:00,0.068560879
14/07/2015 05:00,0.1659695
14/07/2015 06:00,0.277195984
14/07/2015 07:00,0.385068269
14/07/2015 08:00,0.471664615
14/07/2015 09:00,0.52263824
14/07/2015 10:00,0.523196363
14/07/2015 11:00,0.481812249
14/07/2015 12:00,0.397070796
14/07/2015 13:00,0.317015977
14/07/2015 14:00,0.253578754
14/07/2015 15:00,0.218616248
14/07/2015 16:00,0.040277922
14/07/2015 17:00,0
14/07/2015 18:00,0
14/07/2015 19:00,0
14/07/2015 20:00,0
14/07/2015 21:00,0
14/07/2015 22:00,0
14/07/2015 23:00,0
15/07/2015 00:00,0
15/07/2015 01:00,0
15/07/2015 02:00,1.51116E-06
15/07/2015 03:00,0.006034986
15/07/2015 04:00,0.068305995
15/07/2015 05:00,0.165070585
15/07/2015 06:00,0.276491829
15/07/2015 07:00,0.39076694
15/07/2015 08:00,0.475821271
15/07/2015 09:00,0.524567444
15/07/2015 10:00,0.526723002
15/07/2015 11:00,0.483098053
15/07/2015 12:00,0.398302205
15/07/2015 13:00,0.321301914
15/07/2015 14:00,0.26020158
15/07/2015 15:00,0.231274961
15/07/2015 16:00,0.043352205
15/07/2015 17:00,0
15/07/2015 18:00,0
15/07/2015 19:00,0
15/07/2015 20:00,0
15/07/2015 21:00,0
15/07/2015 22:00,0
15/07/2015 23:00,0
16/07/2015 00:00,0
16/07/2015 01:00,0
16/07/2015 02:00,5.85574E-08
16/07/2015 03:00,0.005944256
16/07/2015 04:00,0.068747029
16/07/2015 05:00,0.167336475
16/07/2015 06:00,0.278029782
16/07/2015 07:00,0.393088899
16/07/2015 08:00,0.478666493
16/07/2015 09:00,0.528480688
16/07/2015 10:00,0.529376849
16/07/2015 11:00,0.481731165
16/07/2015 12:00,0.403501802
16/07/2015 13:00,0.324584373
16/07/2015 14:00,0.261872908
16/07/2015 15:00,0.228573004
16/07/2015 16:00,0.040277675
16/07/2015 17:00,0
16/07/2015 18:00,0
16/07/2015 19:00,0
16/07/2015 20:00,0
16/07/2015 21:00,0
16/07/2015 22:00,0
16/07/2015 23:00,0
17/07/2015 00:00,0
17/07/2015 01:00,0
17/07/2015 02:00,5.05447E-08
17/07/2015 03:00,0.005947188
17/07/2015 04:00,0.068527779
17/07/2015 05:00,0.16729287
17/07/2015 06:00,0.279832833
17/07/2015 07:00,0.39808902
17/07/2015 08:00,0.486233728
17/07/2015 09:00,0.534783484
17/07/2015 10:00,0.536647653
17/07/2015 11:00,0.488778121
17/07/2015 12:00,0.405076472
17/07/2015 13:00,0.324907341
17/07/2015 14:00,0.260598524
17/07/2015 15:00,0.232540335
17/07/2015 16:00,0.039641775
17/07/2015 17:00,0
17/07/2015 18:00,0
17/07/2015 19:00,0
17/07/2015 20:00,0
17/07/2015 21:00,0
17/07/2015 22:00,0
17/07/2015 23:00,0
18/07/2015 00:00,0
18/07/2015 01:00,0
18/07/2015 02:00,4.16237E-08
18/07/2015 03:00,0.005813587
18/07/2015 04:00,0.068674617
18/07/2015 05:00,0.167631806
18/07/2015 06:00,0.27907669
18/07/2015 07:00,0.394733646
18/07/2015 08:00,0.47891235
18/07/2015 09:00,0.53292848
18/07/2015 10:00,0.534285667
18/07/2015 11:00,0.489999846
18/07/2015 12:00,0.400456466
18/07/2015 13:00,0.319947363
18/07/2015 14:00,0.251903214
18/07/2015 15:00,0.219399652
18/07/2015 16:00,0.037886822
18/07/2015 17:00,0
18/07/2015 18:00,0
18/07/2015 19:00,0
18/07/2015 20:00,0
18/07/2015 21:00,0
18/07/2015 22:00,0
18/07/2015 23:00,0
19/07/2015 00:00,0
19/07/2015 01:00,0
19/07/2015 02:00,3.69669E-08
19/07/2015 03:00,0.005684708
19/07/2015 04:00,0.068795848
19/07/2015 05:00,0.16848987
19/07/2015 06:00,0.280082209
19/07/2015 07:00,0.397675091
19/07/2015 08:00,0.484933938
19/07/2015 09:00,0.530470533
19/07/2015 10:00,0.525843595
19/07/2015 11:00,0.477173467
19/07/2015 12:00,0.393266805
19/07/2015 13:00,0.314155265
19/07/2015 14:00,0.251675141
19/07/2015 15:00,0.216984971
19/07/2015 16:00,0.038516369
19/07/2015 17:00,0
19/07/2015 18:00,0
19/07/2015 19:00,0
19/07/2015 20:00,0
19/07/2015 21:00,0
19/07/2015 22:00,0
19/07/2015 23:00,0
20/07/2015 00:00,0
20/07/2015 01:00,0
20/07/2015 02:00,3.26932E-08
20/07/2015 03:00,0.005458492
20/07/2015 04:00,0.066444172
20/07/2015 05:00,0.165953076
20/07/2015 06:00,0.278386208
20/07/2015 07:00,0.397221448
20/07/2015 08:00,0.484175154
20/07/2015 09:00,0.527253618
20/07/2015 10:00,0.523308723
20/07/2015 11:00,0.47495613
20/07/2015 12:00,0.384324042
20/07/2015 13:00,0.313332367
20/07/2015 14:00,0.250792611
20/07/2015 15:00,0.225744604
20/07/2015 16:00,0.041020768
20/07/2015 17:00,0
20/07/2015 18:00,0
20/07/2015 19:00,0
20/07/2015 20:00,0
20/07/2015 21:00,0
20/07/2015 22:00,0
20/07/2015 23:00,0
21/07/2015 00:00,0
21/07/2015 01:00,0
21/07/2015 02:00,2.77637E-08
21/07/2015 03:00,0.005259994
21/07/2015 04:00,0.064704896
21/07/2015 05:00,0.162638528
21/07/2015 06:00,0.275941049
21/07/2015 07:00,0.396323513
21/07/2015 08:00,0.48314835
21/07/2015 09:00,0.534839019
21/07/2015 10:00,0.53530383
21/07/2015 11:00,0.487353469
21/07/2015 12:00,0.399145183
21/07/2015 13:00,0.322084659
21/07/2015 14:00,0.259507231
21/07/2015 15:00,0.230007355
21/07/2015 16:00,0.040048367
21/07/2015 17:00,0
21/07/2015 18:00,0
21/07/2015 19:00,0
21/07/2015 20:00,0
21/07/2015 21:00,0
21/07/2015 22:00,0
21/07/2015 23:00,0
22/07/2015 00:00,0
22/07/2015 01:00,0
22/07/2015 02:00,2.4103E-08
22/07/2015 03:00,0.005091378
22/07/2015 04:00,0.065569892
22/07/2015 05:00,0.162545067
22/07/2015 06:00,0.274725264
22/07/2015 07:00,0.3931772
22/07/2015 08:00,0.48175959
22/07/2015 09:00,0.5294193
22/07/2015 10:00,0.526503013
22/07/2015 11:00,0.480390096
22/07/2015 12:00,0.394163018
22/07/2015 13:00,0.31946088
22/07/2015 14:00,0.254418266
22/07/2015 15:00,0.22381007
22/07/2015 16:00,0.039466856
22/07/2015 17:00,0
22/07/2015 18:00,0
22/07/2015 19:00,0
22/07/2015 20:00,0
22/07/2015 21:00,0
22/07/2015 22:00,0
22/07/2015 23:00,0
23/07/2015 00:00,0
23/07/2015 01:00,0
23/07/2015 02:00,2.05623E-08
23/07/2015 03:00,0.004698423
23/07/2015 04:00,0.062750253
23/07/2015 05:00,0.160379089
23/07/2015 06:00,0.272030599
23/07/2015 07:00,0.387727663
23/07/2015 08:00,0.476492675
23/07/2015 09:00,0.524511777
23/07/2015 10:00,0.523231756
23/07/2015 11:00,0.478434668
23/07/2015 12:00,0.391968313
23/07/2015 13:00,0.312388323
23/07/2015 14:00,0.251464531
23/07/2015 15:00,0.232255226
23/07/2015 16:00,0.038737233
23/07/2015 17:00,0
23/07/2015 18:00,0
23/07/2015 19:00,0
23/07/2015 20:00,0
23/07/2015 21:00,0
23/07/2015 22:00,0
23/07/2015 23:00,0
24/07/2015 00:00,0
24/07/2015 01:00,0
24/07/2015 02:00,1.84621E-08
24/07/2015 03:00,0.004713875
24/07/2015 04:00,0.063817739
24/07/2015 05:00,0.162017348
24/07/2015 06:00,0.275267424
24/07/2015 07:00,0.391128573
24/07/2015 08:00,0.477682118
24/07/2015 09:00,0.526958859
24/07/2015 10:00,0.520325514
24/07/2015 11:00,0.462750899
24/07/2015 12:00,0.383406018
24/07/2015 13:00,0.306513222
24/07/2015 14:00,0.248821651
24/07/2015 15:00,0.223926189
24/07/2015 16:00,0.03743121
24/07/2015 17:00,0
24/07/2015 18:00,0
24/07/2015 19:00,0
24/07/2015 20:00,0
24/07/2015 21:00,0
24/07/2015 22:00,0
24/07/2015 23:00,0
25/07/2015 00:00,0
25/07/2015 01:00,0
25/07/2015 02:00,1.51692E-08
25/07/2015 03:00,0.004480561
25/07/2015 04:00,0.060426685
25/07/2015 05:00,0.15903506
25/07/2015 06:00,0.269257628
25/07/2015 07:00,0.385647963
25/07/2015 08:00,0.474164239
25/07/2015 09:00,0.513765707
25/07/2015 10:00,0.507386275
25/07/2015 11:00,0.453565968
25/07/2015 12:00,0.368105849
25/07/2015 13:00,0.300461501
25/07/2015 14:00,0.236183155
25/07/2015 15:00,0.205877311
25/07/2015 16:00,0.03347557
25/07/2015 17:00,0
25/07/2015 18:00,0
25/07/2015 19:00,0
25/07/2015 20:00,0
25/07/2015 21:00,0
25/07/2015 22:00,0
25/07/2015 23:00,0
26/07/2015 00:00,0
26/07/2015 01:00,0
26/07/2015 02:00,1.4153E-08
26/07/2015 03:00,0.00475349
26/07/2015 04:00,0.065023807
26/07/2015 05:00,0.163745736
26/07/2015 06:00,0.275856335
26/07/2015 07:00,0.393289986
26/07/2015 08:00,0.480284965
26/07/2015 09:00,0.531119108
26/07/2015 10:00,0.527720131
26/07/2015 11:00,0.474191556
26/07/2015 12:00,0.378157905
26/07/2015 13:00,0.306285282
26/07/2015 14:00,0.248879956
26/07/2015 15:00,0.225986335
26/07/2015 16:00,0.027348856
26/07/2015 17:00,0
26/07/2015 18:00,0
26/07/2015 19:00,0
26/07/2015 20:00,0
26/07/2015 21:00,0
26/07/2015 22:00,0
26/07/2015 23:00,0
27/07/2015 00:00,0
27/07/2015 01:00,0
27/07/2015 02:00,1.33147E-08
27/07/2015 03:00,0.004517951
27/07/2015 04:00,0.064866372
27/07/2015 05:00,0.165450015
27/07/2015 06:00,0.280654034
27/07/2015 07:00,0.399089476
27/07/2015 08:00,0.488329778
27/07/2015 09:00,0.540979451
27/07/2015 10:00,0.538388263
27/07/2015 11:00,0.479272047
27/07/2015 12:00,0.398288166
27/07/2015 13:00,0.322711668
27/07/2015 14:00,0.250118483
27/07/2015 15:00,0.225986443
27/07/2015 16:00,0.029854512
27/07/2015 17:00,0
27/07/2015 18:00,0
27/07/2015 19:00,0
27/07/2015 20:00,0
27/07/2015 21:00,0
27/07/2015 22:00,0
27/07/2015 23:00,0
28/07/2015 00:00,0
28/07/2015 01:00,0
28/07/2015 02:00,1.2466E-08
28/07/2015 03:00,0.004343414
28/07/2015 04:00,0.061236091
28/07/2015 05:00,0.16050515
28/07/2015 06:00,0.277034279
28/07/2015 07:00,0.389672079
28/07/2015 08:00,0.483182407
28/07/2015 09:00,0.527567263
28/07/2015 10:00,0.525870297
28/07/2015 11:00,0.480104863
28/07/2015 12:00,0.375877061
28/07/2015 13:00,0.305783479
28/07/2015 14:00,0.236808696
28/07/2015 15:00,0.202197063
28/07/2015 16:00,0.032959303
28/07/2015 17:00,0
28/07/2015 18:00,0
28/07/2015 19:00,0
28/07/2015 20:00,0
28/07/2015 21:00,0
28/07/2015 22:00,0
28/07/2015 23:00,0
29/07/2015 00:00,0
29/07/2015 01:00,0
29/07/2015 02:00,1.14803E-08
29/07/2015 03:00,0.004341777
29/07/2015 04:00,0.061241987
29/07/2015 05:00,0.159235604
29/07/2015 06:00,0.27429066
29/07/2015 07:00,0.391991608
29/07/2015 08:00,0.477735229
29/07/2015 09:00,0.524552751
29/07/2015 10:00,0.518596208
29/07/2015 11:00,0.467086446
29/07/2015 12:00,0.391063629
29/07/2015 13:00,0.3150584
29/07/2015 14:00,0.249360103
29/07/2015 15:00,0.22879529
29/07/2015 16:00,0.033442692
29/07/2015 17:00,0
29/07/2015 18:00,0
29/07/2015 19:00,0
29/07/2015 20:00,0
29/07/2015 21:00,0
29/07/2015 22:00,0
29/07/2015 23:00,0
30/07/2015 00:00,0
30/07/2015 01:00,0
30/07/2015 02:00,1.09039E-08
30/07/2015 03:00,0.004245099
30/07/2015 04:00,0.06273869
30/07/2015 05:00,0.163585337
30/07/2015 06:00,0.2776581
30/07/2015 07:00,0.386407383
30/07/2015 08:00,0.477700944
30/07/2015 09:00,0.519600649
30/07/2015 10:00,0.52583429
30/07/2015 11:00,0.482851261
30/07/2015 12:00,0.402901389
30/07/2015 13:00,0.322598177
30/07/2015 14:00,0.254725697
30/07/2015 15:00,0.226594392
30/07/2015 16:00,0.032851782
30/07/2015 17:00,0
30/07/2015 18:00,0
30/07/2015 19:00,0
30/07/2015 20:00,0
30/07/2015 21:00,0
30/07/2015 22:00,0
30/07/2015 23:00,0
31/07/2015 00:00,0
31/07/2015 01:00,0
31/07/2015 02:00,1.04485E-08
31/07/2015 03:00,0.004192406
31/07/2015 04:00,0.06430545
31/07/2015 05:00,0.167616391
31/07/2015 06:00,0.284623367
31/07/2015 07:00,0.405595347
31/07/2015 08:00,0.495662088
31/07/2015 09:00,0.543756555
31/07/2015 10:00,0.539346402
31/07/2015 11:00,0.491045977
31/07/2015 12:00,0.39645799
31/07/2015 13:00,0.317637552
31/07/2015 14:00,0.261902111
31/07/2015 15:00,0.232737911
31/07/2015 16:00,0.032984108
31/07/2015 17:00,0
31/07/2015 18:00,0
31/07/2015 19:00,0
31/07/2015 20:00,0
31/07/2015 21:00,0
31/07/2015 22:00,0
31/07/2015 23:00,0
01/08/2015 00:00,0
01/08/2015 01:00,0
01/08/2015 02:00,8.96131E-09
01/08/2015 03:00,0.004062085
01/08/2015 04:00,0.064225533
01/08/2015 05:00,0.167977852
01/08/2015 06:00,0.286001103
01/08/2015 07:00,0.40721715
01/08/2015 08:00,0.495478529
01/08/2015 09:00,0.542350379
01/08/2015 10:00,0.540003883
01/08/2015 11:00,0.484083514
01/08/2015 12:00,0.406958888
01/08/2015 13:00,0.322940499
01/08/2015 14:00,0.264355818
01/08/2015 15:00,0.234038052
01/08/2015 16:00,0.032437557
01/08/2015 17:00,0
01/08/2015 18:00,0
01/08/2015 19:00,0
01/08/2015 20:00,0
01/08/2015 21:00,0
01/08/2015 22:00,0
01/08/2015 23:00,0
02/08/2015 00:00,0
02/08/2015 01:00,0
02/08/2015 02:00,6.45357E-09
02/08/2015 03:00,0.00401389
02/08/2015 04:00,0.064124865
02/08/2015 05:00,0.168104457
02/08/2015 06:00,0.286568978
02/08/2015 07:00,0.409048289
02/08/2015 08:00,0.497927284
02/08/2015 09:00,0.544683031
02/08/2015 10:00,0.545577962
02/08/2015 11:00,0.496991461
02/08/2015 12:00,0.414343619
02/08/2015 13:00,0.336112434
02/08/2015 14:00,0.272823614
02/08/2015 15:00,0.232984945
02/08/2015 16:00,0.03193768
02/08/2015 17:00,0
02/08/2015 18:00,0
02/08/2015 19:00,0
02/08/2015 20:00,0
02/08/2015 21:00,0
02/08/2015 22:00,0
02/08/2015 23:00,0
03/08/2015 00:00,0
03/08/2015 01:00,0
03/08/2015 02:00,6.2673E-09
03/08/2015 03:00,0.003933378
03/08/2015 04:00,0.06394912
03/08/2015 05:00,0.167917205
03/08/2015 06:00,0.284412355
03/08/2015 07:00,0.406566175
03/08/2015 08:00,0.495091096
03/08/2015 09:00,0.548175204
03/08/2015 10:00,0.548416564
03/08/2015 11:00,0.50090717
03/08/2015 12:00,0.414956075
03/08/2015 13:00,0.337094048
03/08/2015 14:00,0.276930338
03/08/2015 15:00,0.240289205
03/08/2015 16:00,0.030115756
03/08/2015 17:00,0
03/08/2015 18:00,0
03/08/2015 19:00,0
03/08/2015 20:00,0
03/08/2015 21:00,0
03/08/2015 22:00,0
03/08/2015 23:00,0
04/08/2015 00:00,0
04/08/2015 01:00,0
04/08/2015 02:00,2.08749E-09
04/08/2015 03:00,0.003740855
04/08/2015 04:00,0.06227366
04/08/2015 05:00,0.164237138
04/08/2015 06:00,0.279948947
04/08/2015 07:00,0.404153521
04/08/2015 08:00,0.493905841
04/08/2015 09:00,0.542075378
04/08/2015 10:00,0.538529154
04/08/2015 11:00,0.48309018
04/08/2015 12:00,0.390331089
04/08/2015 13:00,0.311730775
04/08/2015 14:00,0.249332155
04/08/2015 15:00,0.216092387
04/08/2015 16:00,0.028030051
04/08/2015 17:00,0
04/08/2015 18:00,0
04/08/2015 19:00,0
04/08/2015 20:00,0
04/08/2015 21:00,0
04/08/2015 22:00,0
04/08/2015 23:00,0
05/08/2015 00:00,0
05/08/2015 01:00,0
05/08/2015 02:00,1.47285E-09
05/08/2015 03:00,0.003651548
05/08/2015 04:00,0.062454421
05/08/2015 05:00,0.16727182
05/08/2015 06:00,0.285304769
05/08/2015 07:00,0.405879007
05/08/2015 08:00,0.496740601
05/08/2015 09:00,0.544690202
05/08/2015 10:00,0.537223711
05/08/2015 11:00,0.487910386
05/08/2015 12:00,0.394036484
05/08/2015 13:00,0.307646503
05/08/2015 14:00,0.242706967
05/08/2015 15:00,0.222181966
05/08/2015 16:00,0.026544292
05/08/2015 17:00,0
05/08/2015 18:00,0
05/08/2015 19:00,0
05/08/2015 20:00,0
05/08/2015 21:00,0
05/08/2015 22:00,0
05/08/2015 23:00,0
06/08/2015 00:00,0
06/08/2015 01:00,0
06/08/2015 02:00,1.48073E-09
06/08/2015 03:00,0.003510904
06/08/2015 04:00,0.059596515
06/08/2015 05:00,0.161322654
06/08/2015 06:00,0.27797244
06/08/2015 07:00,0.405102189
06/08/2015 08:00,0.488637684
06/08/2015 09:00,0.537932644
06/08/2015 10:00,0.540781204
06/08/2015 11:00,0.482866977
06/08/2015 12:00,0.387294196
06/08/2015 13:00,0.301742978
06/08/2015 14:00,0.238473977
06/08/2015 15:00,0.211132517
06/08/2015 16:00,0.026274689
06/08/2015 17:00,0
06/08/2015 18:00,0
06/08/2015 19:00,0
06/08/2015 20:00,0
06/08/2015 21:00,0
06/08/2015 22:00,0
06/08/2015 23:00,0
07/08/2015 00:00,0
07/08/2015 01:00,0
07/08/2015 02:00,1.24246E-09
07/08/2015 03:00,0.003398318
07/08/2015 04:00,0.06063927
07/08/2015 05:00,0.164494868
07/08/2015 06:00,0.281624551
07/08/2015 07:00,0.406082448
07/08/2015 08:00,0.492615873
07/08/2015 09:00,0.536253516
07/08/2015 10:00,0.538054195
07/08/2015 11:00,0.484694398
07/08/2015 12:00,0.392743267
07/08/2015 13:00,0.308273988
07/08/2015 14:00,0.253573554
07/08/2015 15:00,0.213586273
07/08/2015 16:00,0.021203399
07/08/2015 17:00,0
07/08/2015 18:00,0
07/08/2015 19:00,0
07/08/2015 20:00,0
07/08/2015 21:00,0
07/08/2015 22:00,0
07/08/2015 23:00,0
08/08/2015 00:00,0
08/08/2015 01:00,0
08/08/2015 02:00,1.16726E-09
08/08/2015 03:00,0.003325785
08/08/2015 04:00,0.061806036
08/08/2015 05:00,0.16686479
08/08/2015 06:00,0.287409042
08/08/2015 07:00,0.409822094
08/08/2015 08:00,0.496624932
08/08/2015 09:00,0.544812188
08/08/2015 10:00,0.541643363
08/08/2015 11:00,0.485072513
08/08/2015 12:00,0.397254506
08/08/2015 13:00,0.324060225
08/08/2015 14:00,0.260111074
08/08/2015 15:00,0.205831285
08/08/2015 16:00,0.020579786
08/08/2015 17:00,0
08/08/2015 18:00,0
08/08/2015 19:00,0
08/08/2015 20:00,0
08/08/2015 21:00,0
08/08/2015 22:00,0
08/08/2015 23:00,0
09/08/2015 00:00,0
09/08/2015 01:00,0
09/08/2015 02:00,1.12642E-09
09/08/2015 03:00,0.002915413
09/08/2015 04:00,0.059156053
09/08/2015 05:00,0.165068811
09/08/2015 06:00,0.286212849
09/08/2015 07:00,0.411947281
09/08/2015 08:00,0.502419694
09/08/2015 09:00,0.546361795
09/08/2015 10:00,0.543216162
09/08/2015 11:00,0.488467869
09/08/2015 12:00,0.40107907
09/08/2015 13:00,0.325372584
09/08/2015 14:00,0.25563183
09/08/2015 15:00,0.207799468
09/08/2015 16:00,0.019625646
09/08/2015 17:00,0
09/08/2015 18:00,0
09/08/2015 19:00,0
09/08/2015 20:00,0
09/08/2015 21:00,0
09/08/2015 22:00,0
09/08/2015 23:00,0
10/08/2015 00:00,0
10/08/2015 01:00,0
10/08/2015 02:00,1.15023E-09
10/08/2015 03:00,0.003040139
10/08/2015 04:00,0.059915651
10/08/2015 05:00,0.165582651
10/08/2015 06:00,0.286346665
10/08/2015 07:00,0.4079675
10/08/2015 08:00,0.501998848
10/08/2015 09:00,0.552509668
10/08/2015 10:00,0.550022751
10/08/2015 11:00,0.496881919
10/08/2015 12:00,0.410841351
10/08/2015 13:00,0.329590139
10/08/2015 14:00,0.263045238
10/08/2015 15:00,0.221955406
10/08/2015 16:00,0.017396418
10/08/2015 17:00,0
10/08/2015 18:00,0
10/08/2015 19:00,0
10/08/2015 20:00,0
10/08/2015 21:00,0
10/08/2015 22:00,0
10/08/2015 23:00,0
11/08/2015 00:00,0
11/08/2015 01:00,0
11/08/2015 02:00,1.15167E-09
11/08/2015 03:00,0.003056288
11/08/2015 04:00,0.059143669
11/08/2015 05:00,0.163028862
11/08/2015 06:00,0.282100118
11/08/2015 07:00,0.404813389
11/08/2015 08:00,0.495371115
11/08/2015 09:00,0.538996298
11/08/2015 10:00,0.53023661
11/08/2015 11:00,0.475432773
11/08/2015 12:00,0.38350767
11/08/2015 13:00,0.304733143
11/08/2015 14:00,0.243687524
11/08/2015 15:00,0.202812119
11/08/2015 16:00,0.016921629
11/08/2015 17:00,0
11/08/2015 18:00,0
11/08/2015 19:00,0
11/08/2015 20:00,0
11/08/2015 21:00,0
11/08/2015 22:00,0
11/08/2015 23:00,0
12/08/2015 00:00,0
12/08/2015 01:00,0
12/08/2015 02:00,9.99549E-10
12/08/2015 03:00,0.003083743
12/08/2015 04:00,0.060518531
12/08/2015 05:00,0.164553433
12/08/2015 06:00,0.285008348
12/08/2015 07:00,0.397068178
12/08/2015 08:00,0.485367223
12/08/2015 09:00,0.539445507
12/08/2015 10:00,0.536018231
12/08/2015 11:00,0.491435562
12/08/2015 12:00,0.40697962
12/08/2015 13:00,0.327353378
12/08/2015 14:00,0.265218768
12/08/2015 15:00,0.210482205
12/08/2015 16:00,0.016141856
12/08/2015 17:00,0
12/08/2015 18:00,0
12/08/2015 19:00,0
12/08/2015 20:00,0
12/08/2015 21:00,0
12/08/2015 22:00,0
12/08/2015 23:00,0
13/08/2015 00:00,0
13/08/2015 01:00,0
13/08/2015 02:00,9.74453E-10
13/08/2015 03:00,0.003045283
13/08/2015 04:00,0.059213707
13/08/2015 05:00,0.163892639
13/08/2015 06:00,0.286483532
13/08/2015 07:00,0.412934434
13/08/2015 08:00,0.505787435
13/08/2015 09:00,0.564318587
13/08/2015 10:00,0.559074496
13/08/2015 11:00,0.509375132
13/08/2015 12:00,0.415758636
13/08/2015 13:00,0.343817651
13/08/2015 14:00,0.28372841
13/08/2015 15:00,0.220708634
13/08/2015 16:00,0.016259285
13/08/2015 17:00,0
13/08/2015 18:00,0
13/08/2015 19:00,0
13/08/2015 20:00,0
13/08/2015 21:00,0
13/08/2015 22:00,0
13/08/2015 23:00,0
14/08/2015 00:00,0
14/08/2015 01:00,0
14/08/2015 02:00,9.41428E-10
14/08/2015 03:00,0.002986458
14/08/2015 04:00,0.061734075
14/08/2015 05:00,0.17118163
14/08/2015 06:00,0.294657552
14/08/2015 07:00,0.422535049
14/08/2015 08:00,0.51759283
14/08/2015 09:00,0.56739834
14/08/2015 10:00,0.567904372
14/08/2015 11:00,0.514413883
14/08/2015 12:00,0.428327637
14/08/2015 13:00,0.350804213
14/08/2015 14:00,0.287164605
14/08/2015 15:00,0.207711417
14/08/2015 16:00,0.015016659
14/08/2015 17:00,0
14/08/2015 18:00,0
14/08/2015 19:00,0
14/08/2015 20:00,0
14/08/2015 21:00,0
14/08/2015 22:00,0
14/08/2015 23:00,0
15/08/2015 00:00,0
15/08/2015 01:00,0
15/08/2015 02:00,4.40189E-10
15/08/2015 03:00,0.002911192
15/08/2015 04:00,0.063061986
15/08/2015 05:00,0.174121994
15/08/2015 06:00,0.299036854
15/08/2015 07:00,0.427306536
15/08/2015 08:00,0.52183818
15/08/2015 09:00,0.571936563
15/08/2015 10:00,0.569125508
15/08/2015 11:00,0.517071504
15/08/2015 12:00,0.427836659
15/08/2015 13:00,0.351638705
15/08/2015 14:00,0.291375775
15/08/2015 15:00,0.198022959
15/08/2015 16:00,0.013877602
15/08/2015 17:00,0
15/08/2015 18:00,0
15/08/2015 19:00,0
15/08/2015 20:00,0
15/08/2015 21:00,0
15/08/2015 22:00,0
15/08/2015 23:00,0
16/08/2015 00:00,0
16/08/2015 01:00,0
16/08/2015 02:00,4.19047E-10
16/08/2015 03:00,0.002893283
16/08/2015 04:00,0.061437856
16/08/2015 05:00,0.169477584
16/08/2015 06:00,0.291940829
16/08/2015 07:00,0.40998844
16/08/2015 08:00,0.501642291
16/08/2015 09:00,0.551077447
16/08/2015 10:00,0.549421588
16/08/2015 11:00,0.503841351
16/08/2015 12:00,0.422567237
16/08/2015 13:00,0.347707512
16/08/2015 14:00,0.286442207
16/08/2015 15:00,0.211986136
16/08/2015 16:00,0.013115316
16/08/2015 17:00,0
16/08/2015 18:00,0
16/08/2015 19:00,0
16/08/2015 20:00,0
16/08/2015 21:00,0
16/08/2015 22:00,0
16/08/2015 23:00,0
17/08/2015 00:00,0
17/08/2015 01:00,0
17/08/2015 02:00,3.68639E-10
17/08/2015 03:00,0.002788964
17/08/2015 04:00,0.061651343
17/08/2015 05:00,0.171806129
17/08/2015 06:00,0.297081334
17/08/2015 07:00,0.425082986
17/08/2015 08:00,0.520325428
17/08/2015 09:00,0.569789553
17/08/2015 10:00,0.567622989
17/08/2015 11:00,0.514813562
17/08/2015 12:00,0.424536597
17/08/2015 13:00,0.343050691
17/08/2015 14:00,0.283886276
17/08/2015 15:00,0.196536313
17/08/2015 16:00,0.012406562
17/08/2015 17:00,0
17/08/2015 18:00,0
17/08/2015 19:00,0
17/08/2015 20:00,0
17/08/2015 21:00,0
17/08/2015 22:00,0
17/08/2015 23:00,0
18/08/2015 00:00,0
18/08/2015 01:00,0
18/08/2015 02:00,0
18/08/2015 03:00,0.002715943
18/08/2015 04:00,0.062030563
18/08/2015 05:00,0.172906782
18/08/2015 06:00,0.298399707
18/08/2015 07:00,0.423177351
18/08/2015 08:00,0.515643742
18/08/2015 09:00,0.563670708
18/08/2015 10:00,0.565797743
18/08/2015 11:00,0.513050762
18/08/2015 12:00,0.423921765
18/08/2015 13:00,0.341412392
18/08/2015 14:00,0.279365947
18/08/2015 15:00,0.210158196
18/08/2015 16:00,0.011722193
18/08/2015 17:00,0
18/08/2015 18:00,0
18/08/2015 19:00,0
18/08/2015 20:00,0
18/08/2015 21:00,0
18/08/2015 22:00,0
18/08/2015 23:00,0
19/08/2015 00:00,0
19/08/2015 01:00,0
19/08/2015 02:00,0
19/08/2015 03:00,0.002663044
19/08/2015 04:00,0.060181124
19/08/2015 05:00,0.169505669
19/08/2015 06:00,0.292034856
19/08/2015 07:00,0.42294425
19/08/2015 08:00,0.513449288
19/08/2015 09:00,0.566864479
19/08/2015 10:00,0.557345221
19/08/2015 11:00,0.5059182
19/08/2015 12:00,0.417765615
19/08/2015 13:00,0.335769986
19/08/2015 14:00,0.273775921
19/08/2015 15:00,0.20325154
19/08/2015 16:00,0.009696331
19/08/2015 17:00,0
19/08/2015 18:00,0
19/08/2015 19:00,0
19/08/2015 20:00,0
19/08/2015 21:00,0
19/08/2015 22:00,0
19/08/2015 23:00,0
20/08/2015 00:00,0
20/08/2015 01:00,0
20/08/2015 02:00,0
20/08/2015 03:00,0.002626904
20/08/2015 04:00,0.061122429
20/08/2015 05:00,0.171890682
20/08/2015 06:00,0.295510907
20/08/2015 07:00,0.415315064
20/08/2015 08:00,0.507171534
20/08/2015 09:00,0.558037859
20/08/2015 10:00,0.547071587
20/08/2015 11:00,0.49868086
20/08/2015 12:00,0.406256293
20/08/2015 13:00,0.330242549
20/08/2015 14:00,0.274628706
20/08/2015 15:00,0.207115407
20/08/2015 16:00,0.008989141
20/08/2015 17:00,0
20/08/2015 18:00,0
20/08/2015 19:00,0
20/08/2015 20:00,0
20/08/2015 21:00,0
20/08/2015 22:00,0
20/08/2015 23:00,0
21/08/2015 00:00,0
21/08/2015 01:00,0
21/08/2015 02:00,0
21/08/2015 03:00,0.002494552
21/08/2015 04:00,0.059931031
21/08/2015 05:00,0.16982374
21/08/2015 06:00,0.294220694
21/08/2015 07:00,0.414454824
21/08/2015 08:00,0.499003692
21/08/2015 09:00,0.558380586
21/08/2015 10:00,0.560153231
21/08/2015 11:00,0.503684041
21/08/2015 12:00,0.410591562
21/08/2015 13:00,0.334849761
21/08/2015 14:00,0.27689582
21/08/2015 15:00,0.193350477
21/08/2015 16:00,0.008514855
21/08/2015 17:00,0
21/08/2015 18:00,0
21/08/2015 19:00,0
21/08/2015 20:00,0
21/08/2015 21:00,0
21/08/2015 22:00,0
21/08/2015 23:00,0
22/08/2015 00:00,0
22/08/2015 01:00,0
22/08/2015 02:00,0
22/08/2015 03:00,0.002368898
22/08/2015 04:00,0.058458596
22/08/2015 05:00,0.167702788
22/08/2015 06:00,0.291507939
22/08/2015 07:00,0.409970875
22/08/2015 08:00,0.506132474
22/08/2015 09:00,0.556228612
22/08/2015 10:00,0.557618861
22/08/2015 11:00,0.497740148
22/08/2015 12:00,0.410061004
22/08/2015 13:00,0.332785818
22/08/2015 14:00,0.274741183
22/08/2015 15:00,0.197242199
22/08/2015 16:00,0.007879915
22/08/2015 17:00,0
22/08/2015 18:00,0
22/08/2015 19:00,0
22/08/2015 20:00,0
22/08/2015 21:00,0
22/08/2015 22:00,0
22/08/2015 23:00,0
23/08/2015 00:00,0
23/08/2015 01:00,0
23/08/2015 02:00,0
23/08/2015 03:00,0.002265041
23/08/2015 04:00,0.056558561
23/08/2015 05:00,0.163648537
23/08/2015 06:00,0.288631533
23/08/2015 07:00,0.416655807
23/08/2015 08:00,0.510335393
23/08/2015 09:00,0.565016183
23/08/2015 10:00,0.559723024
23/08/2015 11:00,0.501249057
23/08/2015 12:00,0.413344311
23/08/2015 13:00,0.338060463
23/08/2015 14:00,0.279036087
23/08/2015 15:00,0.191687856
23/08/2015 16:00,0.007085616
23/08/2015 17:00,0
23/08/2015 18:00,0
23/08/2015 19:00,0
23/08/2015 20:00,0
23/08/2015 21:00,0
23/08/2015 22:00,0
23/08/2015 23:00,0
24/08/2015 00:00,0
24/08/2015 01:00,0
24/08/2015 02:00,0
24/08/2015 03:00,0.002159976
24/08/2015 04:00,0.057617719
24/08/2015 05:00,0.169710423
24/08/2015 06:00,0.293148127
24/08/2015 07:00,0.418817123
24/08/2015 08:00,0.513267207
24/08/2015 09:00,0.565597753
24/08/2015 10:00,0.561871948
24/08/2015 11:00,0.506939863
24/08/2015 12:00,0.414809837
24/08/2015 13:00,0.333863521
24/08/2015 14:00,0.283444172
24/08/2015 15:00,0.191219077
24/08/2015 16:00,0.006906465
24/08/2015 17:00,0
24/08/2015 18:00,0
24/08/2015 19:00,0
24/08/2015 20:00,0
24/08/2015 21:00,0
24/08/2015 22:00,0
24/08/2015 23:00,0
25/08/2015 00:00,0
25/08/2015 01:00,0
25/08/2015 02:00,0
25/08/2015 03:00,0.002099656
25/08/2015 04:00,0.057527791
25/08/2015 05:00,0.169537575
25/08/2015 06:00,0.294285478
25/08/2015 07:00,0.419052265
25/08/2015 08:00,0.513032908
25/08/2015 09:00,0.559457121
25/08/2015 10:00,0.557287957
25/08/2015 11:00,0.496639781
25/08/2015 12:00,0.407225235
25/08/2015 13:00,0.326137078
25/08/2015 14:00,0.271181557
25/08/2015 15:00,0.183472516
25/08/2015 16:00,0.005747868
25/08/2015 17:00,0
25/08/2015 18:00,0
25/08/2015 19:00,0
25/08/2015 20:00,0
25/08/2015 21:00,0
25/08/2015 22:00,0
25/08/2015 23:00,0
26/08/2015 00:00,0
26/08/2015 01:00,0
26/08/2015 02:00,0
26/08/2015 03:00,0.002071895
26/08/2015 04:00,0.055979684
26/08/2015 05:00,0.166447894
26/08/2015 06:00,0.292142817
26/08/2015 07:00,0.418409989
26/08/2015 08:00,0.511704828
26/08/2015 09:00,0.55673909
26/08/2015 10:00,0.552816355
26/08/2015 11:00,0.497030945
26/08/2015 12:00,0.410956506
26/08/2015 13:00,0.339673598
26/08/2015 14:00,0.279193012
26/08/2015 15:00,0.179137608
26/08/2015 16:00,0
26/08/2015 17:00,0
26/08/2015 18:00,0
26/08/2015 19:00,0
26/08/2015 20:00,0
26/08/2015 21:00,0
26/08/2015 22:00,0
26/08/2015 23:00,0
27/08/2015 00:00,0
27/08/2015 01:00,0
27/08/2015 02:00,0
27/08/2015 03:00,0.001944696
27/08/2015 04:00,0.055924587
27/08/2015 05:00,0.167152376
27/08/2015 06:00,0.294029431
27/08/2015 07:00,0.419672564
27/08/2015 08:00,0.511531392
27/08/2015 09:00,0.557455395
27/08/2015 10:00,0.554463322
27/08/2015 11:00,0.504392239
27/08/2015 12:00,0.416994722
27/08/2015 13:00,0.340557242
27/08/2015 14:00,0.283974482
27/08/2015 15:00,0.17821747
27/08/2015 16:00,0
27/08/2015 17:00,0
27/08/2015 18:00,0
27/08/2015 19:00,0
27/08/2015 20:00,0
27/08/2015 21:00,0
27/08/2015 22:00,0
27/08/2015 23:00,0
28/08/2015 00:00,0
28/08/2015 01:00,0
28/08/2015 02:00,0
28/08/2015 03:00,0.00187887
28/08/2015 04:00,0.054257137
28/08/2015 05:00,0.167886173
28/08/2015 06:00,0.294049845
28/08/2015 07:00,0.420411585
28/08/2015 08:00,0.511329477
28/08/2015 09:00,0.560862334
28/08/2015 10:00,0.566219562
28/08/2015 11:00,0.505119766
28/08/2015 12:00,0.423716661
28/08/2015 13:00,0.346067302
28/08/2015 14:00,0.289753217
28/08/2015 15:00,0.172168364
28/08/2015 16:00,0
28/08/2015 17:00,0
28/08/2015 18:00,0
28/08/2015 19:00,0
28/08/2015 20:00,0
28/08/2015 21:00,0
28/08/2015 22:00,0
28/08/2015 23:00,0
29/08/2015 00:00,0
29/08/2015 01:00,0
29/08/2015 02:00,0
29/08/2015 03:00,0.001733458
29/08/2015 04:00,0.054534556
29/08/2015 05:00,0.167390929
29/08/2015 06:00,0.294259242
29/08/2015 07:00,0.422806515
29/08/2015 08:00,0.515599704
29/08/2015 09:00,0.565240383
29/08/2015 10:00,0.557903004
29/08/2015 11:00,0.486685041
29/08/2015 12:00,0.397706708
29/08/2015 13:00,0.326095738
29/08/2015 14:00,0.26255753
29/08/2015 15:00,0.178265123
29/08/2015 16:00,0
29/08/2015 17:00,0
29/08/2015 18:00,0
29/08/2015 19:00,0
29/08/2015 20:00,0
29/08/2015 21:00,0
29/08/2015 22:00,0
29/08/2015 23:00,0
30/08/2015 00:00,0
30/08/2015 01:00,0
30/08/2015 02:00,0
30/08/2015 03:00,0.001549779
30/08/2015 04:00,0.052021615
30/08/2015 05:00,0.163227075
30/08/2015 06:00,0.286259338
30/08/2015 07:00,0.413594114
30/08/2015 08:00,0.507455269
30/08/2015 09:00,0.55445849
30/08/2015 10:00,0.543661202
30/08/2015 11:00,0.476296582
30/08/2015 12:00,0.388097568
30/08/2015 13:00,0.323660638
30/08/2015 14:00,0.26087957
30/08/2015 15:00,0.176768749
30/08/2015 16:00,0
30/08/2015 17:00,0
30/08/2015 18:00,0
30/08/2015 19:00,0
30/08/2015 20:00,0
30/08/2015 21:00,0
30/08/2015 22:00,0
30/08/2015 23:00,0
31/08/2015 00:00,0
31/08/2015 01:00,0
31/08/2015 02:00,0
31/08/2015 03:00,0.001433965
31/08/2015 04:00,0.052305702
31/08/2015 05:00,0.166833943
31/08/2015 06:00,0.291784987
31/08/2015 07:00,0.418770392
31/08/2015 08:00,0.512232165
31/08/2015 09:00,0.558349782
31/08/2015 10:00,0.54304803
31/08/2015 11:00,0.475706195
31/08/2015 12:00,0.384977092
31/08/2015 13:00,0.312368071
31/08/2015 14:00,0.25187569
31/08/2015 15:00,0.169343035
31/08/2015 16:00,0
31/08/2015 17:00,0
31/08/2015 18:00,0
31/08/2015 19:00,0
31/08/2015 20:00,0
31/08/2015 21:00,0
31/08/2015 22:00,0
31/08/2015 23:00,0
01/09/2015 00:00,0
01/09/2015 01:00,0
01/09/2015 02:00,2.38647E-05
01/09/2015 03:00,0.001613935
01/09/2015 04:00,0.054098288
01/09/2015 05:00,0.168386392
01/09/2015 06:00,0.293849214
01/09/2015 07:00,0.421158117
01/09/2015 08:00,0.512470813
01/09/2015 09:00,0.563430396
01/09/2015 10:00,0.546869412
01/09/2015 11:00,0.480438801
01/09/2015 12:00,0.398140345
01/09/2015 13:00,0.328100015
01/09/2015 14:00,0.275335555
01/09/2015 15:00,0.183031797
01/09/2015 16:00,0
01/09/2015 17:00,0
01/09/2015 18:00,0
01/09/2015 19:00,0
01/09/2015 20:00,0
01/09/2015 21:00,0
01/09/2015 22:00,0
01/09/2015 23:00,0
02/09/2015 00:00,0
02/09/2015 01:00,0
02/09/2015 02:00,2.1304E-05
02/09/2015 03:00,0.001572346
02/09/2015 04:00,0.053582762
02/09/2015 05:00,0.167562638
02/09/2015 06:00,0.292223644
02/09/2015 07:00,0.415270308
02/09/2015 08:00,0.50661366
02/09/2015 09:00,0.551095325
02/09/2015 10:00,0.54466103
02/09/2015 11:00,0.475559973
02/09/2015 12:00,0.390901937
02/09/2015 13:00,0.324466071
02/09/2015 14:00,0.273607792
02/09/2015 15:00,0.175797271
02/09/2015 16:00,0
02/09/2015 17:00,0
02/09/2015 18:00,0
02/09/2015 19:00,0
02/09/2015 20:00,0
02/09/2015 21:00,0
02/09/2015 22:00,0
02/09/2015 23:00,0
03/09/2015 00:00,0
03/09/2015 01:00,0
03/09/2015 02:00,2.14181E-05
03/09/2015 03:00,0.001557443
03/09/2015 04:00,0.053069853
03/09/2015 05:00,0.166439177
03/09/2015 06:00,0.289623228
03/09/2015 07:00,0.413563016
03/09/2015 08:00,0.501728095
03/09/2015 09:00,0.551669862
03/09/2015 10:00,0.54166887
03/09/2015 11:00,0.483230991
03/09/2015 12:00,0.39634256
03/09/2015 13:00,0.31575319
03/09/2015 14:00,0.264880315
03/09/2015 15:00,0.164958277
03/09/2015 16:00,0
03/09/2015 17:00,0
03/09/2015 18:00,0
03/09/2015 19:00,0
03/09/2015 20:00,0
03/09/2015 21:00,0
03/09/2015 22:00,0
03/09/2015 23:00,0
04/09/2015 00:00,0
04/09/2015 01:00,0
04/09/2015 02:00,2.12281E-05
04/09/2015 03:00,0.001468913
04/09/2015 04:00,0.051232672
04/09/2015 05:00,0.16346943
04/09/2015 06:00,0.288590266
04/09/2015 07:00,0.410670444
04/09/2015 08:00,0.498866402
04/09/2015 09:00,0.533820671
04/09/2015 10:00,0.522540807
04/09/2015 11:00,0.462597647
04/09/2015 12:00,0.385138047
04/09/2015 13:00,0.302598562
04/09/2015 14:00,0.254267891
04/09/2015 15:00,0.162269921
04/09/2015 16:00,0
04/09/2015 17:00,0
04/09/2015 18:00,0
04/09/2015 19:00,0
04/09/2015 20:00,0
04/09/2015 21:00,0
04/09/2015 22:00,0
04/09/2015 23:00,0
05/09/2015 00:00,0
05/09/2015 01:00,0
05/09/2015 02:00,2.12443E-05
05/09/2015 03:00,0.001365055
05/09/2015 04:00,0.049993392
05/09/2015 05:00,0.163713052
05/09/2015 06:00,0.291307741
05/09/2015 07:00,0.413967265
05/09/2015 08:00,0.500853991
05/09/2015 09:00,0.551352332
05/09/2015 10:00,0.535953319
05/09/2015 11:00,0.479080329
05/09/2015 12:00,0.394606392
05/09/2015 13:00,0.309051596
05/09/2015 14:00,0.243416684
05/09/2015 15:00,0.127693871
05/09/2015 16:00,0
05/09/2015 17:00,0
05/09/2015 18:00,0
05/09/2015 19:00,0
05/09/2015 20:00,0
05/09/2015 21:00,0
05/09/2015 22:00,0
05/09/2015 23:00,0
06/09/2015 00:00,0
06/09/2015 01:00,0
06/09/2015 02:00,2.1306E-05
06/09/2015 03:00,0.001367763
06/09/2015 04:00,0.05049413
06/09/2015 05:00,0.166464627
06/09/2015 06:00,0.293676849
06/09/2015 07:00,0.421001246
06/09/2015 08:00,0.513294688
06/09/2015 09:00,0.556330345
06/09/2015 10:00,0.551415745
06/09/2015 11:00,0.491328595
06/09/2015 12:00,0.395122151
06/09/2015 13:00,0.317172893
06/09/2015 14:00,0.265771976
06/09/2015 15:00,0.137374397
06/09/2015 16:00,0
06/09/2015 17:00,0
06/09/2015 18:00,0
06/09/2015 19:00,0
06/09/2015 20:00,0
06/09/2015 21:00,0
06/09/2015 22:00,0
06/09/2015 23:00,0
07/09/2015 00:00,0
07/09/2015 01:00,0
07/09/2015 02:00,2.13125E-05
07/09/2015 03:00,0.001322694
07/09/2015 04:00,0.050346065
07/09/2015 05:00,0.165927258
07/09/2015 06:00,0.29316077
07/09/2015 07:00,0.41909389
07/09/2015 08:00,0.51581494
07/09/2015 09:00,0.560048766
07/09/2015 10:00,0.548168116
07/09/2015 11:00,0.486813352
07/09/2015 12:00,0.401241309
07/09/2015 13:00,0.336200401
07/09/2015 14:00,0.280522971
07/09/2015 15:00,0.133869713
07/09/2015 16:00,0
07/09/2015 17:00,0
07/09/2015 18:00,0
07/09/2015 19:00,0
07/09/2015 20:00,0
07/09/2015 21:00,0
07/09/2015 22:00,0
07/09/2015 23:00,0
08/09/2015 00:00,0
08/09/2015 01:00,0
08/09/2015 02:00,2.14013E-05
08/09/2015 03:00,0.001313773
08/09/2015 04:00,0.05125091
08/09/2015 05:00,0.168145396
08/09/2015 06:00,0.296165895
08/09/2015 07:00,0.423428884
08/09/2015 08:00,0.515571963
08/09/2015 09:00,0.561927573
08/09/2015 10:00,0.553269661
08/09/2015 11:00,0.493104074
08/09/2015 12:00,0.408684451
08/09/2015 13:00,0.339613362
08/09/2015 14:00,0.289943026
08/09/2015 15:00,0.130478976
08/09/2015 16:00,0
08/09/2015 17:00,0
08/09/2015 18:00,0
08/09/2015 19:00,0
08/09/2015 20:00,0
08/09/2015 21:00,0
08/09/2015 22:00,0
08/09/2015 23:00,0
09/09/2015 00:00,0
09/09/2015 01:00,0
09/09/2015 02:00,2.13985E-05
09/09/2015 03:00,0.001254394
09/09/2015 04:00,0.050320341
09/09/2015 05:00,0.166906306
09/09/2015 06:00,0.294492311
09/09/2015 07:00,0.421785168
09/09/2015 08:00,0.514321594
09/09/2015 09:00,0.558283474
09/09/2015 10:00,0.544373213
09/09/2015 11:00,0.488700065
09/09/2015 12:00,0.401330214
09/09/2015 13:00,0.337049251
09/09/2015 14:00,0.282057978
09/09/2015 15:00,0.122407723
09/09/2015 16:00,0
09/09/2015 17:00,0
09/09/2015 18:00,0
09/09/2015 19:00,0
09/09/2015 20:00,0
09/09/2015 21:00,0
09/09/2015 22:00,0
09/09/2015 23:00,0
10/09/2015 00:00,0
10/09/2015 01:00,0
10/09/2015 02:00,2.05911E-05
10/09/2015 03:00,0.001172079
10/09/2015 04:00,0.048900734
10/09/2015 05:00,0.164448635
10/09/2015 06:00,0.292055698
10/09/2015 07:00,0.417399713
10/09/2015 08:00,0.512400964
10/09/2015 09:00,0.559815968
10/09/2015 10:00,0.551170503
10/09/2015 11:00,0.483521039
10/09/2015 12:00,0.404894275
10/09/2015 13:00,0.324620799
10/09/2015 14:00,0.270766594
10/09/2015 15:00,0.123800514
10/09/2015 16:00,0
10/09/2015 17:00,0
10/09/2015 18:00,0
10/09/2015 19:00,0
10/09/2015 20:00,0
10/09/2015 21:00,0
10/09/2015 22:00,0
10/09/2015 23:00,0
11/09/2015 00:00,0
11/09/2015 01:00,0
11/09/2015 02:00,2.06569E-05
11/09/2015 03:00,0.001065217
11/09/2015 04:00,0.04766036
11/09/2015 05:00,0.164750281
11/09/2015 06:00,0.292602145
11/09/2015 07:00,0.423117167
11/09/2015 08:00,0.518176017
11/09/2015 09:00,0.563508752
11/09/2015 10:00,0.548205408
11/09/2015 11:00,0.482327136
11/09/2015 12:00,0.396138558
11/09/2015 13:00,0.331111953
11/09/2015 14:00,0.276338653
11/09/2015 15:00,0.115737458
11/09/2015 16:00,0
11/09/2015 17:00,0
11/09/2015 18:00,0
11/09/2015 19:00,0
11/09/2015 20:00,0
11/09/2015 21:00,0
11/09/2015 22:00,0
11/09/2015 23:00,0
12/09/2015 00:00,0
12/09/2015 01:00,0
12/09/2015 02:00,2.07267E-05
12/09/2015 03:00,0.001069
12/09/2015 04:00,0.047667656
12/09/2015 05:00,0.163142457
12/09/2015 06:00,0.289750428
12/09/2015 07:00,0.417111528
12/09/2015 08:00,0.509933789
12/09/2015 09:00,0.552075145
12/09/2015 10:00,0.546648078
12/09/2015 11:00,0.472091944
12/09/2015 12:00,0.389537348
12/09/2015 13:00,0.322443835
12/09/2015 14:00,0.266372426
12/09/2015 15:00,0.12102561
12/09/2015 16:00,0
12/09/2015 17:00,0
12/09/2015 18:00,0
12/09/2015 19:00,0
12/09/2015 20:00,0
12/09/2015 21:00,0
12/09/2015 22:00,0
12/09/2015 23:00,0
13/09/2015 00:00,0
13/09/2015 01:00,0
13/09/2015 02:00,2.06296E-05
13/09/2015 03:00,0.001076454
13/09/2015 04:00,0.048628733
13/09/2015 05:00,0.165818953
13/09/2015 06:00,0.291221575
13/09/2015 07:00,0.417286521
13/09/2015 08:00,0.511188365
13/09/2015 09:00,0.54978765
13/09/2015 10:00,0.54596867
13/09/2015 11:00,0.482921507
13/09/2015 12:00,0.392518508
13/09/2015 13:00,0.325249871
13/09/2015 14:00,0.278086674
13/09/2015 15:00,0.126504445
13/09/2015 16:00,0
13/09/2015 17:00,0
13/09/2015 18:00,0
13/09/2015 19:00,0
13/09/2015 20:00,0
13/09/2015 21:00,0
13/09/2015 22:00,0
13/09/2015 23:00,0
14/09/2015 00:00,0
14/09/2015 01:00,0
14/09/2015 02:00,1.75637E-05
14/09/2015 03:00,0.001056407
14/09/2015 04:00,0.048567988
14/09/2015 05:00,0.167713382
14/09/2015 06:00,0.296561655
14/09/2015 07:00,0.42314249
14/09/2015 08:00,0.515524499
14/09/2015 09:00,0.559554341
14/09/2015 10:00,0.553989447
14/09/2015 11:00,0.496836396
14/09/2015 12:00,0.410546762
14/09/2015 13:00,0.342745656
14/09/2015 14:00,0.286904456
14/09/2015 15:00,0.135974666
14/09/2015 16:00,0
14/09/2015 17:00,0
14/09/2015 18:00,0
14/09/2015 19:00,0
14/09/2015 20:00,0
14/09/2015 21:00,0
14/09/2015 22:00,0
14/09/2015 23:00,0
15/09/2015 00:00,0
15/09/2015 01:00,0
15/09/2015 02:00,1.74858E-05
15/09/2015 03:00,0.001010378
15/09/2015 04:00,0.048765013
15/09/2015 05:00,0.168773024
15/09/2015 06:00,0.297019807
15/09/2015 07:00,0.422030783
15/09/2015 08:00,0.514699578
15/09/2015 09:00,0.564436431
15/09/2015 10:00,0.557710254
15/09/2015 11:00,0.497998255
15/09/2015 12:00,0.402793523
15/09/2015 13:00,0.335323483
15/09/2015 14:00,0.276100832
15/09/2015 15:00,0.109192583
15/09/2015 16:00,0
15/09/2015 17:00,0
15/09/2015 18:00,0
15/09/2015 19:00,0
15/09/2015 20:00,0
15/09/2015 21:00,0
15/09/2015 22:00,0
15/09/2015 23:00,0
16/09/2015 00:00,0
16/09/2015 01:00,0
16/09/2015 02:00,1.74574E-05
16/09/2015 03:00,0.000871803
16/09/2015 04:00,0.046206642
16/09/2015 05:00,0.164403172
16/09/2015 06:00,0.29451734
16/09/2015 07:00,0.425189324
16/09/2015 08:00,0.516064843
16/09/2015 09:00,0.561373748
16/09/2015 10:00,0.544478606
16/09/2015 11:00,0.484242757
16/09/2015 12:00,0.404135441
16/09/2015 13:00,0.333080071
16/09/2015 14:00,0.281516286
16/09/2015 15:00,0.112938433
16/09/2015 16:00,0
16/09/2015 17:00,0
16/09/2015 18:00,0
16/09/2015 19:00,0
16/09/2015 20:00,0
16/09/2015 21:00,0
16/09/2015 22:00,0
16/09/2015 23:00,0
17/09/2015 00:00,0
17/09/2015 01:00,0
17/09/2015 02:00,1.74919E-05
17/09/2015 03:00,0.000941589
17/09/2015 04:00,0.047984967
17/09/2015 05:00,0.167980708
17/09/2015 06:00,0.297694194
17/09/2015 07:00,0.425501496
17/09/2015 08:00,0.514364871
17/09/2015 09:00,0.560780775
17/09/2015 10:00,0.547426888
17/09/2015 11:00,0.488822236
17/09/2015 12:00,0.399182214
17/09/2015 13:00,0.325763544
17/09/2015 14:00,0.272081428
17/09/2015 15:00,0.096519609
17/09/2015 16:00,0
17/09/2015 17:00,0
17/09/2015 18:00,0
17/09/2015 19:00,0
17/09/2015 20:00,0
17/09/2015 21:00,0
17/09/2015 22:00,0
17/09/2015 23:00,0
18/09/2015 00:00,0
18/09/2015 01:00,0
18/09/2015 02:00,1.75335E-05
18/09/2015 03:00,0.000890057
18/09/2015 04:00,0.047487652
18/09/2015 05:00,0.167634252
18/09/2015 06:00,0.29724703
18/09/2015 07:00,0.42454656
18/09/2015 08:00,0.51452515
18/09/2015 09:00,0.558697467
18/09/2015 10:00,0.536688984
18/09/2015 11:00,0.46708192
18/09/2015 12:00,0.38190074
18/09/2015 13:00,0.312807361
18/09/2015 14:00,0.246960792
18/09/2015 15:00,0.08017905
18/09/2015 16:00,0
18/09/2015 17:00,0
18/09/2015 18:00,0
18/09/2015 19:00,0
18/09/2015 20:00,0
18/09/2015 21:00,0
18/09/2015 22:00,0
18/09/2015 23:00,0
19/09/2015 00:00,0
19/09/2015 01:00,0
19/09/2015 02:00,1.748E-05
19/09/2015 03:00,0.000851173
19/09/2015 04:00,0.046237252
19/09/2015 05:00,0.165658765
19/09/2015 06:00,0.294182348
19/09/2015 07:00,0.421120045
19/09/2015 08:00,0.508685809
19/09/2015 09:00,0.552663464
19/09/2015 10:00,0.53841495
19/09/2015 11:00,0.473560003
19/09/2015 12:00,0.391411775
19/09/2015 13:00,0.323808944
19/09/2015 14:00,0.259299732
19/09/2015 15:00,0.077670805
19/09/2015 16:00,0
19/09/2015 17:00,0
19/09/2015 18:00,0
19/09/2015 19:00,0
19/09/2015 20:00,0
19/09/2015 21:00,0
19/09/2015 22:00,0
19/09/2015 23:00,0
20/09/2015 00:00,0
20/09/2015 01:00,0
20/09/2015 02:00,1.71664E-05
20/09/2015 03:00,0.000838311
20/09/2015 04:00,0.046516355
20/09/2015 05:00,0.166481733
20/09/2015 06:00,0.296879486
20/09/2015 07:00,0.425499011
20/09/2015 08:00,0.517757215
20/09/2015 09:00,0.555952039
20/09/2015 10:00,0.54962158
20/09/2015 11:00,0.491546753
20/09/2015 12:00,0.408527659
20/09/2015 13:00,0.340861933
20/09/2015 14:00,0.295601709
20/09/2015 15:00,0.090568401
20/09/2015 16:00,0
20/09/2015 17:00,0
20/09/2015 18:00,0
20/09/2015 19:00,0
20/09/2015 20:00,0
20/09/2015 21:00,0
20/09/2015 22:00,0
20/09/2015 23:00,0
21/09/2015 00:00,0
21/09/2015 01:00,0
21/09/2015 02:00,1.73003E-05
21/09/2015 03:00,0.000811012
21/09/2015 04:00,0.047789517
21/09/2015 05:00,0.170620976
21/09/2015 06:00,0.300747368
21/09/2015 07:00,0.428660903
21/09/2015 08:00,0.519048376
21/09/2015 09:00,0.561615046
21/09/2015 10:00,0.549152723
21/09/2015 11:00,0.48311022
21/09/2015 12:00,0.400100923
21/09/2015 13:00,0.322824851
21/09/2015 14:00,0.265280243
21/09/2015 15:00,0.082657012
21/09/2015 16:00,0
21/09/2015 17:00,0
21/09/2015 18:00,0
21/09/2015 19:00,0
21/09/2015 20:00,0
21/09/2015 21:00,0
21/09/2015 22:00,0
21/09/2015 23:00,0
22/09/2015 00:00,0
22/09/2015 01:00,0
22/09/2015 02:00,1.72045E-05
22/09/2015 03:00,0.00079298
22/09/2015 04:00,0.047136319
22/09/2015 05:00,0.169925306
22/09/2015 06:00,0.300624136
22/09/2015 07:00,0.429355353
22/09/2015 08:00,0.522097544
22/09/2015 09:00,0.563680232
22/09/2015 10:00,0.550110691
22/09/2015 11:00,0.48730805
22/09/2015 12:00,0.40538001
22/09/2015 13:00,0.33785889
22/09/2015 14:00,0.281990762
22/09/2015 15:00,0.08533216
22/09/2015 16:00,0
22/09/2015 17:00,0
22/09/2015 18:00,0
22/09/2015 19:00,0
22/09/2015 20:00,0
22/09/2015 21:00,0
22/09/2015 22:00,0
22/09/2015 23:00,0
23/09/2015 00:00,0
23/09/2015 01:00,0
23/09/2015 02:00,1.7268E-05
23/09/2015 03:00,0.000766281
23/09/2015 04:00,0.047272469
23/09/2015 05:00,0.169464464
23/09/2015 06:00,0.29931489
23/09/2015 07:00,0.427023414
23/09/2015 08:00,0.518865644
23/09/2015 09:00,0.559722815
23/09/2015 10:00,0.547089807
23/09/2015 11:00,0.479588784
23/09/2015 12:00,0.402093183
23/09/2015 13:00,0.330539492
23/09/2015 14:00,0.268697722
23/09/2015 15:00,0.080350454
23/09/2015 16:00,0
23/09/2015 17:00,0
23/09/2015 18:00,0
23/09/2015 19:00,0
23/09/2015 20:00,0
23/09/2015 21:00,0
23/09/2015 22:00,0
23/09/2015 23:00,0
24/09/2015 00:00,0
24/09/2015 01:00,0
24/09/2015 02:00,1.72578E-05
24/09/2015 03:00,0.000736894
24/09/2015 04:00,0.046288876
24/09/2015 05:00,0.168729147
24/09/2015 06:00,0.29944712
24/09/2015 07:00,0.429164169
24/09/2015 08:00,0.524899844
24/09/2015 09:00,0.569797493
24/09/2015 10:00,0.554586571
24/09/2015 11:00,0.485956137
24/09/2015 12:00,0.398973452
24/09/2015 13:00,0.331618443
24/09/2015 14:00,0.27416919
24/09/2015 15:00,0.075836011
24/09/2015 16:00,0
24/09/2015 17:00,0
24/09/2015 18:00,0
24/09/2015 19:00,0
24/09/2015 20:00,0
24/09/2015 21:00,0
24/09/2015 22:00,0
24/09/2015 23:00,0
25/09/2015 00:00,0
25/09/2015 01:00,0
25/09/2015 02:00,1.72508E-05
25/09/2015 03:00,0.000702341
25/09/2015 04:00,0.04549623
25/09/2015 05:00,0.164728193
25/09/2015 06:00,0.291993459
25/09/2015 07:00,0.414909925
25/09/2015 08:00,0.502823333
25/09/2015 09:00,0.545985933
25/09/2015 10:00,0.537748856
25/09/2015 11:00,0.467185443
25/09/2015 12:00,0.383210337
25/09/2015 13:00,0.30882152
25/09/2015 14:00,0.255548003
25/09/2015 15:00,0.062314677
25/09/2015 16:00,0
25/09/2015 17:00,0
25/09/2015 18:00,0
25/09/2015 19:00,0
25/09/2015 20:00,0
25/09/2015 21:00,0
25/09/2015 22:00,0
25/09/2015 23:00,0
26/09/2015 00:00,0
26/09/2015 01:00,0
26/09/2015 02:00,1.58069E-05
26/09/2015 03:00,0.000689388
26/09/2015 04:00,0.045070863
26/09/2015 05:00,0.16569016
26/09/2015 06:00,0.293615709
26/09/2015 07:00,0.421961476
26/09/2015 08:00,0.51240474
26/09/2015 09:00,0.549454291
26/09/2015 10:00,0.513535106
26/09/2015 11:00,0.462257438
26/09/2015 12:00,0.384153712
26/09/2015 13:00,0.320213937
26/09/2015 14:00,0.250177196
26/09/2015 15:00,0.063379745
26/09/2015 16:00,0
26/09/2015 17:00,0
26/09/2015 18:00,0
26/09/2015 19:00,0
26/09/2015 20:00,0
26/09/2015 21:00,0
26/09/2015 22:00,0
26/09/2015 23:00,0
27/09/2015 00:00,0
27/09/2015 01:00,0
27/09/2015 02:00,1.59148E-05
27/09/2015 03:00,0.000677157
27/09/2015 04:00,0.045055473
27/09/2015 05:00,0.167112918
27/09/2015 06:00,0.295446509
27/09/2015 07:00,0.425876823
27/09/2015 08:00,0.514762873
27/09/2015 09:00,0.552304651
27/09/2015 10:00,0.529849724
27/09/2015 11:00,0.466892314
27/09/2015 12:00,0.392191666
27/09/2015 13:00,0.327599724
27/09/2015 14:00,0.261630784
27/09/2015 15:00,0.063387589
27/09/2015 16:00,0
27/09/2015 17:00,0
27/09/2015 18:00,0
27/09/2015 19:00,0
27/09/2015 20:00,0
27/09/2015 21:00,0
27/09/2015 22:00,0
27/09/2015 23:00,0
28/09/2015 00:00,0
28/09/2015 01:00,0
28/09/2015 02:00,1.59024E-05
28/09/2015 03:00,0.000641223
28/09/2015 04:00,0.045733049
28/09/2015 05:00,0.171176339
28/09/2015 06:00,0.303782959
28/09/2015 07:00,0.432581729
28/09/2015 08:00,0.525998841
28/09/2015 09:00,0.563116511
28/09/2015 10:00,0.548980479
28/09/2015 11:00,0.485885735
28/09/2015 12:00,0.407799593
28/09/2015 13:00,0.336321664
28/09/2015 14:00,0.264401834
28/09/2015 15:00,0.056576221
28/09/2015 16:00,0
28/09/2015 17:00,0
28/09/2015 18:00,0
28/09/2015 19:00,0
28/09/2015 20:00,0
28/09/2015 21:00,0
28/09/2015 22:00,0
28/09/2015 23:00,0
29/09/2015 00:00,0
29/09/2015 01:00,0
29/09/2015 02:00,1.60229E-05
29/09/2015 03:00,0.000598398
29/09/2015 04:00,0.045319326
29/09/2015 05:00,0.170140321
29/09/2015 06:00,0.302042285
29/09/2015 07:00,0.436882866
29/09/2015 08:00,0.53237389
29/09/2015 09:00,0.577750919
29/09/2015 10:00,0.566041902
29/09/2015 11:00,0.502297771
29/09/2015 12:00,0.425196657
29/09/2015 13:00,0.361249578
29/09/2015 14:00,0.276412514
29/09/2015 15:00,0.059565779
29/09/2015 16:00,0
29/09/2015 17:00,0
29/09/2015 18:00,0
29/09/2015 19:00,0
29/09/2015 20:00,0
29/09/2015 21:00,0
29/09/2015 22:00,0
29/09/2015 23:00,0
30/09/2015 00:00,0
30/09/2015 01:00,0
30/09/2015 02:00,1.61389E-05
30/09/2015 03:00,0.000574045
30/09/2015 04:00,0.045904258
30/09/2015 05:00,0.172629553
30/09/2015 06:00,0.303271952
30/09/2015 07:00,0.431264328
30/09/2015 08:00,0.523037629
30/09/2015 09:00,0.569734459
30/09/2015 10:00,0.551064865
30/09/2015 11:00,0.480961085
30/09/2015 12:00,0.404724528
30/09/2015 13:00,0.336807719
30/09/2015 14:00,0.2499886
30/09/2015 15:00,0.050891089
30/09/2015 16:00,0
30/09/2015 17:00,0
30/09/2015 18:00,0
30/09/2015 19:00,0
30/09/2015 20:00,0
30/09/2015 21:00,0
30/09/2015 22:00,0
30/09/2015 23:00,0
01/10/2015 00:00,0
01/10/2015 01:00,0
01/10/2015 02:00,0
01/10/2015 03:00,0.000526802
01/10/2015 04:00,0.046381374
01/10/2015 05:00,0.174826617
01/10/2015 06:00,0.309236554
01/10/2015 07:00,0.439985516
01/10/2015 08:00,0.53254927
01/10/2015 09:00,0.578200395
01/10/2015 10:00,0.563451711
01/10/2015 11:00,0.500040063
01/10/2015 12:00,0.418343158
01/10/2015 13:00,0.35093182
01/10/2015 14:00,0.257854579
01/10/2015 15:00,0.043406696
01/10/2015 16:00,0
01/10/2015 17:00,0
01/10/2015 18:00,0
01/10/2015 19:00,0
01/10/2015 20:00,0
01/10/2015 21:00,0
01/10/2015 22:00,0
01/10/2015 23:00,0
02/10/2015 00:00,0
02/10/2015 01:00,0
02/10/2015 02:00,0
02/10/2015 03:00,0.000497972
02/10/2015 04:00,0.045806213
02/10/2015 05:00,0.174320734
02/10/2015 06:00,0.307008208
02/10/2015 07:00,0.441343297
02/10/2015 08:00,0.534958663
02/10/2015 09:00,0.581427868
02/10/2015 10:00,0.56732269
02/10/2015 11:00,0.503389977
02/10/2015 12:00,0.416138526
02/10/2015 13:00,0.350301194
02/10/2015 14:00,0.258316309
02/10/2015 15:00,0.031468833
02/10/2015 16:00,0
02/10/2015 17:00,0
02/10/2015 18:00,0
02/10/2015 19:00,0
02/10/2015 20:00,0
02/10/2015 21:00,0
02/10/2015 22:00,0
02/10/2015 23:00,0
03/10/2015 00:00,0
03/10/2015 01:00,0
03/10/2015 02:00,0
03/10/2015 03:00,0.000476301
03/10/2015 04:00,0.045166733
03/10/2015 05:00,0.172938466
03/10/2015 06:00,0.307131857
03/10/2015 07:00,0.436887145
03/10/2015 08:00,0.530802061
03/10/2015 09:00,0.565887186
03/10/2015 10:00,0.559845035
03/10/2015 11:00,0.492437179
03/10/2015 12:00,0.413113214
03/10/2015 13:00,0.353458926
03/10/2015 14:00,0.250346002
03/10/2015 15:00,0.036125274
03/10/2015 16:00,0
03/10/2015 17:00,0
03/10/2015 18:00,0
03/10/2015 19:00,0
03/10/2015 20:00,0
03/10/2015 21:00,0
03/10/2015 22:00,0
03/10/2015 23:00,0
04/10/2015 00:00,0
04/10/2015 01:00,0
04/10/2015 02:00,0
04/10/2015 03:00,0.000455785
04/10/2015 04:00,0.044523795
04/10/2015 05:00,0.170436518
04/10/2015 06:00,0.30495236
04/10/2015 07:00,0.436966363
04/10/2015 08:00,0.529043063
04/10/2015 09:00,0.57266472
04/10/2015 10:00,0.558641283
04/10/2015 11:00,0.497290602
04/10/2015 12:00,0.422095025
04/10/2015 13:00,0.357207007
04/10/2015 14:00,0.238305689
04/10/2015 15:00,0.033867802
04/10/2015 16:00,0
04/10/2015 17:00,0
04/10/2015 18:00,0
04/10/2015 19:00,0
04/10/2015 20:00,0
04/10/2015 21:00,0
04/10/2015 22:00,0
04/10/2015 23:00,0
05/10/2015 00:00,0
05/10/2015 01:00,0
05/10/2015 02:00,0
05/10/2015 03:00,0.000422615
05/10/2015 04:00,0.044354598
05/10/2015 05:00,0.172458038
05/10/2015 06:00,0.308326049
05/10/2015 07:00,0.442878466
05/10/2015 08:00,0.535808317
05/10/2015 09:00,0.579776538
05/10/2015 10:00,0.569698239
05/10/2015 11:00,0.503014968
05/10/2015 12:00,0.418220645
05/10/2015 13:00,0.361580746
05/10/2015 14:00,0.246948745
05/10/2015 15:00,0.028526998
05/10/2015 16:00,0
05/10/2015 17:00,0
05/10/2015 18:00,0
05/10/2015 19:00,0
05/10/2015 20:00,0
05/10/2015 21:00,0
05/10/2015 22:00,0
05/10/2015 23:00,0
06/10/2015 00:00,0
06/10/2015 01:00,0
06/10/2015 02:00,0
06/10/2015 03:00,0.00039931
06/10/2015 04:00,0.044745644
06/10/2015 05:00,0.174941745
06/10/2015 06:00,0.31048774
06/10/2015 07:00,0.444258894
06/10/2015 08:00,0.537746606
06/10/2015 09:00,0.581314137
06/10/2015 10:00,0.566573899
06/10/2015 11:00,0.492566726
06/10/2015 12:00,0.420335268
06/10/2015 13:00,0.361700397
06/10/2015 14:00,0.235830642
06/10/2015 15:00,0.025557082
06/10/2015 16:00,0
06/10/2015 17:00,0
06/10/2015 18:00,0
06/10/2015 19:00,0
06/10/2015 20:00,0
06/10/2015 21:00,0
06/10/2015 22:00,0
06/10/2015 23:00,0
07/10/2015 00:00,0
07/10/2015 01:00,0
07/10/2015 02:00,0
07/10/2015 03:00,0.000373735
07/10/2015 04:00,0.043873805
07/10/2015 05:00,0.173756538
07/10/2015 06:00,0.310244005
07/10/2015 07:00,0.441823356
07/10/2015 08:00,0.534125941
07/10/2015 09:00,0.576732142
07/10/2015 10:00,0.559912213
07/10/2015 11:00,0.495795275
07/10/2015 12:00,0.413740192
07/10/2015 13:00,0.349575716
07/10/2015 14:00,0.241431897
07/10/2015 15:00,0.017019158
07/10/2015 16:00,0
07/10/2015 17:00,0
07/10/2015 18:00,0
07/10/2015 19:00,0
07/10/2015 20:00,0
07/10/2015 21:00,0
07/10/2015 22:00,0
07/10/2015 23:00,0
08/10/2015 00:00,0
08/10/2015 01:00,0
08/10/2015 02:00,0
08/10/2015 03:00,0.000327218
08/10/2015 04:00,0.043177382
08/10/2015 05:00,0.173175513
08/10/2015 06:00,0.310690721
08/10/2015 07:00,0.442591512
08/10/2015 08:00,0.533784065
08/10/2015 09:00,0.579555544
08/10/2015 10:00,0.56787536
08/10/2015 11:00,0.505201062
08/10/2015 12:00,0.422531697
08/10/2015 13:00,0.360337617
08/10/2015 14:00,0.231590223
08/10/2015 15:00,0.015390091
08/10/2015 16:00,0
08/10/2015 17:00,0
08/10/2015 18:00,0
08/10/2015 19:00,0
08/10/2015 20:00,0
08/10/2015 21:00,0
08/10/2015 22:00,0
08/10/2015 23:00,0
09/10/2015 00:00,0
09/10/2015 01:00,0
09/10/2015 02:00,0
09/10/2015 03:00,0.00033122
09/10/2015 04:00,0.043736126
09/10/2015 05:00,0.174652004
09/10/2015 06:00,0.311929997
09/10/2015 07:00,0.446387729
09/10/2015 08:00,0.541001015
09/10/2015 09:00,0.584503681
09/10/2015 10:00,0.569892484
09/10/2015 11:00,0.505024103
09/10/2015 12:00,0.426251223
09/10/2015 13:00,0.362206887
09/10/2015 14:00,0.223111676
09/10/2015 15:00,0.014668662
09/10/2015 16:00,0
09/10/2015 17:00,0
09/10/2015 18:00,0
09/10/2015 19:00,0
09/10/2015 20:00,0
09/10/2015 21:00,0
09/10/2015 22:00,0
09/10/2015 23:00,0
10/10/2015 00:00,0
10/10/2015 01:00,0
10/10/2015 02:00,0
10/10/2015 03:00,0.000316149
10/10/2015 04:00,0.043699464
10/10/2015 05:00,0.174984158
10/10/2015 06:00,0.312467131
10/10/2015 07:00,0.446062729
10/10/2015 08:00,0.539177781
10/10/2015 09:00,0.583757892
10/10/2015 10:00,0.568838607
10/10/2015 11:00,0.500623341
10/10/2015 12:00,0.426360714
10/10/2015 13:00,0.362447421
10/10/2015 14:00,0.231168931
10/10/2015 15:00,0.011783947
10/10/2015 16:00,0
10/10/2015 17:00,0
10/10/2015 18:00,0
10/10/2015 19:00,0
10/10/2015 20:00,0
10/10/2015 21:00,0
10/10/2015 22:00,0
10/10/2015 23:00,0
11/10/2015 00:00,0
11/10/2015 01:00,0
11/10/2015 02:00,0
11/10/2015 03:00,0.000269259
11/10/2015 04:00,0.042389056
11/10/2015 05:00,0.171670981
11/10/2015 06:00,0.308003938
11/10/2015 07:00,0.437377247
11/10/2015 08:00,0.533019591
11/10/2015 09:00,0.565685542
11/10/2015 10:00,0.54726001
11/10/2015 11:00,0.486186794
11/10/2015 12:00,0.409516175
11/10/2015 13:00,0.342486391
11/10/2015 14:00,0.245347086
11/10/2015 15:00,0.011035985
11/10/2015 16:00,0
11/10/2015 17:00,0
11/10/2015 18:00,0
11/10/2015 19:00,0
11/10/2015 20:00,0
11/10/2015 21:00,0
11/10/2015 22:00,0
11/10/2015 23:00,0
12/10/2015 00:00,0
12/10/2015 01:00,0
12/10/2015 02:00,0
12/10/2015 03:00,0.000263045
12/10/2015 04:00,0.041872086
12/10/2015 05:00,0.172094312
12/10/2015 06:00,0.31041657
12/10/2015 07:00,0.442331141
12/10/2015 08:00,0.535981328
12/10/2015 09:00,0.578784139
12/10/2015 10:00,0.548713234
12/10/2015 11:00,0.483912389
12/10/2015 12:00,0.409889436
12/10/2015 13:00,0.354919956
12/10/2015 14:00,0.27076292
12/10/2015 15:00,0.011820723
12/10/2015 16:00,0
12/10/2015 17:00,0
12/10/2015 18:00,0
12/10/2015 19:00,0
12/10/2015 20:00,0
12/10/2015 21:00,0
12/10/2015 22:00,0
12/10/2015 23:00,0
13/10/2015 00:00,0
13/10/2015 01:00,0
13/10/2015 02:00,0
13/10/2015 03:00,0.000245231
13/10/2015 04:00,0.041844159
13/10/2015 05:00,0.172914134
13/10/2015 06:00,0.310753967
13/10/2015 07:00,0.444058204
13/10/2015 08:00,0.53908551
13/10/2015 09:00,0.582758388
13/10/2015 10:00,0.560887578
13/10/2015 11:00,0.490539908
13/10/2015 12:00,0.421879345
13/10/2015 13:00,0.360530541
13/10/2015 14:00,0.264784779
13/10/2015 15:00,0.011083153
13/10/2015 16:00,0
13/10/2015 17:00,0
13/10/2015 18:00,0
13/10/2015 19:00,0
13/10/2015 20:00,0
13/10/2015 21:00,0
13/10/2015 22:00,0
13/10/2015 23:00,0
14/10/2015 00:00,0
14/10/2015 01:00,0
14/10/2015 02:00,0
14/10/2015 03:00,0.000232144
14/10/2015 04:00,0.041900076
14/10/2015 05:00,0.172827106
14/10/2015 06:00,0.311670617
14/10/2015 07:00,0.448700545
14/10/2015 08:00,0.54325961
14/10/2015 09:00,0.589828274
14/10/2015 10:00,0.575312191
14/10/2015 11:00,0.515205137
14/10/2015 12:00,0.43354518
14/10/2015 13:00,0.374563083
14/10/2015 14:00,0.234436052
14/10/2015 15:00,0.010434819
14/10/2015 16:00,0
14/10/2015 17:00,0
14/10/2015 18:00,0
14/10/2015 19:00,0
14/10/2015 20:00,0
14/10/2015 21:00,0
14/10/2015 22:00,0
14/10/2015 23:00,0
15/10/2015 00:00,0
15/10/2015 01:00,0
15/10/2015 02:00,0
15/10/2015 03:00,0.000202126
15/10/2015 04:00,0.041935703
15/10/2015 05:00,0.175295341
15/10/2015 06:00,0.316113775
15/10/2015 07:00,0.451699567
15/10/2015 08:00,0.545466269
15/10/2015 09:00,0.590612884
15/10/2015 10:00,0.575478707
15/10/2015 11:00,0.514073694
15/10/2015 12:00,0.437128335
15/10/2015 13:00,0.381490175
15/10/2015 14:00,0.216852844
15/10/2015 15:00,0.009563377
15/10/2015 16:00,0
15/10/2015 17:00,0
15/10/2015 18:00,0
15/10/2015 19:00,0
15/10/2015 20:00,0
15/10/2015 21:00,0
15/10/2015 22:00,0
15/10/2015 23:00,0
16/10/2015 00:00,0
16/10/2015 01:00,0
16/10/2015 02:00,0
16/10/2015 03:00,0.000182555
16/10/2015 04:00,0.039573357
16/10/2015 05:00,0.169735937
16/10/2015 06:00,0.307573096
16/10/2015 07:00,0.441610415
16/10/2015 08:00,0.531546879
16/10/2015 09:00,0.56909631
16/10/2015 10:00,0.548484928
16/10/2015 11:00,0.47564673
16/10/2015 12:00,0.401978992
16/10/2015 13:00,0.359947074
16/10/2015 14:00,0.249743966
16/10/2015 15:00,0.009022811
16/10/2015 16:00,0
16/10/2015 17:00,0
16/10/2015 18:00,0
16/10/2015 19:00,0
16/10/2015 20:00,0
16/10/2015 21:00,0
16/10/2015 22:00,0
16/10/2015 23:00,0
17/10/2015 00:00,0
17/10/2015 01:00,0
17/10/2015 02:00,0
17/10/2015 03:00,0.000174307
17/10/2015 04:00,0.037802859
17/10/2015 05:00,0.15975213
17/10/2015 06:00,0.289326598
17/10/2015 07:00,0.408698073
17/10/2015 08:00,0.496631509
17/10/2015 09:00,0.522539626
17/10/2015 10:00,0.497799031
17/10/2015 11:00,0.428800665
17/10/2015 12:00,0.363062463
17/10/2015 13:00,0.324976622
17/10/2015 14:00,0.278228193
17/10/2015 15:00,0
17/10/2015 16:00,0
17/10/2015 17:00,0
17/10/2015 18:00,0
17/10/2015 19:00,0
17/10/2015 20:00,0
17/10/2015 21:00,0
17/10/2015 22:00,0
17/10/2015 23:00,0
18/10/2015 00:00,0
18/10/2015 01:00,0
18/10/2015 02:00,0
18/10/2015 03:00,0.00015156
18/10/2015 04:00,0.035835913
18/10/2015 05:00,0.156708603
18/10/2015 06:00,0.289232172
18/10/2015 07:00,0.41235419
18/10/2015 08:00,0.502097938
18/10/2015 09:00,0.525233103
18/10/2015 10:00,0.513365704
18/10/2015 11:00,0.438788982
18/10/2015 12:00,0.368737077
18/10/2015 13:00,0.323103238
18/10/2015 14:00,0.2690037
18/10/2015 15:00,0
18/10/2015 16:00,0
18/10/2015 17:00,0
18/10/2015 18:00,0
18/10/2015 19:00,0
18/10/2015 20:00,0
18/10/2015 21:00,0
18/10/2015 22:00,0
18/10/2015 23:00,0
19/10/2015 00:00,0
19/10/2015 01:00,0
19/10/2015 02:00,0
19/10/2015 03:00,0.000125107
19/10/2015 04:00,0.035605434
19/10/2015 05:00,0.161163994
19/10/2015 06:00,0.296949423
19/10/2015 07:00,0.416219803
19/10/2015 08:00,0.498978836
19/10/2015 09:00,0.507454925
19/10/2015 10:00,0.493997152
19/10/2015 11:00,0.434353933
19/10/2015 12:00,0.38293295
19/10/2015 13:00,0.335995572
19/10/2015 14:00,0.257255808
19/10/2015 15:00,0
19/10/2015 16:00,0
19/10/2015 17:00,0
19/10/2015 18:00,0
19/10/2015 19:00,0
19/10/2015 20:00,0
19/10/2015 21:00,0
19/10/2015 22:00,0
19/10/2015 23:00,0
20/10/2015 00:00,0
20/10/2015 01:00,0
20/10/2015 02:00,0
20/10/2015 03:00,0.000122168
20/10/2015 04:00,0.033458844
20/10/2015 05:00,0.147740271
20/10/2015 06:00,0.281555579
20/10/2015 07:00,0.409717494
20/10/2015 08:00,0.497615091
20/10/2015 09:00,0.522751638
20/10/2015 10:00,0.504767175
20/10/2015 11:00,0.442364328
20/10/2015 12:00,0.377805687
20/10/2015 13:00,0.329448795
20/10/2015 14:00,0.264676912
20/10/2015 15:00,0
20/10/2015 16:00,0
20/10/2015 17:00,0
20/10/2015 18:00,0
20/10/2015 19:00,0
20/10/2015 20:00,0
20/10/2015 21:00,0
20/10/2015 22:00,0
20/10/2015 23:00,0
21/10/2015 00:00,0
21/10/2015 01:00,0
21/10/2015 02:00,0
21/10/2015 03:00,0.000111788
21/10/2015 04:00,0.031525221
21/10/2015 05:00,0.149844021
21/10/2015 06:00,0.283221844
21/10/2015 07:00,0.405916578
21/10/2015 08:00,0.489682212
21/10/2015 09:00,0.520820953
21/10/2015 10:00,0.511168754
21/10/2015 11:00,0.464139943
21/10/2015 12:00,0.385444904
21/10/2015 13:00,0.337351426
21/10/2015 14:00,0.249282984
21/10/2015 15:00,0
21/10/2015 16:00,0
21/10/2015 17:00,0
21/10/2015 18:00,0
21/10/2015 19:00,0
21/10/2015 20:00,0
21/10/2015 21:00,0
21/10/2015 22:00,0
21/10/2015 23:00,0
22/10/2015 00:00,0
22/10/2015 01:00,0
22/10/2015 02:00,0
22/10/2015 03:00,9.64356E-05
22/10/2015 04:00,0.034244011
22/10/2015 05:00,0.16057688
22/10/2015 06:00,0.2948975
22/10/2015 07:00,0.420934824
22/10/2015 08:00,0.501534341
22/10/2015 09:00,0.543616059
22/10/2015 10:00,0.515124989
22/10/2015 11:00,0.456435222
22/10/2015 12:00,0.366864878
22/10/2015 13:00,0.31725463
22/10/2015 14:00,0.218600003
22/10/2015 15:00,0
22/10/2015 16:00,0
22/10/2015 17:00,0
22/10/2015 18:00,0
22/10/2015 19:00,0
22/10/2015 20:00,0
22/10/2015 21:00,0
22/10/2015 22:00,0
22/10/2015 23:00,0
23/10/2015 00:00,0
23/10/2015 01:00,0
23/10/2015 02:00,0
23/10/2015 03:00,9.01204E-05
23/10/2015 04:00,0.029873766
23/10/2015 05:00,0.142886597
23/10/2015 06:00,0.276561898
23/10/2015 07:00,0.387943652
23/10/2015 08:00,0.46713646
23/10/2015 09:00,0.504377648
23/10/2015 10:00,0.491688661
23/10/2015 11:00,0.428021226
23/10/2015 12:00,0.350534363
23/10/2015 13:00,0.275447747
23/10/2015 14:00,0.182793918
23/10/2015 15:00,0
23/10/2015 16:00,0
23/10/2015 17:00,0
23/10/2015 18:00,0
23/10/2015 19:00,0
23/10/2015 20:00,0
23/10/2015 21:00,0
23/10/2015 22:00,0
23/10/2015 23:00,0
24/10/2015 00:00,0
24/10/2015 01:00,0
24/10/2015 02:00,0
24/10/2015 03:00,7.81583E-05
24/10/2015 04:00,0.027185047
24/10/2015 05:00,0.143674955
24/10/2015 06:00,0.277990795
24/10/2015 07:00,0.392518032
24/10/2015 08:00,0.483113769
24/10/2015 09:00,0.519969469
24/10/2015 10:00,0.498861272
24/10/2015 11:00,0.422201442
24/10/2015 12:00,0.357111948
24/10/2015 13:00,0.29536114
24/10/2015 14:00,0.240657183
24/10/2015 15:00,0
24/10/2015 16:00,0
24/10/2015 17:00,0
24/10/2015 18:00,0
24/10/2015 19:00,0
24/10/2015 20:00,0
24/10/2015 21:00,0
24/10/2015 22:00,0
24/10/2015 23:00,0
25/10/2015 00:00,0
25/10/2015 01:00,0
25/10/2015 02:00,0
25/10/2015 03:00,6.96413E-05
25/10/2015 04:00,0.029591792
25/10/2015 05:00,0.147283718
25/10/2015 06:00,0.281936384
25/10/2015 07:00,0.387000803
25/10/2015 08:00,0.475805786
25/10/2015 09:00,0.508466787
25/10/2015 10:00,0.472733956
25/10/2015 11:00,0.416635381
25/10/2015 12:00,0.320371193
25/10/2015 13:00,0.26131275
25/10/2015 14:00,0.206631932
25/10/2015 15:00,0
25/10/2015 16:00,0
25/10/2015 17:00,0
25/10/2015 18:00,0
25/10/2015 19:00,0
25/10/2015 20:00,0
25/10/2015 21:00,0
25/10/2015 22:00,0
25/10/2015 23:00,0
26/10/2015 00:00,0
26/10/2015 01:00,0
26/10/2015 02:00,0
26/10/2015 03:00,6.05363E-05
26/10/2015 04:00,0.027889677
26/10/2015 05:00,0.144869731
26/10/2015 06:00,0.278374281
26/10/2015 07:00,0.402564921
26/10/2015 08:00,0.481163989
26/10/2015 09:00,0.504172093
26/10/2015 10:00,0.489084309
26/10/2015 11:00,0.431514301
26/10/2015 12:00,0.367405834
26/10/2015 13:00,0.318299501
26/10/2015 14:00,0.239371272
26/10/2015 15:00,0
26/10/2015 16:00,0
26/10/2015 17:00,0
26/10/2015 18:00,0
26/10/2015 19:00,0
26/10/2015 20:00,0
26/10/2015 21:00,0
26/10/2015 22:00,0
26/10/2015 23:00,0
27/10/2015 00:00,0
27/10/2015 01:00,0
27/10/2015 02:00,0
27/10/2015 03:00,5.26483E-05
27/10/2015 04:00,0.032290626
27/10/2015 05:00,0.157616757
27/10/2015 06:00,0.291292401
27/10/2015 07:00,0.412479243
27/10/2015 08:00,0.506228339
27/10/2015 09:00,0.545210802
27/10/2015 10:00,0.531176542
27/10/2015 11:00,0.465863786
27/10/2015 12:00,0.397133537
27/10/2015 13:00,0.349766431
27/10/2015 14:00,0.20251695
27/10/2015 15:00,0
27/10/2015 16:00,0
27/10/2015 17:00,0
27/10/2015 18:00,0
27/10/2015 19:00,0
27/10/2015 20:00,0
27/10/2015 21:00,0
27/10/2015 22:00,0
27/10/2015 23:00,0
28/10/2015 00:00,0
28/10/2015 01:00,0
28/10/2015 02:00,0
28/10/2015 03:00,3.73309E-05
28/10/2015 04:00,0.024236552
28/10/2015 05:00,0.135135989
28/10/2015 06:00,0.266124544
28/10/2015 07:00,0.372994593
28/10/2015 08:00,0.471619902
28/10/2015 09:00,0.530339995
28/10/2015 10:00,0.520388138
28/10/2015 11:00,0.479912109
28/10/2015 12:00,0.406854652
28/10/2015 13:00,0.356137115
28/10/2015 14:00,0.212648746
28/10/2015 15:00,0
28/10/2015 16:00,0
28/10/2015 17:00,0
28/10/2015 18:00,0
28/10/2015 19:00,0
28/10/2015 20:00,0
28/10/2015 21:00,0
28/10/2015 22:00,0
28/10/2015 23:00,0
29/10/2015 00:00,0
29/10/2015 01:00,0
29/10/2015 02:00,0
29/10/2015 03:00,4.2122E-05
29/10/2015 04:00,0.025414951
29/10/2015 05:00,0.137794793
29/10/2015 06:00,0.273555602
29/10/2015 07:00,0.392782132
29/10/2015 08:00,0.48312502
29/10/2015 09:00,0.533642701
29/10/2015 10:00,0.523982787
29/10/2015 11:00,0.464720327
29/10/2015 12:00,0.389096888
29/10/2015 13:00,0.325097677
29/10/2015 14:00,0.218396774
29/10/2015 15:00,0
29/10/2015 16:00,0
29/10/2015 17:00,0
29/10/2015 18:00,0
29/10/2015 19:00,0
29/10/2015 20:00,0
29/10/2015 21:00,0
29/10/2015 22:00,0
29/10/2015 23:00,0
30/10/2015 00:00,0
30/10/2015 01:00,0
30/10/2015 02:00,0
30/10/2015 03:00,4.08545E-05
30/10/2015 04:00,0.031422845
30/10/2015 05:00,0.155836443
30/10/2015 06:00,0.294014818
30/10/2015 07:00,0.40750537
30/10/2015 08:00,0.484424282
30/10/2015 09:00,0.532233718
30/10/2015 10:00,0.512806065
30/10/2015 11:00,0.469635493
30/10/2015 12:00,0.401938193
30/10/2015 13:00,0.352398071
30/10/2015 14:00,0.228614328
30/10/2015 15:00,0
30/10/2015 16:00,0
30/10/2015 17:00,0
30/10/2015 18:00,0
30/10/2015 19:00,0
30/10/2015 20:00,0
30/10/2015 21:00,0
30/10/2015 22:00,0
30/10/2015 23:00,0
31/10/2015 00:00,0
31/10/2015 01:00,0
31/10/2015 02:00,0
31/10/2015 03:00,3.36844E-05
31/10/2015 04:00,0.028929617
31/10/2015 05:00,0.153258315
31/10/2015 06:00,0.286806745
31/10/2015 07:00,0.382316273
31/10/2015 08:00,0.451945815
31/10/2015 09:00,0.4853211
31/10/2015 10:00,0.456893037
31/10/2015 11:00,0.388326899
31/10/2015 12:00,0.329605057
31/10/2015 13:00,0.277110394
31/10/2015 14:00,0.189012747
31/10/2015 15:00,0
31/10/2015 16:00,0
31/10/2015 17:00,0
31/10/2015 18:00,0
31/10/2015 19:00,0
31/10/2015 20:00,0
31/10/2015 21:00,0
31/10/2015 22:00,0
31/10/2015 23:00,0
01/11/2015 00:00,0
01/11/2015 01:00,0
01/11/2015 02:00,5.35424E-09
01/11/2015 03:00,4.92763E-05
01/11/2015 04:00,0.026534896
01/11/2015 05:00,0.134738923
01/11/2015 06:00,0.253907112
01/11/2015 07:00,0.371842788
01/11/2015 08:00,0.446352465
01/11/2015 09:00,0.479347516
01/11/2015 10:00,0.454451459
01/11/2015 11:00,0.397617587
01/11/2015 12:00,0.34399193
01/11/2015 13:00,0.304692886
01/11/2015 14:00,0.168660218
01/11/2015 15:00,0
01/11/2015 16:00,0
01/11/2015 17:00,0
01/11/2015 18:00,0
01/11/2015 19:00,0
01/11/2015 20:00,0
01/11/2015 21:00,0
01/11/2015 22:00,0
01/11/2015 23:00,0
02/11/2015 00:00,0
02/11/2015 01:00,0
02/11/2015 02:00,2.63589E-09
02/11/2015 03:00,4.3057E-05
02/11/2015 04:00,0.028040964
02/11/2015 05:00,0.137187813
02/11/2015 06:00,0.261378726
02/11/2015 07:00,0.37235157
02/11/2015 08:00,0.456142962
02/11/2015 09:00,0.47717876
02/11/2015 10:00,0.459058559
02/11/2015 11:00,0.408586928
02/11/2015 12:00,0.368266093
02/11/2015 13:00,0.318183559
02/11/2015 14:00,0.226097687
02/11/2015 15:00,0
02/11/2015 16:00,0
02/11/2015 17:00,0
02/11/2015 18:00,0
02/11/2015 19:00,0
02/11/2015 20:00,0
02/11/2015 21:00,0
02/11/2015 22:00,0
02/11/2015 23:00,0
03/11/2015 00:00,0
03/11/2015 01:00,0
03/11/2015 02:00,9.71896E-10
03/11/2015 03:00,3.89032E-05
03/11/2015 04:00,0.024654694
03/11/2015 05:00,0.11977
03/11/2015 06:00,0.216428648
03/11/2015 07:00,0.315060626
03/11/2015 08:00,0.391264851
03/11/2015 09:00,0.424363671
03/11/2015 10:00,0.418225198
03/11/2015 11:00,0.352608042
03/11/2015 12:00,0.308147292
03/11/2015 13:00,0.246862853
03/11/2015 14:00,0.198486419
03/11/2015 15:00,0
03/11/2015 16:00,0
03/11/2015 17:00,0
03/11/2015 18:00,0
03/11/2015 19:00,0
03/11/2015 20:00,0
03/11/2015 21:00,0
03/11/2015 22:00,0
03/11/2015 23:00,0
04/11/2015 00:00,0
04/11/2015 01:00,0
04/11/2015 02:00,9.63165E-10
04/11/2015 03:00,3.35526E-05
04/11/2015 04:00,0.021921405
04/11/2015 05:00,0.125121157
04/11/2015 06:00,0.240610962
04/11/2015 07:00,0.367678986
04/11/2015 08:00,0.463107546
04/11/2015 09:00,0.516502922
04/11/2015 10:00,0.495918403
04/11/2015 11:00,0.44341489
04/11/2015 12:00,0.378958095
04/11/2015 13:00,0.348794789
04/11/2015 14:00,0.21992996
04/11/2015 15:00,0
04/11/2015 16:00,0
04/11/2015 17:00,0
04/11/2015 18:00,0
04/11/2015 19:00,0
04/11/2015 20:00,0
04/11/2015 21:00,0
04/11/2015 22:00,0
04/11/2015 23:00,0
05/11/2015 00:00,0
05/11/2015 01:00,0
05/11/2015 02:00,9.50026E-10
05/11/2015 03:00,3.13268E-05
05/11/2015 04:00,0.02601448
05/11/2015 05:00,0.140941991
05/11/2015 06:00,0.274986075
05/11/2015 07:00,0.386089801
05/11/2015 08:00,0.486348461
05/11/2015 09:00,0.532103537
05/11/2015 10:00,0.518634089
05/11/2015 11:00,0.4624434
05/11/2015 12:00,0.387365847
05/11/2015 13:00,0.363999124
05/11/2015 14:00,0.222383454
05/11/2015 15:00,0
05/11/2015 16:00,0
05/11/2015 17:00,0
05/11/2015 18:00,0
05/11/2015 19:00,0
05/11/2015 20:00,0
05/11/2015 21:00,0
05/11/2015 22:00,0
05/11/2015 23:00,0
06/11/2015 00:00,0
06/11/2015 01:00,0
06/11/2015 02:00,9.44918E-10
06/11/2015 03:00,2.86768E-05
06/11/2015 04:00,0.023811454
06/11/2015 05:00,0.146939158
06/11/2015 06:00,0.28719528
06/11/2015 07:00,0.418524645
06/11/2015 08:00,0.510514169
06/11/2015 09:00,0.552848095
06/11/2015 10:00,0.527726024
06/11/2015 11:00,0.478231926
06/11/2015 12:00,0.408292313
06/11/2015 13:00,0.361978248
06/11/2015 14:00,0.194433653
06/11/2015 15:00,0
06/11/2015 16:00,0
06/11/2015 17:00,0
06/11/2015 18:00,0
06/11/2015 19:00,0
06/11/2015 20:00,0
06/11/2015 21:00,0
06/11/2015 22:00,0
06/11/2015 23:00,0
07/11/2015 00:00,0
07/11/2015 01:00,0
07/11/2015 02:00,9.37605E-10
07/11/2015 03:00,2.61863E-05
07/11/2015 04:00,0.02499224
07/11/2015 05:00,0.145529729
07/11/2015 06:00,0.283008231
07/11/2015 07:00,0.408842508
07/11/2015 08:00,0.492851929
07/11/2015 09:00,0.538701417
07/11/2015 10:00,0.506880969
07/11/2015 11:00,0.44329885
07/11/2015 12:00,0.385156147
07/11/2015 13:00,0.345039185
07/11/2015 14:00,0.17322005
07/11/2015 15:00,0
07/11/2015 16:00,0
07/11/2015 17:00,0
07/11/2015 18:00,0
07/11/2015 19:00,0
07/11/2015 20:00,0
07/11/2015 21:00,0
07/11/2015 22:00,0
07/11/2015 23:00,0
08/11/2015 00:00,0
08/11/2015 01:00,0
08/11/2015 02:00,9.30284E-10
08/11/2015 03:00,2.42728E-05
08/11/2015 04:00,0.022385271
08/11/2015 05:00,0.136386202
08/11/2015 06:00,0.263494283
08/11/2015 07:00,0.393682052
08/11/2015 08:00,0.483979464
08/11/2015 09:00,0.522696147
08/11/2015 10:00,0.502599642
08/11/2015 11:00,0.438156418
08/11/2015 12:00,0.387299623
08/11/2015 13:00,0.353270232
08/11/2015 14:00,0.206574231
08/11/2015 15:00,0
08/11/2015 16:00,0
08/11/2015 17:00,0
08/11/2015 18:00,0
08/11/2015 19:00,0
08/11/2015 20:00,0
08/11/2015 21:00,0
08/11/2015 22:00,0
08/11/2015 23:00,0
09/11/2015 00:00,0
09/11/2015 01:00,0
09/11/2015 02:00,7.73484E-10
09/11/2015 03:00,2.36659E-05
09/11/2015 04:00,0.019780802
09/11/2015 05:00,0.119283049
09/11/2015 06:00,0.226541586
09/11/2015 07:00,0.326685905
09/11/2015 08:00,0.420546922
09/11/2015 09:00,0.447774298
09/11/2015 10:00,0.422898971
09/11/2015 11:00,0.373312417
09/11/2015 12:00,0.33652603
09/11/2015 13:00,0.308611713
09/11/2015 14:00,0.215006786
09/11/2015 15:00,0
09/11/2015 16:00,0
09/11/2015 17:00,0
09/11/2015 18:00,0
09/11/2015 19:00,0
09/11/2015 20:00,0
09/11/2015 21:00,0
09/11/2015 22:00,0
09/11/2015 23:00,0
10/11/2015 00:00,0
10/11/2015 01:00,0
10/11/2015 02:00,7.43359E-10
10/11/2015 03:00,2.29629E-05
10/11/2015 04:00,0.015184892
10/11/2015 05:00,0.103649615
10/11/2015 06:00,0.222061104
10/11/2015 07:00,0.354358879
10/11/2015 08:00,0.434493578
10/11/2015 09:00,0.47114963
10/11/2015 10:00,0.465836541
10/11/2015 11:00,0.42116794
10/11/2015 12:00,0.370704449
10/11/2015 13:00,0.34658469
10/11/2015 14:00,0.187311386
10/11/2015 15:00,0
10/11/2015 16:00,0
10/11/2015 17:00,0
10/11/2015 18:00,0
10/11/2015 19:00,0
10/11/2015 20:00,0
10/11/2015 21:00,0
10/11/2015 22:00,0
10/11/2015 23:00,0
11/11/2015 00:00,0
11/11/2015 01:00,0
11/11/2015 02:00,7.14733E-10
11/11/2015 03:00,2.15346E-05
11/11/2015 04:00,0.017452755
11/11/2015 05:00,0.122615161
11/11/2015 06:00,0.248069282
11/11/2015 07:00,0.382385
11/11/2015 08:00,0.471818267
11/11/2015 09:00,0.524966775
11/11/2015 10:00,0.508833027
11/11/2015 11:00,0.4595398
11/11/2015 12:00,0.406005112
11/11/2015 13:00,0.368543747
11/11/2015 14:00,0.156172325
11/11/2015 15:00,0
11/11/2015 16:00,0
11/11/2015 17:00,0
11/11/2015 18:00,0
11/11/2015 19:00,0
11/11/2015 20:00,0
11/11/2015 21:00,0
11/11/2015 22:00,0
11/11/2015 23:00,0
12/11/2015 00:00,0
12/11/2015 01:00,0
12/11/2015 02:00,6.93292E-10
12/11/2015 03:00,2.06485E-05
12/11/2015 04:00,0.014375887
12/11/2015 05:00,0.11011602
12/11/2015 06:00,0.233496631
12/11/2015 07:00,0.35365508
12/11/2015 08:00,0.460669993
12/11/2015 09:00,0.509366307
12/11/2015 10:00,0.483298973
12/11/2015 11:00,0.434665739
12/11/2015 12:00,0.381873175
12/11/2015 13:00,0.328587087
12/11/2015 14:00,0.164204584
12/11/2015 15:00,0
12/11/2015 16:00,0
12/11/2015 17:00,0
12/11/2015 18:00,0
12/11/2015 19:00,0
12/11/2015 20:00,0
12/11/2015 21:00,0
12/11/2015 22:00,0
12/11/2015 23:00,0
13/11/2015 00:00,0
13/11/2015 01:00,0
13/11/2015 02:00,2.33786E-10
13/11/2015 03:00,2.0275E-05
13/11/2015 04:00,0.012425707
13/11/2015 05:00,0.100291398
13/11/2015 06:00,0.222189883
13/11/2015 07:00,0.341365809
13/11/2015 08:00,0.438911433
13/11/2015 09:00,0.481685078
13/11/2015 10:00,0.477741088
13/11/2015 11:00,0.417131118
13/11/2015 12:00,0.35627624
13/11/2015 13:00,0.338845951
13/11/2015 14:00,0.150087889
13/11/2015 15:00,0
13/11/2015 16:00,0
13/11/2015 17:00,0
13/11/2015 18:00,0
13/11/2015 19:00,0
13/11/2015 20:00,0
13/11/2015 21:00,0
13/11/2015 22:00,0
13/11/2015 23:00,0
14/11/2015 00:00,0
14/11/2015 01:00,0
14/11/2015 02:00,1.29006E-10
14/11/2015 03:00,1.88691E-05
14/11/2015 04:00,0.016221094
14/11/2015 05:00,0.114547663
14/11/2015 06:00,0.238392939
14/11/2015 07:00,0.359766231
14/11/2015 08:00,0.439796176
14/11/2015 09:00,0.468905729
14/11/2015 10:00,0.466458587
14/11/2015 11:00,0.422121142
14/11/2015 12:00,0.37691209
14/11/2015 13:00,0.342693009
14/11/2015 14:00,0.187928578
14/11/2015 15:00,0
14/11/2015 16:00,0
14/11/2015 17:00,0
14/11/2015 18:00,0
14/11/2015 19:00,0
14/11/2015 20:00,0
14/11/2015 21:00,0
14/11/2015 22:00,0
14/11/2015 23:00,0
15/11/2015 00:00,0
15/11/2015 01:00,0
15/11/2015 02:00,0
15/11/2015 03:00,1.81791E-05
15/11/2015 04:00,0.017920578
15/11/2015 05:00,0.113484939
15/11/2015 06:00,0.226547433
15/11/2015 07:00,0.348408666
15/11/2015 08:00,0.421594937
15/11/2015 09:00,0.464805849
15/11/2015 10:00,0.45663758
15/11/2015 11:00,0.413566142
15/11/2015 12:00,0.358437645
15/11/2015 13:00,0.292254508
15/11/2015 14:00,0.166074084
15/11/2015 15:00,0
15/11/2015 16:00,0
15/11/2015 17:00,0
15/11/2015 18:00,0
15/11/2015 19:00,0
15/11/2015 20:00,0
15/11/2015 21:00,0
15/11/2015 22:00,0
15/11/2015 23:00,0
16/11/2015 00:00,0
16/11/2015 01:00,0
16/11/2015 02:00,0
16/11/2015 03:00,1.76724E-05
16/11/2015 04:00,0.017093496
16/11/2015 05:00,0.135138161
16/11/2015 06:00,0.278649201
16/11/2015 07:00,0.397664781
16/11/2015 08:00,0.486671825
16/11/2015 09:00,0.51974135
16/11/2015 10:00,0.505181687
16/11/2015 11:00,0.459156082
16/11/2015 12:00,0.400335573
16/11/2015 13:00,0.358586393
16/11/2015 14:00,0.159628543
16/11/2015 15:00,0
16/11/2015 16:00,0
16/11/2015 17:00,0
16/11/2015 18:00,0
16/11/2015 19:00,0
16/11/2015 20:00,0
16/11/2015 21:00,0
16/11/2015 22:00,0
16/11/2015 23:00,0
17/11/2015 00:00,0
17/11/2015 01:00,0
17/11/2015 02:00,0
17/11/2015 03:00,1.70945E-05
17/11/2015 04:00,0.016418669
17/11/2015 05:00,0.126811114
17/11/2015 06:00,0.263594771
17/11/2015 07:00,0.396116901
17/11/2015 08:00,0.481644095
17/11/2015 09:00,0.53581072
17/11/2015 10:00,0.524874798
17/11/2015 11:00,0.480856465
17/11/2015 12:00,0.413403945
17/11/2015 13:00,0.386187349
17/11/2015 14:00,0.158590629
17/11/2015 15:00,0
17/11/2015 16:00,0
17/11/2015 17:00,0
17/11/2015 18:00,0
17/11/2015 19:00,0
17/11/2015 20:00,0
17/11/2015 21:00,0
17/11/2015 22:00,0
17/11/2015 23:00,0
18/11/2015 00:00,0
18/11/2015 01:00,0
18/11/2015 02:00,0
18/11/2015 03:00,1.69974E-05
18/11/2015 04:00,0.018378226
18/11/2015 05:00,0.135650736
18/11/2015 06:00,0.278909119
18/11/2015 07:00,0.408665851
18/11/2015 08:00,0.500316356
18/11/2015 09:00,0.543225696
18/11/2015 10:00,0.533099657
18/11/2015 11:00,0.475422837
18/11/2015 12:00,0.423799163
18/11/2015 13:00,0.39799781
18/11/2015 14:00,0.168217195
18/11/2015 15:00,0
18/11/2015 16:00,0
18/11/2015 17:00,0
18/11/2015 18:00,0
18/11/2015 19:00,0
18/11/2015 20:00,0
18/11/2015 21:00,0
18/11/2015 22:00,0
18/11/2015 23:00,0
19/11/2015 00:00,0
19/11/2015 01:00,0
19/11/2015 02:00,0
19/11/2015 03:00,1.72354E-05
19/11/2015 04:00,0.017062304
19/11/2015 05:00,0.130324731
19/11/2015 06:00,0.265627894
19/11/2015 07:00,0.387615572
19/11/2015 08:00,0.482614968
19/11/2015 09:00,0.519981894
19/11/2015 10:00,0.512005603
19/11/2015 11:00,0.463246197
19/11/2015 12:00,0.410507422
19/11/2015 13:00,0.37575674
19/11/2015 14:00,0.151885596
19/11/2015 15:00,0
19/11/2015 16:00,0
19/11/2015 17:00,0
19/11/2015 18:00,0
19/11/2015 19:00,0
19/11/2015 20:00,0
19/11/2015 21:00,0
19/11/2015 22:00,0
19/11/2015 23:00,0
20/11/2015 00:00,0
20/11/2015 01:00,0
20/11/2015 02:00,0
20/11/2015 03:00,1.70384E-05
20/11/2015 04:00,0.01371007
20/11/2015 05:00,0.118542282
20/11/2015 06:00,0.242139026
20/11/2015 07:00,0.383150052
20/11/2015 08:00,0.469496387
20/11/2015 09:00,0.524999772
20/11/2015 10:00,0.519491687
20/11/2015 11:00,0.465443069
20/11/2015 12:00,0.394693161
20/11/2015 13:00,0.37244956
20/11/2015 14:00,0.15743731
20/11/2015 15:00,0
20/11/2015 16:00,0
20/11/2015 17:00,0
20/11/2015 18:00,0
20/11/2015 19:00,0
20/11/2015 20:00,0
20/11/2015 21:00,0
20/11/2015 22:00,0
20/11/2015 23:00,0
21/11/2015 00:00,0
21/11/2015 01:00,0
21/11/2015 02:00,0
21/11/2015 03:00,1.66255E-05
21/11/2015 04:00,0.01525966
21/11/2015 05:00,0.119257765
21/11/2015 06:00,0.25220102
21/11/2015 07:00,0.385222473
21/11/2015 08:00,0.486624213
21/11/2015 09:00,0.533233075
21/11/2015 10:00,0.526237057
21/11/2015 11:00,0.477946552
21/11/2015 12:00,0.42127871
21/11/2015 13:00,0.380242943
21/11/2015 14:00,0.148056262
21/11/2015 15:00,0
21/11/2015 16:00,0
21/11/2015 17:00,0
21/11/2015 18:00,0
21/11/2015 19:00,0
21/11/2015 20:00,0
21/11/2015 21:00,0
21/11/2015 22:00,0
21/11/2015 23:00,0
22/11/2015 00:00,0
22/11/2015 01:00,0
22/11/2015 02:00,0
22/11/2015 03:00,1.62863E-05
22/11/2015 04:00,0.016012803
22/11/2015 05:00,0.121827685
22/11/2015 06:00,0.250522732
22/11/2015 07:00,0.370854951
22/11/2015 08:00,0.460936709
22/11/2015 09:00,0.496582959
22/11/2015 10:00,0.479451192
22/11/2015 11:00,0.417966303
22/11/2015 12:00,0.359502464
22/11/2015 13:00,0.30729914
22/11/2015 14:00,0.192401331
22/11/2015 15:00,0
22/11/2015 16:00,0
22/11/2015 17:00,0
22/11/2015 18:00,0
22/11/2015 19:00,0
22/11/2015 20:00,0
22/11/2015 21:00,0
22/11/2015 22:00,0
22/11/2015 23:00,0
23/11/2015 00:00,0
23/11/2015 01:00,0
23/11/2015 02:00,0
23/11/2015 03:00,1.54302E-05
23/11/2015 04:00,0.010957844
23/11/2015 05:00,0.103463783
23/11/2015 06:00,0.234314132
23/11/2015 07:00,0.332208672
23/11/2015 08:00,0.420357576
23/11/2015 09:00,0.475981195
23/11/2015 10:00,0.470677983
23/11/2015 11:00,0.435686528
23/11/2015 12:00,0.397954398
23/11/2015 13:00,0.344280528
23/11/2015 14:00,0.170583908
23/11/2015 15:00,0
23/11/2015 16:00,0
23/11/2015 17:00,0
23/11/2015 18:00,0
23/11/2015 19:00,0
23/11/2015 20:00,0
23/11/2015 21:00,0
23/11/2015 22:00,0
23/11/2015 23:00,0
24/11/2015 00:00,0
24/11/2015 01:00,0
24/11/2015 02:00,0
24/11/2015 03:00,1.48187E-05
24/11/2015 04:00,0.014255811
24/11/2015 05:00,0.117188639
24/11/2015 06:00,0.26211721
24/11/2015 07:00,0.369728601
24/11/2015 08:00,0.450969365
24/11/2015 09:00,0.487911178
24/11/2015 10:00,0.475563872
24/11/2015 11:00,0.451127969
24/11/2015 12:00,0.397038071
24/11/2015 13:00,0.378853122
24/11/2015 14:00,0.191103802
24/11/2015 15:00,0
24/11/2015 16:00,0
24/11/2015 17:00,0
24/11/2015 18:00,0
24/11/2015 19:00,0
24/11/2015 20:00,0
24/11/2015 21:00,0
24/11/2015 22:00,0
24/11/2015 23:00,0
25/11/2015 00:00,0
25/11/2015 01:00,0
25/11/2015 02:00,0
25/11/2015 03:00,1.43883E-05
25/11/2015 04:00,0.011304498
25/11/2015 05:00,0.11023024
25/11/2015 06:00,0.244922429
25/11/2015 07:00,0.3679521
25/11/2015 08:00,0.469547925
25/11/2015 09:00,0.522520435
25/11/2015 10:00,0.532472895
25/11/2015 11:00,0.484816982
25/11/2015 12:00,0.425000682
25/11/2015 13:00,0.405938864
25/11/2015 14:00,0.128697959
25/11/2015 15:00,0
25/11/2015 16:00,0
25/11/2015 17:00,0
25/11/2015 18:00,0
25/11/2015 19:00,0
25/11/2015 20:00,0
25/11/2015 21:00,0
25/11/2015 22:00,0
25/11/2015 23:00,0
26/11/2015 00:00,0
26/11/2015 01:00,0
26/11/2015 02:00,0
26/11/2015 03:00,1.44061E-05
26/11/2015 04:00,0.012655865
26/11/2015 05:00,0.119002946
26/11/2015 06:00,0.261993843
26/11/2015 07:00,0.408513559
26/11/2015 08:00,0.511587527
26/11/2015 09:00,0.559894053
26/11/2015 10:00,0.553716846
26/11/2015 11:00,0.504840059
26/11/2015 12:00,0.445864016
26/11/2015 13:00,0.39817873
26/11/2015 14:00,0.144863335
26/11/2015 15:00,0
26/11/2015 16:00,0
26/11/2015 17:00,0
26/11/2015 18:00,0
26/11/2015 19:00,0
26/11/2015 20:00,0
26/11/2015 21:00,0
26/11/2015 22:00,0
26/11/2015 23:00,0
27/11/2015 00:00,0
27/11/2015 01:00,0
27/11/2015 02:00,0
27/11/2015 03:00,1.41981E-05
27/11/2015 04:00,0.01132453
27/11/2015 05:00,0.112128041
27/11/2015 06:00,0.247544017
27/11/2015 07:00,0.373444333
27/11/2015 08:00,0.452195952
27/11/2015 09:00,0.487536375
27/11/2015 10:00,0.46534984
27/11/2015 11:00,0.407932479
27/11/2015 12:00,0.359902072
27/11/2015 13:00,0.330351712
27/11/2015 14:00,0.164680804
27/11/2015 15:00,0
27/11/2015 16:00,0
27/11/2015 17:00,0
27/11/2015 18:00,0
27/11/2015 19:00,0
27/11/2015 20:00,0
27/11/2015 21:00,0
27/11/2015 22:00,0
27/11/2015 23:00,0
28/11/2015 00:00,0
28/11/2015 01:00,0
28/11/2015 02:00,0
28/11/2015 03:00,1.38096E-05
28/11/2015 04:00,0.009753141
28/11/2015 05:00,0.109366002
28/11/2015 06:00,0.246322643
28/11/2015 07:00,0.375569924
28/11/2015 08:00,0.468673475
28/11/2015 09:00,0.517378532
28/11/2015 10:00,0.501302186
28/11/2015 11:00,0.44894826
28/11/2015 12:00,0.41091996
28/11/2015 13:00,0.388032515
28/11/2015 14:00,0.196852276
28/11/2015 15:00,0
28/11/2015 16:00,0
28/11/2015 17:00,0
28/11/2015 18:00,0
28/11/2015 19:00,0
28/11/2015 20:00,0
28/11/2015 21:00,0
28/11/2015 22:00,0
28/11/2015 23:00,0
29/11/2015 00:00,0
29/11/2015 01:00,0
29/11/2015 02:00,0
29/11/2015 03:00,1.33806E-05
29/11/2015 04:00,0.011785355
29/11/2015 05:00,0.118045717
29/11/2015 06:00,0.254811536
29/11/2015 07:00,0.38008331
29/11/2015 08:00,0.472983125
29/11/2015 09:00,0.517682308
29/11/2015 10:00,0.501940931
29/11/2015 11:00,0.450498989
29/11/2015 12:00,0.39523314
29/11/2015 13:00,0.361828809
29/11/2015 14:00,0.21256022
29/11/2015 15:00,0
29/11/2015 16:00,0
29/11/2015 17:00,0
29/11/2015 18:00,0
29/11/2015 19:00,0
29/11/2015 20:00,0
29/11/2015 21:00,0
29/11/2015 22:00,0
29/11/2015 23:00,0
30/11/2015 00:00,0
30/11/2015 01:00,0
30/11/2015 02:00,0
30/11/2015 03:00,1.28863E-05
30/11/2015 04:00,0.011133742
30/11/2015 05:00,0.111357025
30/11/2015 06:00,0.245646373
30/11/2015 07:00,0.37443496
30/11/2015 08:00,0.463148761
30/11/2015 09:00,0.499850176
30/11/2015 10:00,0.475521281
30/11/2015 11:00,0.426509433
30/11/2015 12:00,0.371327594
30/11/2015 13:00,0.326315449
30/11/2015 14:00,0.148166052
30/11/2015 15:00,0
30/11/2015 16:00,0
30/11/2015 17:00,0
30/11/2015 18:00,0
30/11/2015 19:00,0
30/11/2015 20:00,0
30/11/2015 21:00,0
30/11/2015 22:00,0
30/11/2015 23:00,0
01/12/2015 00:00,0
01/12/2015 01:00,0
01/12/2015 02:00,2.38137E-08
01/12/2015 03:00,4.78293E-05
01/12/2015 04:00,0.007534752
01/12/2015 05:00,0.094700107
01/12/2015 06:00,0.227395044
01/12/2015 07:00,0.348320664
01/12/2015 08:00,0.439375691
01/12/2015 09:00,0.492957796
01/12/2015 10:00,0.474146647
01/12/2015 11:00,0.437037296
01/12/2015 12:00,0.374076575
01/12/2015 13:00,0.324580356
01/12/2015 14:00,0.177365902
01/12/2015 15:00,0
01/12/2015 16:00,0
01/12/2015 17:00,0
01/12/2015 18:00,0
01/12/2015 19:00,0
01/12/2015 20:00,0
01/12/2015 21:00,0
01/12/2015 22:00,0
01/12/2015 23:00,0
02/12/2015 00:00,0
02/12/2015 01:00,0
02/12/2015 02:00,2.37446E-08
02/12/2015 03:00,4.79644E-05
02/12/2015 04:00,0.007285239
02/12/2015 05:00,0.099584162
02/12/2015 06:00,0.232031261
02/12/2015 07:00,0.378183893
02/12/2015 08:00,0.479125061
02/12/2015 09:00,0.532795262
02/12/2015 10:00,0.52410901
02/12/2015 11:00,0.47084553
02/12/2015 12:00,0.423171657
02/12/2015 13:00,0.390885083
02/12/2015 14:00,0.154388172
02/12/2015 15:00,0
02/12/2015 16:00,0
02/12/2015 17:00,0
02/12/2015 18:00,0
02/12/2015 19:00,0
02/12/2015 20:00,0
02/12/2015 21:00,0
02/12/2015 22:00,0
02/12/2015 23:00,0
03/12/2015 00:00,0
03/12/2015 01:00,0
03/12/2015 02:00,2.38363E-08
03/12/2015 03:00,4.82456E-05
03/12/2015 04:00,0.01001613
03/12/2015 05:00,0.108383849
03/12/2015 06:00,0.242016506
03/12/2015 07:00,0.368710423
03/12/2015 08:00,0.469453836
03/12/2015 09:00,0.521574103
03/12/2015 10:00,0.508213503
03/12/2015 11:00,0.467245758
03/12/2015 12:00,0.422066024
03/12/2015 13:00,0.383196798
03/12/2015 14:00,0.176072706
03/12/2015 15:00,0
03/12/2015 16:00,0
03/12/2015 17:00,0
03/12/2015 18:00,0
03/12/2015 19:00,0
03/12/2015 20:00,0
03/12/2015 21:00,0
03/12/2015 22:00,0
03/12/2015 23:00,0
04/12/2015 00:00,0
04/12/2015 01:00,0
04/12/2015 02:00,2.38746E-08
04/12/2015 03:00,4.80606E-05
04/12/2015 04:00,0.008323324
04/12/2015 05:00,0.093481198
04/12/2015 06:00,0.222683609
04/12/2015 07:00,0.35161131
04/12/2015 08:00,0.456204654
04/12/2015 09:00,0.50186582
04/12/2015 10:00,0.489959669
04/12/2015 11:00,0.435300674
04/12/2015 12:00,0.369872616
04/12/2015 13:00,0.329061027
04/12/2015 14:00,0.185758378
04/12/2015 15:00,0
04/12/2015 16:00,0
04/12/2015 17:00,0
04/12/2015 18:00,0
04/12/2015 19:00,0
04/12/2015 20:00,0
04/12/2015 21:00,0
04/12/2015 22:00,0
04/12/2015 23:00,0
05/12/2015 00:00,0
05/12/2015 01:00,0
05/12/2015 02:00,2.40242E-08
05/12/2015 03:00,4.78201E-05
05/12/2015 04:00,0.006429719
05/12/2015 05:00,0.085455615
05/12/2015 06:00,0.204064189
05/12/2015 07:00,0.30972195
05/12/2015 08:00,0.410920357
05/12/2015 09:00,0.466071448
05/12/2015 10:00,0.478511965
05/12/2015 11:00,0.441821123
05/12/2015 12:00,0.395111741
05/12/2015 13:00,0.376987478
05/12/2015 14:00,0.204694428
05/12/2015 15:00,0
05/12/2015 16:00,0
05/12/2015 17:00,0
05/12/2015 18:00,0
05/12/2015 19:00,0
05/12/2015 20:00,0
05/12/2015 21:00,0
05/12/2015 22:00,0
05/12/2015 23:00,0
06/12/2015 00:00,0
06/12/2015 01:00,0
06/12/2015 02:00,2.38843E-08
06/12/2015 03:00,4.80275E-05
06/12/2015 04:00,0.008167566
06/12/2015 05:00,0.100194851
06/12/2015 06:00,0.22914535
06/12/2015 07:00,0.352735586
06/12/2015 08:00,0.457057064
06/12/2015 09:00,0.514047819
06/12/2015 10:00,0.510800383
06/12/2015 11:00,0.461059908
06/12/2015 12:00,0.405325179
06/12/2015 13:00,0.384368083
06/12/2015 14:00,0.160065064
06/12/2015 15:00,0
06/12/2015 16:00,0
06/12/2015 17:00,0
06/12/2015 18:00,0
06/12/2015 19:00,0
06/12/2015 20:00,0
06/12/2015 21:00,0
06/12/2015 22:00,0
06/12/2015 23:00,0
07/12/2015 00:00,0
07/12/2015 01:00,0
07/12/2015 02:00,2.37116E-08
07/12/2015 03:00,4.84977E-05
07/12/2015 04:00,0.007778264
07/12/2015 05:00,0.108723476
07/12/2015 06:00,0.257131232
07/12/2015 07:00,0.383083001
07/12/2015 08:00,0.480400976
07/12/2015 09:00,0.53314004
07/12/2015 10:00,0.529199502
07/12/2015 11:00,0.490236054
07/12/2015 12:00,0.44268261
07/12/2015 13:00,0.400898095
07/12/2015 14:00,0.162435664
07/12/2015 15:00,0
07/12/2015 16:00,0
07/12/2015 17:00,0
07/12/2015 18:00,0
07/12/2015 19:00,0
07/12/2015 20:00,0
07/12/2015 21:00,0
07/12/2015 22:00,0
07/12/2015 23:00,0
08/12/2015 00:00,0
08/12/2015 01:00,0
08/12/2015 02:00,2.37712E-08
08/12/2015 03:00,4.85925E-05
08/12/2015 04:00,0.008084299
08/12/2015 05:00,0.111411545
08/12/2015 06:00,0.25502288
08/12/2015 07:00,0.393305016
08/12/2015 08:00,0.500083621
08/12/2015 09:00,0.55382518
08/12/2015 10:00,0.554850434
08/12/2015 11:00,0.51547826
08/12/2015 12:00,0.462781444
08/12/2015 13:00,0.420628333
08/12/2015 14:00,0.149203064
08/12/2015 15:00,0
08/12/2015 16:00,0
08/12/2015 17:00,0
08/12/2015 18:00,0
08/12/2015 19:00,0
08/12/2015 20:00,0
08/12/2015 21:00,0
08/12/2015 22:00,0
08/12/2015 23:00,0
09/12/2015 00:00,0
09/12/2015 01:00,0
09/12/2015 02:00,2.3807E-08
09/12/2015 03:00,4.82798E-05
09/12/2015 04:00,0.00700145
09/12/2015 05:00,0.102584191
09/12/2015 06:00,0.241374972
09/12/2015 07:00,0.37540104
09/12/2015 08:00,0.478374105
09/12/2015 09:00,0.535319081
09/12/2015 10:00,0.535846593
09/12/2015 11:00,0.489741052
09/12/2015 12:00,0.434149503
09/12/2015 13:00,0.388016908
09/12/2015 14:00,0.1814141
09/12/2015 15:00,0
09/12/2015 16:00,0
09/12/2015 17:00,0
09/12/2015 18:00,0
09/12/2015 19:00,0
09/12/2015 20:00,0
09/12/2015 21:00,0
09/12/2015 22:00,0
09/12/2015 23:00,0
10/12/2015 00:00,0
10/12/2015 01:00,0
10/12/2015 02:00,2.39238E-08
10/12/2015 03:00,4.8111E-05
10/12/2015 04:00,0.006563724
10/12/2015 05:00,0.094979267
10/12/2015 06:00,0.22355401
10/12/2015 07:00,0.35139632
10/12/2015 08:00,0.459101744
10/12/2015 09:00,0.515885761
10/12/2015 10:00,0.511643009
10/12/2015 11:00,0.477136303
10/12/2015 12:00,0.436354953
10/12/2015 13:00,0.405619204
10/12/2015 14:00,0.16448452
10/12/2015 15:00,0
10/12/2015 16:00,0
10/12/2015 17:00,0
10/12/2015 18:00,0
10/12/2015 19:00,0
10/12/2015 20:00,0
10/12/2015 21:00,0
10/12/2015 22:00,0
10/12/2015 23:00,0
11/12/2015 00:00,0
11/12/2015 01:00,0
11/12/2015 02:00,2.38288E-08
11/12/2015 03:00,4.19083E-05
11/12/2015 04:00,0.004945752
11/12/2015 05:00,0.087790922
11/12/2015 06:00,0.225022918
11/12/2015 07:00,0.352721866
11/12/2015 08:00,0.457179518
11/12/2015 09:00,0.506045528
11/12/2015 10:00,0.52521009
11/12/2015 11:00,0.488473683
11/12/2015 12:00,0.432525845
11/12/2015 13:00,0.390960777
11/12/2015 14:00,0.168998383
11/12/2015 15:00,0
11/12/2015 16:00,0
11/12/2015 17:00,0
11/12/2015 18:00,0
11/12/2015 19:00,0
11/12/2015 20:00,0
11/12/2015 21:00,0
11/12/2015 22:00,0
11/12/2015 23:00,0
12/12/2015 00:00,0
12/12/2015 01:00,0
12/12/2015 02:00,2.3605E-08
12/12/2015 03:00,4.19468E-05
12/12/2015 04:00,0.005851943
12/12/2015 05:00,0.093800659
12/12/2015 06:00,0.229732249
12/12/2015 07:00,0.35454734
12/12/2015 08:00,0.452657942
12/12/2015 09:00,0.501748944
12/12/2015 10:00,0.497699207
12/12/2015 11:00,0.466787826
12/12/2015 12:00,0.406736169
12/12/2015 13:00,0.373289422
12/12/2015 14:00,0.21116254
12/12/2015 15:00,0
12/12/2015 16:00,0
12/12/2015 17:00,0
12/12/2015 18:00,0
12/12/2015 19:00,0
12/12/2015 20:00,0
12/12/2015 21:00,0
12/12/2015 22:00,0
12/12/2015 23:00,0
13/12/2015 00:00,0
13/12/2015 01:00,0
13/12/2015 02:00,2.3888E-08
13/12/2015 03:00,4.18447E-05
13/12/2015 04:00,0.005373193
13/12/2015 05:00,0.089614072
13/12/2015 06:00,0.223460316
13/12/2015 07:00,0.349461448
13/12/2015 08:00,0.449052539
13/12/2015 09:00,0.501209929
13/12/2015 10:00,0.500262088
13/12/2015 11:00,0.473782307
13/12/2015 12:00,0.427185308
13/12/2015 13:00,0.394862363
13/12/2015 14:00,0.188325585
13/12/2015 15:00,0
13/12/2015 16:00,0
13/12/2015 17:00,0
13/12/2015 18:00,0
13/12/2015 19:00,0
13/12/2015 20:00,0
13/12/2015 21:00,0
13/12/2015 22:00,0
13/12/2015 23:00,0
14/12/2015 00:00,0
14/12/2015 01:00,0
14/12/2015 02:00,9.2967E-09
14/12/2015 03:00,3.90851E-05
14/12/2015 04:00,0.005043519
14/12/2015 05:00,0.088894057
14/12/2015 06:00,0.223828447
14/12/2015 07:00,0.345557184
14/12/2015 08:00,0.458387707
14/12/2015 09:00,0.501126697
14/12/2015 10:00,0.500351316
14/12/2015 11:00,0.457645638
14/12/2015 12:00,0.41632422
14/12/2015 13:00,0.364893652
14/12/2015 14:00,0.227791887
14/12/2015 15:00,0
14/12/2015 16:00,0
14/12/2015 17:00,0
14/12/2015 18:00,0
14/12/2015 19:00,0
14/12/2015 20:00,0
14/12/2015 21:00,0
14/12/2015 22:00,0
14/12/2015 23:00,0
15/12/2015 00:00,0
15/12/2015 01:00,0
15/12/2015 02:00,9.30373E-09
15/12/2015 03:00,3.91744E-05
15/12/2015 04:00,0.004479539
15/12/2015 05:00,0.079760986
15/12/2015 06:00,0.212190994
15/12/2015 07:00,0.338187741
15/12/2015 08:00,0.434802796
15/12/2015 09:00,0.475452939
15/12/2015 10:00,0.475213168
15/12/2015 11:00,0.420185585
15/12/2015 12:00,0.386562256
15/12/2015 13:00,0.341383512
15/12/2015 14:00,0.234219934
15/12/2015 15:00,0
15/12/2015 16:00,0
15/12/2015 17:00,0
15/12/2015 18:00,0
15/12/2015 19:00,0
15/12/2015 20:00,0
15/12/2015 21:00,0
15/12/2015 22:00,0
15/12/2015 23:00,0
16/12/2015 00:00,0
16/12/2015 01:00,0
16/12/2015 02:00,9.19372E-09
16/12/2015 03:00,3.94877E-05
16/12/2015 04:00,0.004892475
16/12/2015 05:00,0.089534757
16/12/2015 06:00,0.219857472
16/12/2015 07:00,0.344634139
16/12/2015 08:00,0.438171898
16/12/2015 09:00,0.495183151
16/12/2015 10:00,0.513309512
16/12/2015 11:00,0.461728955
16/12/2015 12:00,0.427116986
16/12/2015 13:00,0.383100236
16/12/2015 14:00,0.23714413
16/12/2015 15:00,0
16/12/2015 16:00,0
16/12/2015 17:00,0
16/12/2015 18:00,0
16/12/2015 19:00,0
16/12/2015 20:00,0
16/12/2015 21:00,0
16/12/2015 22:00,0
16/12/2015 23:00,0
17/12/2015 00:00,0
17/12/2015 01:00,0
17/12/2015 02:00,9.23435E-09
17/12/2015 03:00,3.96216E-05
17/12/2015 04:00,0.005231589
17/12/2015 05:00,0.093198646
17/12/2015 06:00,0.229212883
17/12/2015 07:00,0.364204457
17/12/2015 08:00,0.469873809
17/12/2015 09:00,0.536102926
17/12/2015 10:00,0.541398831
17/12/2015 11:00,0.485446739
17/12/2015 12:00,0.423276046
17/12/2015 13:00,0.382810208
17/12/2015 14:00,0.217615865
17/12/2015 15:00,0
17/12/2015 16:00,0
17/12/2015 17:00,0
17/12/2015 18:00,0
17/12/2015 19:00,0
17/12/2015 20:00,0
17/12/2015 21:00,0
17/12/2015 22:00,0
17/12/2015 23:00,0
18/12/2015 00:00,0
18/12/2015 01:00,0
18/12/2015 02:00,9.39824E-09
18/12/2015 03:00,3.94104E-05
18/12/2015 04:00,0.004941713
18/12/2015 05:00,0.096524536
18/12/2015 06:00,0.242434598
18/12/2015 07:00,0.379607587
18/12/2015 08:00,0.486482617
18/12/2015 09:00,0.537322642
18/12/2015 10:00,0.540830944
18/12/2015 11:00,0.502837452
18/12/2015 12:00,0.4468101
18/12/2015 13:00,0.40497843
18/12/2015 14:00,0.20590345
18/12/2015 15:00,0
18/12/2015 16:00,0
18/12/2015 17:00,0
18/12/2015 18:00,0
18/12/2015 19:00,0
18/12/2015 20:00,0
18/12/2015 21:00,0
18/12/2015 22:00,0
18/12/2015 23:00,0
19/12/2015 00:00,0
19/12/2015 01:00,0
19/12/2015 02:00,0
19/12/2015 03:00,3.96137E-05
19/12/2015 04:00,0.004125954
19/12/2015 05:00,0.088050361
19/12/2015 06:00,0.226673629
19/12/2015 07:00,0.357253802
19/12/2015 08:00,0.455603724
19/12/2015 09:00,0.524740675
19/12/2015 10:00,0.528666266
19/12/2015 11:00,0.492201042
19/12/2015 12:00,0.435768905
19/12/2015 13:00,0.404142995
19/12/2015 14:00,0.199394722
19/12/2015 15:00,0
19/12/2015 16:00,0
19/12/2015 17:00,0
19/12/2015 18:00,0
19/12/2015 19:00,0
19/12/2015 20:00,0
19/12/2015 21:00,0
19/12/2015 22:00,0
19/12/2015 23:00,0
20/12/2015 00:00,0
20/12/2015 01:00,0
20/12/2015 02:00,0
20/12/2015 03:00,3.96539E-05
20/12/2015 04:00,0.00381436
20/12/2015 05:00,0.087488263
20/12/2015 06:00,0.228557821
20/12/2015 07:00,0.35848056
20/12/2015 08:00,0.468254109
20/12/2015 09:00,0.525960623
20/12/2015 10:00,0.522896197
20/12/2015 11:00,0.489487572
20/12/2015 12:00,0.442272019
20/12/2015 13:00,0.403223679
20/12/2015 14:00,0.215288984
20/12/2015 15:00,0
20/12/2015 16:00,0
20/12/2015 17:00,0
20/12/2015 18:00,0
20/12/2015 19:00,0
20/12/2015 20:00,0
20/12/2015 21:00,0
20/12/2015 22:00,0
20/12/2015 23:00,0
21/12/2015 00:00,0
21/12/2015 01:00,0
21/12/2015 02:00,0
21/12/2015 03:00,3.72911E-05
21/12/2015 04:00,0.004217302
21/12/2015 05:00,0.092865786
21/12/2015 06:00,0.236836348
21/12/2015 07:00,0.370367739
21/12/2015 08:00,0.47448079
21/12/2015 09:00,0.530063975
21/12/2015 10:00,0.523408056
21/12/2015 11:00,0.483126161
21/12/2015 12:00,0.440287676
21/12/2015 13:00,0.399437351
21/12/2015 14:00,0.202534832
21/12/2015 15:00,0
21/12/2015 16:00,0
21/12/2015 17:00,0
21/12/2015 18:00,0
21/12/2015 19:00,0
21/12/2015 20:00,0
21/12/2015 21:00,0
21/12/2015 22:00,0
21/12/2015 23:00,0
22/12/2015 00:00,0
22/12/2015 01:00,0
22/12/2015 02:00,0
22/12/2015 03:00,3.69808E-05
22/12/2015 04:00,0.003232093
22/12/2015 05:00,0.085358183
22/12/2015 06:00,0.226745033
22/12/2015 07:00,0.353859742
22/12/2015 08:00,0.471600465
22/12/2015 09:00,0.537638074
22/12/2015 10:00,0.540470999
22/12/2015 11:00,0.505005298
22/12/2015 12:00,0.464800683
22/12/2015 13:00,0.421930694
22/12/2015 14:00,0.197008557
22/12/2015 15:00,0
22/12/2015 16:00,0
22/12/2015 17:00,0
22/12/2015 18:00,0
22/12/2015 19:00,0
22/12/2015 20:00,0
22/12/2015 21:00,0
22/12/2015 22:00,0
22/12/2015 23:00,0
23/12/2015 00:00,0
23/12/2015 01:00,0
23/12/2015 02:00,0
23/12/2015 03:00,3.72492E-05
23/12/2015 04:00,0.003505143
23/12/2015 05:00,0.086343146
23/12/2015 06:00,0.232774812
23/12/2015 07:00,0.372127244
23/12/2015 08:00,0.482507465
23/12/2015 09:00,0.543112091
23/12/2015 10:00,0.544537658
23/12/2015 11:00,0.50364008
23/12/2015 12:00,0.455587182
23/12/2015 13:00,0.407312693
23/12/2015 14:00,0.234208651
23/12/2015 15:00,0
23/12/2015 16:00,0
23/12/2015 17:00,0
23/12/2015 18:00,0
23/12/2015 19:00,0
23/12/2015 20:00,0
23/12/2015 21:00,0
23/12/2015 22:00,0
23/12/2015 23:00,0
24/12/2015 00:00,0
24/12/2015 01:00,0
24/12/2015 02:00,0
24/12/2015 03:00,3.09829E-05
24/12/2015 04:00,0.003413165
24/12/2015 05:00,0.08806086
24/12/2015 06:00,0.235617681
24/12/2015 07:00,0.377040465
24/12/2015 08:00,0.491775522
24/12/2015 09:00,0.552457254
24/12/2015 10:00,0.553237274
24/12/2015 11:00,0.505307312
24/12/2015 12:00,0.448287131
24/12/2015 13:00,0.409621426
24/12/2015 14:00,0.22450616
24/12/2015 15:00,0
24/12/2015 16:00,0
24/12/2015 17:00,0
24/12/2015 18:00,0
24/12/2015 19:00,0
24/12/2015 20:00,0
24/12/2015 21:00,0
24/12/2015 22:00,0
24/12/2015 23:00,0
25/12/2015 00:00,0
25/12/2015 01:00,0
25/12/2015 02:00,0
25/12/2015 03:00,3.0996E-05
25/12/2015 04:00,0.003341024
25/12/2015 05:00,0.087416157
25/12/2015 06:00,0.235405247
25/12/2015 07:00,0.37299403
25/12/2015 08:00,0.480249864
25/12/2015 09:00,0.538086314
25/12/2015 10:00,0.541442113
25/12/2015 11:00,0.502502864
25/12/2015 12:00,0.450805758
25/12/2015 13:00,0.408121651
25/12/2015 14:00,0.223405411
25/12/2015 15:00,0
25/12/2015 16:00,0
25/12/2015 17:00,0
25/12/2015 18:00,0
25/12/2015 19:00,0
25/12/2015 20:00,0
25/12/2015 21:00,0
25/12/2015 22:00,0
25/12/2015 23:00,0
26/12/2015 00:00,0
26/12/2015 01:00,0
26/12/2015 02:00,0
26/12/2015 03:00,3.10136E-05
26/12/2015 04:00,0.002434455
26/12/2015 05:00,0.074176875
26/12/2015 06:00,0.220163876
26/12/2015 07:00,0.358860911
26/12/2015 08:00,0.466588815
26/12/2015 09:00,0.5214511
26/12/2015 10:00,0.522205678
26/12/2015 11:00,0.477085344
26/12/2015 12:00,0.439578201
26/12/2015 13:00,0.396149523
26/12/2015 14:00,0.238766618
26/12/2015 15:00,0
26/12/2015 16:00,0
26/12/2015 17:00,0
26/12/2015 18:00,0
26/12/2015 19:00,0
26/12/2015 20:00,0
26/12/2015 21:00,0
26/12/2015 22:00,0
26/12/2015 23:00,0
27/12/2015 00:00,0
27/12/2015 01:00,0
27/12/2015 02:00,0
27/12/2015 03:00,3.08648E-05
27/12/2015 04:00,0.002585202
27/12/2015 05:00,0.079378285
27/12/2015 06:00,0.214201563
27/12/2015 07:00,0.347112784
27/12/2015 08:00,0.436854639
27/12/2015 09:00,0.49408754
27/12/2015 10:00,0.507968887
27/12/2015 11:00,0.472786703
27/12/2015 12:00,0.432204345
27/12/2015 13:00,0.389680754
27/12/2015 14:00,0.221882167
27/12/2015 15:00,0
27/12/2015 16:00,0
27/12/2015 17:00,0
27/12/2015 18:00,0
27/12/2015 19:00,0
27/12/2015 20:00,0
27/12/2015 21:00,0
27/12/2015 22:00,0
27/12/2015 23:00,0
28/12/2015 00:00,0
28/12/2015 01:00,0
28/12/2015 02:00,0
28/12/2015 03:00,3.06118E-05
28/12/2015 04:00,0.00280196
28/12/2015 05:00,0.078570174
28/12/2015 06:00,0.213579549
28/12/2015 07:00,0.346467774
28/12/2015 08:00,0.461842527
28/12/2015 09:00,0.533321692
28/12/2015 10:00,0.52950561
28/12/2015 11:00,0.489179616
28/12/2015 12:00,0.436267885
28/12/2015 13:00,0.401785221
28/12/2015 14:00,0.199514621
28/12/2015 15:00,0
28/12/2015 16:00,0
28/12/2015 17:00,0
28/12/2015 18:00,0
28/12/2015 19:00,0
28/12/2015 20:00,0
28/12/2015 21:00,0
28/12/2015 22:00,0
28/12/2015 23:00,0
29/12/2015 00:00,0
29/12/2015 01:00,0
29/12/2015 02:00,0
29/12/2015 03:00,3.07004E-05
29/12/2015 04:00,0.002211413
29/12/2015 05:00,0.078794358
29/12/2015 06:00,0.227642916
29/12/2015 07:00,0.366327043
29/12/2015 08:00,0.481114269
29/12/2015 09:00,0.541508447
29/12/2015 10:00,0.546878772
29/12/2015 11:00,0.513221392
29/12/2015 12:00,0.458514964
29/12/2015 13:00,0.415895859
29/12/2015 14:00,0.204795678
29/12/2015 15:00,0
29/12/2015 16:00,0
29/12/2015 17:00,0
29/12/2015 18:00,0
29/12/2015 19:00,0
29/12/2015 20:00,0
29/12/2015 21:00,0
29/12/2015 22:00,0
29/12/2015 23:00,0
30/12/2015 00:00,0
30/12/2015 01:00,0
30/12/2015 02:00,0
30/12/2015 03:00,3.01296E-05
30/12/2015 04:00,0.002197571
30/12/2015 05:00,0.076620552
30/12/2015 06:00,0.218816996
30/12/2015 07:00,0.348471166
30/12/2015 08:00,0.461177758
30/12/2015 09:00,0.530844012
30/12/2015 10:00,0.531240307
30/12/2015 11:00,0.494037599
30/12/2015 12:00,0.446764769
30/12/2015 13:00,0.39490319
30/12/2015 14:00,0.241645217
30/12/2015 15:00,0
30/12/2015 16:00,0
30/12/2015 17:00,0
30/12/2015 18:00,0
30/12/2015 19:00,0
30/12/2015 20:00,0
30/12/2015 21:00,0
30/12/2015 22:00,0
30/12/2015 23:00,0
31/12/2015 00:00,0
31/12/2015 01:00,0
31/12/2015 02:00,0
31/12/2015 03:00,3.00352E-05
31/12/2015 04:00,0.00200981
31/12/2015 05:00,0.080067649
31/12/2015 06:00,0.229098322
31/12/2015 07:00,0.368666989
31/12/2015 08:00,0.484907232
31/12/2015 09:00,0.55103729
31/12/2015 10:00,0.56067129
31/12/2015 11:00,0.523455482
31/12/2015 12:00,0.470130341
31/12/2015 13:00,0.423640135
31/12/2015 14:00,0.204490316
31/12/2015 15:00,0
31/12/2015 16:00,0
31/12/2015 17:00,0
31/12/2015 18:00,0
31/12/2015 19:00,0
31/12/2015 20:00,0
31/12/2015 21:00,0
31/12/2015 22:00,0
31/12/2015 23:00,0