Datetime,SAUXX,TURXX
01/01/2015 00:00,0.419002771,0.126264544
01/01/2015 01:00,0.408932162,0.135724185
01/01/2015 02:00,0.398940599,0.134486082
01/01/2015 03:00,0.390354309,0.139702834
01/01/2015 04:00,0.382510798,0.146865306
01/01/2015 05:00,0.372168662,0.145619129
01/01/2015 06:00,0.329008953,0.143214738
01/01/2015 07:00,0.274938126,0.135266332
01/01/2015 08:00,0.299950174,0.134045655
01/01/2015 09:00,0.333770301,0.145464619
01/01/2015 10:00,0.374076144,0.181122445
01/01/2015 11:00,0.397550169,0.205701816
01/01/2015 12:00,0.411736904,0.219611689
01/01/2015 13:00,0.422061678,0.221353902
01/01/2015 14:00,0.433560273,0.218460991
01/01/2015 15:00,0.44726747,0.223806243
01/01/2015 16:00,0.456675734,0.223703863
01/01/2015 17:00,0.458978372,0.218057098
01/01/2015 18:00,0.454713291,0.210008184
01/01/2015 19:00,0.456274052,0.203919402
01/01/2015 20:00,0.458455915,0.197408027
01/01/2015 21:00,0.463645551,0.190959114
01/01/2015 22:00,0.460437193,0.19365044
01/01/2015 23:00,0.461900008,0.192046448
02/01/2015 00:00,0.469520855,0.187271414
02/01/2015 01:00,0.47361166,0.18519264
02/01/2015 02:00,0.475394737,0.185632371
02/01/2015 03:00,0.473299978,0.191000025
02/01/2015 04:00,0.466242195,0.194457757
02/01/2015 05:00,0.448750912,0.198943325
02/01/2015 06:00,0.391630666,0.206770803
02/01/2015 07:00,0.390207007,0.210453488
02/01/2015 08:00,0.391498726,0.217153202
02/01/2015 09:00,0.360255012,0.212813204
02/01/2015 10:00,0.350967033,0.247601803
02/01/2015 11:00,0.329875721,0.260486574
02/01/2015 12:00,0.31502366,0.261344053
02/01/2015 13:00,0.308855717,0.246365671
02/01/2015 14:00,0.301954716,0.220362412
02/01/2015 15:00,0.326958343,0.18726422
02/01/2015 16:00,0.367657692,0.16271927
02/01/2015 17:00,0.403556846,0.1460952
02/01/2015 18:00,0.422736428,0.143847968
02/01/2015 19:00,0.433176343,0.147164256
02/01/2015 20:00,0.443182785,0.150045418
02/01/2015 21:00,0.453804514,0.155918828
02/01/2015 22:00,0.493000118,0.168743679
02/01/2015 23:00,0.489965365,0.174795089
03/01/2015 00:00,0.489754521,0.175523975
03/01/2015 01:00,0.488575578,0.176749271
03/01/2015 02:00,0.482014447,0.184069687
03/01/2015 03:00,0.471985175,0.191747453
03/01/2015 04:00,0.469056385,0.205795199
03/01/2015 05:00,0.448661576,0.227733222
03/01/2015 06:00,0.368987703,0.253556333
03/01/2015 07:00,0.363886144,0.278481957
03/01/2015 08:00,0.382265524,0.261431654
03/01/2015 09:00,0.361031378,0.28405587
03/01/2015 10:00,0.315859637,0.305799168
03/01/2015 11:00,0.292006496,0.333836244
03/01/2015 12:00,0.278271221,0.334440692
03/01/2015 13:00,0.275515892,0.313844478
03/01/2015 14:00,0.27894978,0.307156962
03/01/2015 15:00,0.30570715,0.299131713
03/01/2015 16:00,0.334225915,0.297915193
03/01/2015 17:00,0.361427265,0.300377562
03/01/2015 18:00,0.377963567,0.292961279
03/01/2015 19:00,0.390657259,0.283544058
03/01/2015 20:00,0.399335326,0.277926649
03/01/2015 21:00,0.398747565,0.271280175
03/01/2015 22:00,0.400552519,0.274392277
03/01/2015 23:00,0.395554578,0.27510739
04/01/2015 00:00,0.391672991,0.27172041
04/01/2015 01:00,0.386189737,0.264371108
04/01/2015 02:00,0.384815615,0.261040268
04/01/2015 03:00,0.386970551,0.260349087
04/01/2015 04:00,0.390439099,0.263724928
04/01/2015 05:00,0.39121453,0.266793603
04/01/2015 06:00,0.352232505,0.264096422
04/01/2015 07:00,0.343704505,0.26009376
04/01/2015 08:00,0.382165788,0.255038774
04/01/2015 09:00,0.417430725,0.269538281
04/01/2015 10:00,0.453877071,0.311680394
04/01/2015 11:00,0.472737628,0.316352787
04/01/2015 12:00,0.482415659,0.314677215
04/01/2015 13:00,0.486159517,0.311355171
04/01/2015 14:00,0.474326588,0.315659956
04/01/2015 15:00,0.473630904,0.327664295
04/01/2015 16:00,0.497450552,0.345250397
04/01/2015 17:00,0.530605118,0.353297879
04/01/2015 18:00,0.555131458,0.358738808
04/01/2015 19:00,0.563370406,0.356556134
04/01/2015 20:00,0.557772542,0.352160408
04/01/2015 21:00,0.549503752,0.34122297
04/01/2015 22:00,0.540044286,0.340287379
04/01/2015 23:00,0.531069091,0.326314829
05/01/2015 00:00,0.510628781,0.315022352
05/01/2015 01:00,0.50081766,0.296898702
05/01/2015 02:00,0.485134399,0.285187836
05/01/2015 03:00,0.46651286,0.279554699
05/01/2015 04:00,0.449187174,0.292050664
05/01/2015 05:00,0.423530521,0.294189654
05/01/2015 06:00,0.355415463,0.290962821
05/01/2015 07:00,0.310350217,0.276411403
05/01/2015 08:00,0.330891187,0.263365667
05/01/2015 09:00,0.34711572,0.2792886
05/01/2015 10:00,0.370154551,0.264838671
05/01/2015 11:00,0.391183954,0.264208188
05/01/2015 12:00,0.402629275,0.249221907
05/01/2015 13:00,0.398090393,0.229701971
05/01/2015 14:00,0.37849121,0.217200148
05/01/2015 15:00,0.359696067,0.212599413
05/01/2015 16:00,0.363185261,0.197363022
05/01/2015 17:00,0.371837009,0.177827547
05/01/2015 18:00,0.388449428,0.157975522
05/01/2015 19:00,0.40081951,0.13956226
05/01/2015 20:00,0.416788788,0.13158321
05/01/2015 21:00,0.426019659,0.128142982
05/01/2015 22:00,0.426227576,0.124524904
05/01/2015 23:00,0.432486944,0.11709834
06/01/2015 00:00,0.430665824,0.106385961
06/01/2015 01:00,0.432674619,0.097252991
06/01/2015 02:00,0.423713959,0.087261522
06/01/2015 03:00,0.412820536,0.083524278
06/01/2015 04:00,0.397961566,0.081394004
06/01/2015 05:00,0.372609898,0.084236099
06/01/2015 06:00,0.295249073,0.089636546
06/01/2015 07:00,0.232160474,0.089468423
06/01/2015 08:00,0.23818119,0.075409246
06/01/2015 09:00,0.232014811,0.070427263
06/01/2015 10:00,0.205476888,0.081216797
06/01/2015 11:00,0.210941373,0.088373286
06/01/2015 12:00,0.218836848,0.08674078
06/01/2015 13:00,0.225353238,0.086498588
06/01/2015 14:00,0.230647812,0.090883435
06/01/2015 15:00,0.244276535,0.094038855
06/01/2015 16:00,0.268238638,0.087664853
06/01/2015 17:00,0.292228503,0.083943749
06/01/2015 18:00,0.303618378,0.084183112
06/01/2015 19:00,0.303602728,0.088139983
06/01/2015 20:00,0.30789898,0.092954809
06/01/2015 21:00,0.314822832,0.098789912
06/01/2015 22:00,0.337496168,0.109415232
06/01/2015 23:00,0.352532491,0.109430435
07/01/2015 00:00,0.362018417,0.110466089
07/01/2015 01:00,0.375674683,0.113614828
07/01/2015 02:00,0.385279043,0.12040693
07/01/2015 03:00,0.385866852,0.127475916
07/01/2015 04:00,0.389464667,0.134468397
07/01/2015 05:00,0.389422584,0.142231346
07/01/2015 06:00,0.32159965,0.149916359
07/01/2015 07:00,0.287120493,0.147480955
07/01/2015 08:00,0.310207627,0.123506841
07/01/2015 09:00,0.319916606,0.103600093
07/01/2015 10:00,0.334196424,0.109566414
07/01/2015 11:00,0.347538286,0.110574422
07/01/2015 12:00,0.368846538,0.11002696
07/01/2015 13:00,0.398273415,0.10656744
07/01/2015 14:00,0.436546657,0.108621822
07/01/2015 15:00,0.503612113,0.099396506
07/01/2015 16:00,0.584578478,0.085579021
07/01/2015 17:00,0.642554418,0.078687222
07/01/2015 18:00,0.676723995,0.073123026
07/01/2015 19:00,0.69379524,0.073494744
07/01/2015 20:00,0.704779089,0.074069024
07/01/2015 21:00,0.711519455,0.073155913
07/01/2015 22:00,0.728905178,0.077130551
07/01/2015 23:00,0.722786786,0.072411441
08/01/2015 00:00,0.722293686,0.071574978
08/01/2015 01:00,0.718141259,0.07217535
08/01/2015 02:00,0.710545512,0.071922052
08/01/2015 03:00,0.697654938,0.071742183
08/01/2015 04:00,0.678011703,0.072075546
08/01/2015 05:00,0.639430987,0.074795983
08/01/2015 06:00,0.556166559,0.083436839
08/01/2015 07:00,0.586400616,0.092926341
08/01/2015 08:00,0.590097204,0.079083161
08/01/2015 09:00,0.561077692,0.064971931
08/01/2015 10:00,0.528113946,0.081014432
08/01/2015 11:00,0.510823189,0.087869006
08/01/2015 12:00,0.508124671,0.085831841
08/01/2015 13:00,0.50962465,0.080858249
08/01/2015 14:00,0.498638128,0.090097541
08/01/2015 15:00,0.508017748,0.084964428
08/01/2015 16:00,0.533770741,0.086416898
08/01/2015 17:00,0.55689812,0.086767868
08/01/2015 18:00,0.57156489,0.085379296
08/01/2015 19:00,0.568923152,0.084327315
08/01/2015 20:00,0.575919676,0.083563048
08/01/2015 21:00,0.580732973,0.083034258
08/01/2015 22:00,0.617329678,0.091440288
08/01/2015 23:00,0.613443042,0.093085784
09/01/2015 00:00,0.611669621,0.094165273
09/01/2015 01:00,0.601748828,0.092588894
09/01/2015 02:00,0.59476166,0.086685534
09/01/2015 03:00,0.579092005,0.078284817
09/01/2015 04:00,0.557954252,0.072775906
09/01/2015 05:00,0.520844489,0.069520122
09/01/2015 06:00,0.399167607,0.071676935
09/01/2015 07:00,0.362023421,0.081416275
09/01/2015 08:00,0.348294141,0.076629416
09/01/2015 09:00,0.314460478,0.083849704
09/01/2015 10:00,0.283645748,0.109107904
09/01/2015 11:00,0.26493479,0.133714627
09/01/2015 12:00,0.265439562,0.157119084
09/01/2015 13:00,0.274172379,0.170026952
09/01/2015 14:00,0.283222246,0.190273529
09/01/2015 15:00,0.313413723,0.205236532
09/01/2015 16:00,0.333947141,0.208029371
09/01/2015 17:00,0.351252153,0.205145984
09/01/2015 18:00,0.352141309,0.200978595
09/01/2015 19:00,0.345499508,0.198770503
09/01/2015 20:00,0.336888669,0.205846703
09/01/2015 21:00,0.327200674,0.206941854
09/01/2015 22:00,0.305530688,0.218763646
09/01/2015 23:00,0.304567081,0.223345847
10/01/2015 00:00,0.301877765,0.226140945
10/01/2015 01:00,0.303887298,0.229574155
10/01/2015 02:00,0.298181277,0.220881682
10/01/2015 03:00,0.292973873,0.20782831
10/01/2015 04:00,0.289899084,0.195148283
10/01/2015 05:00,0.282036363,0.18131681
10/01/2015 06:00,0.237931907,0.177472661
10/01/2015 07:00,0.200279434,0.163887886
10/01/2015 08:00,0.206977617,0.127050855
10/01/2015 09:00,0.201952925,0.103328661
10/01/2015 10:00,0.176693096,0.094422031
10/01/2015 11:00,0.163752683,0.086835512
10/01/2015 12:00,0.159504501,0.078802832
10/01/2015 13:00,0.159736667,0.076606079
10/01/2015 14:00,0.162666499,0.085616296
10/01/2015 15:00,0.183666582,0.090258638
10/01/2015 16:00,0.211341508,0.09518922
10/01/2015 17:00,0.238101994,0.095059397
10/01/2015 18:00,0.260420204,0.096571347
10/01/2015 19:00,0.283052078,0.107596914
10/01/2015 20:00,0.303572239,0.11957398
10/01/2015 21:00,0.317139297,0.130590917
10/01/2015 22:00,0.314413501,0.144396508
10/01/2015 23:00,0.32472536,0.15126473
11/01/2015 00:00,0.335630163,0.16291806
11/01/2015 01:00,0.337364,0.176153391
11/01/2015 02:00,0.339243103,0.189157537
11/01/2015 03:00,0.339428671,0.197852295
11/01/2015 04:00,0.343180307,0.211108345
11/01/2015 05:00,0.337833981,0.227024317
11/01/2015 06:00,0.307257136,0.245295272
11/01/2015 07:00,0.277327,0.264624315
11/01/2015 08:00,0.286038934,0.259300369
11/01/2015 09:00,0.277938778,0.259967089
11/01/2015 10:00,0.259020505,0.301749179
11/01/2015 11:00,0.251138859,0.327632944
11/01/2015 12:00,0.246574545,0.331744904
11/01/2015 13:00,0.24923127,0.323116482
11/01/2015 14:00,0.263280982,0.31461637
11/01/2015 15:00,0.31117965,0.305703931
11/01/2015 16:00,0.370048829,0.296347929
11/01/2015 17:00,0.418447127,0.294216389
11/01/2015 18:00,0.458687941,0.292736783
11/01/2015 19:00,0.488821144,0.290622065
11/01/2015 20:00,0.508881455,0.287229027
11/01/2015 21:00,0.514443187,0.282380972
11/01/2015 22:00,0.512911673,0.27147911
11/01/2015 23:00,0.506660932,0.254921555
12/01/2015 00:00,0.492833622,0.245995742
12/01/2015 01:00,0.471308841,0.236007967
12/01/2015 02:00,0.452704591,0.220907244
12/01/2015 03:00,0.437322313,0.209940712
12/01/2015 04:00,0.429137379,0.20625814
12/01/2015 05:00,0.418682473,0.205362673
12/01/2015 06:00,0.369615343,0.208564858
12/01/2015 07:00,0.299994201,0.196358477
12/01/2015 08:00,0.271986683,0.184321847
12/01/2015 09:00,0.247102271,0.20530563
12/01/2015 10:00,0.228956741,0.225060277
12/01/2015 11:00,0.20402617,0.250139707
12/01/2015 12:00,0.18170203,0.248578133
12/01/2015 13:00,0.167054287,0.227915148
12/01/2015 14:00,0.16626858,0.1931192
12/01/2015 15:00,0.201704061,0.165175956
12/01/2015 16:00,0.237532756,0.145150524
12/01/2015 17:00,0.269026292,0.139901455
12/01/2015 18:00,0.296549127,0.142490158
12/01/2015 19:00,0.317968513,0.147120082
12/01/2015 20:00,0.333637296,0.148532901
12/01/2015 21:00,0.338143504,0.15267778
12/01/2015 22:00,0.353682903,0.179767793
12/01/2015 23:00,0.358126018,0.183987773
13/01/2015 00:00,0.350028893,0.179080617
13/01/2015 01:00,0.347805132,0.173876628
13/01/2015 02:00,0.338531391,0.171094299
13/01/2015 03:00,0.336538346,0.173675462
13/01/2015 04:00,0.326956036,0.178348311
13/01/2015 05:00,0.315361514,0.183625411
13/01/2015 06:00,0.273771159,0.195098668
13/01/2015 07:00,0.190521685,0.204230187
13/01/2015 08:00,0.163038404,0.211404187
13/01/2015 09:00,0.155437973,0.244692536
13/01/2015 10:00,0.152770025,0.303795503
13/01/2015 11:00,0.147925087,0.313006283
13/01/2015 12:00,0.153163852,0.308571348
13/01/2015 13:00,0.162322851,0.302339898
13/01/2015 14:00,0.18109865,0.305433016
13/01/2015 15:00,0.227306172,0.313579942
13/01/2015 16:00,0.264018793,0.308659307
13/01/2015 17:00,0.298416612,0.303510347
13/01/2015 18:00,0.32900639,0.303915445
13/01/2015 19:00,0.356676279,0.302635098
13/01/2015 20:00,0.376886757,0.303100872
13/01/2015 21:00,0.384414503,0.297500486
13/01/2015 22:00,0.404710157,0.330816115
13/01/2015 23:00,0.40879237,0.319428622
14/01/2015 00:00,0.40028758,0.308318541
14/01/2015 01:00,0.397833175,0.303227583
14/01/2015 02:00,0.398685303,0.307259213
14/01/2015 03:00,0.401971069,0.318050219
14/01/2015 04:00,0.402293974,0.326939502
14/01/2015 05:00,0.403200174,0.330825371
14/01/2015 06:00,0.385096804,0.335330524
14/01/2015 07:00,0.303093122,0.317498248
14/01/2015 08:00,0.29266316,0.316637496
14/01/2015 09:00,0.317363215,0.328312089
14/01/2015 10:00,0.336442784,0.348795324
14/01/2015 11:00,0.344703715,0.357355805
14/01/2015 12:00,0.345644484,0.362293095
14/01/2015 13:00,0.330673989,0.358253451
14/01/2015 14:00,0.321808333,0.351289041
14/01/2015 15:00,0.321344334,0.34762238
14/01/2015 16:00,0.330204066,0.349180487
14/01/2015 17:00,0.33535063,0.341047222
14/01/2015 18:00,0.335594037,0.330798306
14/01/2015 19:00,0.333249799,0.310631167
14/01/2015 20:00,0.326669565,0.291429129
14/01/2015 21:00,0.324313804,0.274428075
14/01/2015 22:00,0.309209151,0.243941671
14/01/2015 23:00,0.306215942,0.227086041
15/01/2015 00:00,0.306871506,0.216851288
15/01/2015 01:00,0.306242687,0.207046062
15/01/2015 02:00,0.30788843,0.19061099
15/01/2015 03:00,0.301908533,0.178819995
15/01/2015 04:00,0.29296512,0.166729425
15/01/2015 05:00,0.284814462,0.150228391
15/01/2015 06:00,0.248042539,0.136284021
15/01/2015 07:00,0.193360104,0.11608106
15/01/2015 08:00,0.196411312,0.097242136
15/01/2015 09:00,0.194686273,0.089545739
15/01/2015 10:00,0.195517952,0.094791152
15/01/2015 11:00,0.187748759,0.093539922
15/01/2015 12:00,0.186704509,0.096251585
15/01/2015 13:00,0.197749199,0.092336956
15/01/2015 14:00,0.220156735,0.082959775
15/01/2015 15:00,0.273207113,0.076159583
15/01/2015 16:00,0.326422338,0.068061968
15/01/2015 17:00,0.368240777,0.060275432
15/01/2015 18:00,0.388148927,0.05812632
15/01/2015 19:00,0.397868814,0.056095372
15/01/2015 20:00,0.410184255,0.057618272
15/01/2015 21:00,0.423433244,0.06485078
15/01/2015 22:00,0.441851287,0.074409816
15/01/2015 23:00,0.457809772,0.08045086
16/01/2015 00:00,0.469283467,0.090433505
16/01/2015 01:00,0.481443026,0.10419311
16/01/2015 02:00,0.494686112,0.11678377
16/01/2015 03:00,0.500923554,0.125304514
16/01/2015 04:00,0.499005202,0.130610893
16/01/2015 05:00,0.481244714,0.139347189
16/01/2015 06:00,0.401495584,0.152718804
16/01/2015 07:00,0.368841801,0.156671154
16/01/2015 08:00,0.39780577,0.142385892
16/01/2015 09:00,0.401539155,0.170207851
16/01/2015 10:00,0.351998318,0.21775681
16/01/2015 11:00,0.322378446,0.260945558
16/01/2015 12:00,0.301091524,0.274350015
16/01/2015 13:00,0.289403106,0.252868765
16/01/2015 14:00,0.281806644,0.233627338
16/01/2015 15:00,0.313945223,0.220504114
16/01/2015 16:00,0.354487146,0.217252821
16/01/2015 17:00,0.382556029,0.21861776
16/01/2015 18:00,0.395838626,0.223219947
16/01/2015 19:00,0.399443698,0.229780387
16/01/2015 20:00,0.399806494,0.229391985
16/01/2015 21:00,0.390262716,0.230685603
16/01/2015 22:00,0.38903671,0.235651911
16/01/2015 23:00,0.381555728,0.215097033
17/01/2015 00:00,0.37275817,0.192654867
17/01/2015 01:00,0.364929253,0.185119674
17/01/2015 02:00,0.359662025,0.17749955
17/01/2015 03:00,0.352987705,0.168090048
17/01/2015 04:00,0.344501481,0.173431501
17/01/2015 05:00,0.327305661,0.186376705
17/01/2015 06:00,0.280144141,0.204534357
17/01/2015 07:00,0.25751565,0.205896384
17/01/2015 08:00,0.281656518,0.20864478
17/01/2015 09:00,0.299464896,0.279656595
17/01/2015 10:00,0.306025293,0.364751486
17/01/2015 11:00,0.313062478,0.421758597
17/01/2015 12:00,0.321158569,0.424572129
17/01/2015 13:00,0.332773868,0.408396897
17/01/2015 14:00,0.342053448,0.380270619
17/01/2015 15:00,0.366886883,0.382870495
17/01/2015 16:00,0.413778222,0.38440504
17/01/2015 17:00,0.456137798,0.412760527
17/01/2015 18:00,0.475171729,0.44435794
17/01/2015 19:00,0.478785806,0.470489961
17/01/2015 20:00,0.468314323,0.486351251
17/01/2015 21:00,0.44506468,0.50663813
17/01/2015 22:00,0.41014889,0.535049182
17/01/2015 23:00,0.383890652,0.565906078
18/01/2015 00:00,0.355614254,0.586434188
18/01/2015 01:00,0.332156069,0.604182216
18/01/2015 02:00,0.310897355,0.629028184
18/01/2015 03:00,0.291726301,0.648403781
18/01/2015 04:00,0.272260687,0.671271639
18/01/2015 05:00,0.251303636,0.693046216
18/01/2015 06:00,0.201871505,0.710833234
18/01/2015 07:00,0.155976334,0.720747979
18/01/2015 08:00,0.160476974,0.733970685
18/01/2015 09:00,0.163658546,0.750463865
18/01/2015 10:00,0.161000107,0.724892226
18/01/2015 11:00,0.169278307,0.74711209
18/01/2015 12:00,0.18830907,0.76525102
18/01/2015 13:00,0.213409031,0.779467093
18/01/2015 14:00,0.247203839,0.779603955
18/01/2015 15:00,0.307325789,0.769348948
18/01/2015 16:00,0.371810113,0.760375797
18/01/2015 17:00,0.43020858,0.76708347
18/01/2015 18:00,0.477017082,0.764840058
18/01/2015 19:00,0.52765272,0.762536645
18/01/2015 20:00,0.575730529,0.745400257
18/01/2015 21:00,0.615957881,0.711504502
18/01/2015 22:00,0.633577739,0.650448802
18/01/2015 23:00,0.652599545,0.61279336
19/01/2015 00:00,0.657416166,0.590063964
19/01/2015 01:00,0.662882733,0.583030939
19/01/2015 02:00,0.662919505,0.576119859
19/01/2015 03:00,0.661741865,0.564736728
19/01/2015 04:00,0.65930244,0.546920996
19/01/2015 05:00,0.647154733,0.519549955
19/01/2015 06:00,0.582868474,0.473941265
19/01/2015 07:00,0.57513188,0.454817108
19/01/2015 08:00,0.619410341,0.429879223
19/01/2015 09:00,0.648542956,0.41557673
19/01/2015 10:00,0.654649504,0.386805381
19/01/2015 11:00,0.66333047,0.393691211
19/01/2015 12:00,0.668143842,0.386257134
19/01/2015 13:00,0.662197399,0.363736712
19/01/2015 14:00,0.648486453,0.33285562
19/01/2015 15:00,0.636393208,0.314426621
19/01/2015 16:00,0.647802866,0.301330733
19/01/2015 17:00,0.656347497,0.285756741
19/01/2015 18:00,0.657468646,0.273166756
19/01/2015 19:00,0.652913981,0.260856319
19/01/2015 20:00,0.637235648,0.255850898
19/01/2015 21:00,0.614280814,0.251273889
19/01/2015 22:00,0.545635024,0.265904761
19/01/2015 23:00,0.517731157,0.261381259
20/01/2015 00:00,0.493118358,0.256650446
20/01/2015 01:00,0.469895987,0.249084733
20/01/2015 02:00,0.454608749,0.239403551
20/01/2015 03:00,0.437854142,0.222580768
20/01/2015 04:00,0.426733271,0.220378262
20/01/2015 05:00,0.408318732,0.225659171
20/01/2015 06:00,0.3306425,0.230649801
20/01/2015 07:00,0.321559673,0.229038632
20/01/2015 08:00,0.325838282,0.211370572
20/01/2015 09:00,0.297694443,0.205164386
20/01/2015 10:00,0.269714764,0.207920336
20/01/2015 11:00,0.266700867,0.235336679
20/01/2015 12:00,0.273871447,0.255612371
20/01/2015 13:00,0.292328602,0.270620823
20/01/2015 14:00,0.31543979,0.293286257
20/01/2015 15:00,0.369098998,0.303052924
20/01/2015 16:00,0.430244119,0.305838835
20/01/2015 17:00,0.476427503,0.321897362
20/01/2015 18:00,0.504719782,0.338967693
20/01/2015 19:00,0.518725421,0.359941374
20/01/2015 20:00,0.526462819,0.377938448
20/01/2015 21:00,0.529778882,0.396800225
20/01/2015 22:00,0.547260614,0.406001921
20/01/2015 23:00,0.56016372,0.413410585
21/01/2015 00:00,0.566899965,0.402975896
21/01/2015 01:00,0.575685035,0.390859441
21/01/2015 02:00,0.584551764,0.379513815
21/01/2015 03:00,0.589509921,0.363335073
21/01/2015 04:00,0.587218013,0.338630446
21/01/2015 05:00,0.558434127,0.325879915
21/01/2015 06:00,0.478037177,0.319498291
21/01/2015 07:00,0.4779066,0.301772754
21/01/2015 08:00,0.486385226,0.275755436
21/01/2015 09:00,0.46165376,0.302057824
21/01/2015 10:00,0.415636457,0.317579748
21/01/2015 11:00,0.391947559,0.357023358
21/01/2015 12:00,0.380741254,0.379448084
21/01/2015 13:00,0.382106488,0.389919448
21/01/2015 14:00,0.388781706,0.394147857
21/01/2015 15:00,0.425143563,0.419100594
21/01/2015 16:00,0.475963148,0.44202389
21/01/2015 17:00,0.520737446,0.461587895
21/01/2015 18:00,0.542719259,0.479249634
21/01/2015 19:00,0.547841327,0.487537637
21/01/2015 20:00,0.541724909,0.492318882
21/01/2015 21:00,0.52676514,0.495194296
21/01/2015 22:00,0.517909865,0.474446072
21/01/2015 23:00,0.509181429,0.475902221
22/01/2015 00:00,0.501669791,0.482912812
22/01/2015 01:00,0.490721932,0.488866507
22/01/2015 02:00,0.479760399,0.489062606
22/01/2015 03:00,0.472785868,0.491845014
22/01/2015 04:00,0.468453878,0.499068243
22/01/2015 05:00,0.457459433,0.510034006
22/01/2015 06:00,0.411290377,0.524710892
22/01/2015 07:00,0.372985802,0.529180151
22/01/2015 08:00,0.386088469,0.534187547
22/01/2015 09:00,0.394005038,0.565432936
22/01/2015 10:00,0.392197789,0.574560281
22/01/2015 11:00,0.404135656,0.59346335
22/01/2015 12:00,0.403990422,0.589505698
22/01/2015 13:00,0.411986043,0.560924729
22/01/2015 14:00,0.413856035,0.533420233
22/01/2015 15:00,0.436839482,0.51954925
22/01/2015 16:00,0.473272663,0.510585593
22/01/2015 17:00,0.502290225,0.508850956
22/01/2015 18:00,0.514314475,0.510899742
22/01/2015 19:00,0.517413213,0.508498231
22/01/2015 20:00,0.516954391,0.49873689
22/01/2015 21:00,0.507039026,0.487904673
22/01/2015 22:00,0.505955841,0.479072723
22/01/2015 23:00,0.499296682,0.483983831
23/01/2015 00:00,0.484241148,0.476212385
23/01/2015 01:00,0.469310409,0.477476031
23/01/2015 02:00,0.452216987,0.485586092
23/01/2015 03:00,0.436051365,0.489638844
23/01/2015 04:00,0.422678005,0.490723645
23/01/2015 05:00,0.404635656,0.491209161
23/01/2015 06:00,0.342533133,0.490633745
23/01/2015 07:00,0.28854033,0.487803031
23/01/2015 08:00,0.310836711,0.498917953
23/01/2015 09:00,0.334445413,0.502314226
23/01/2015 10:00,0.327647503,0.494025193
23/01/2015 11:00,0.343481827,0.50257721
23/01/2015 12:00,0.355624258,0.481956121
23/01/2015 13:00,0.36081235,0.45282
23/01/2015 14:00,0.361049192,0.415892067
23/01/2015 15:00,0.373494841,0.386735829
23/01/2015 16:00,0.385596672,0.373347203
23/01/2015 17:00,0.387424838,0.3640955
23/01/2015 18:00,0.379757202,0.351382946
23/01/2015 19:00,0.366555068,0.338154032
23/01/2015 20:00,0.34751737,0.334360296
23/01/2015 21:00,0.331091069,0.331925648
23/01/2015 22:00,0.308093934,0.339282831
23/01/2015 23:00,0.289472854,0.336875563
24/01/2015 00:00,0.272311225,0.331701812
24/01/2015 01:00,0.249825099,0.334087442
24/01/2015 02:00,0.233153072,0.336438543
24/01/2015 03:00,0.210416646,0.343238401
24/01/2015 04:00,0.193283449,0.354618529
24/01/2015 05:00,0.183656287,0.360626632
24/01/2015 06:00,0.150516007,0.372456593
24/01/2015 07:00,0.103422262,0.393911769
24/01/2015 08:00,0.108447979,0.42168331
24/01/2015 09:00,0.114133816,0.439926305
24/01/2015 10:00,0.121341284,0.4312469
24/01/2015 11:00,0.132451555,0.458739196
24/01/2015 12:00,0.157274954,0.492021021
24/01/2015 13:00,0.183940201,0.511124167
24/01/2015 14:00,0.22330208,0.522013677
24/01/2015 15:00,0.27644489,0.514220519
24/01/2015 16:00,0.328285981,0.518305722
24/01/2015 17:00,0.364754952,0.523351994
24/01/2015 18:00,0.392406846,0.522758144
24/01/2015 19:00,0.40711645,0.530564872
24/01/2015 20:00,0.419529694,0.536442035
24/01/2015 21:00,0.420552762,0.547485708
24/01/2015 22:00,0.431906425,0.537331133
24/01/2015 23:00,0.427719375,0.557972832
25/01/2015 00:00,0.416800907,0.569325401
25/01/2015 01:00,0.404187211,0.587759752
25/01/2015 02:00,0.399289872,0.596869091
25/01/2015 03:00,0.395005907,0.612175958
25/01/2015 04:00,0.389989271,0.626152124
25/01/2015 05:00,0.380169206,0.625491237
25/01/2015 06:00,0.328034829,0.640360043
25/01/2015 07:00,0.28671934,0.658686696
25/01/2015 08:00,0.343548918,0.678072711
25/01/2015 09:00,0.411454647,0.685776384
25/01/2015 10:00,0.464474491,0.677004387
25/01/2015 11:00,0.501661527,0.675964647
25/01/2015 12:00,0.531005082,0.675057738
25/01/2015 13:00,0.55168169,0.669153361
25/01/2015 14:00,0.561574535,0.664298332
25/01/2015 15:00,0.572235834,0.642998753
25/01/2015 16:00,0.586306227,0.630165612
25/01/2015 17:00,0.594888722,0.614087096
25/01/2015 18:00,0.598091926,0.597683699
25/01/2015 19:00,0.591326227,0.582087406
25/01/2015 20:00,0.577910109,0.570869981
25/01/2015 21:00,0.558416224,0.554631243
25/01/2015 22:00,0.520179871,0.544778928
25/01/2015 23:00,0.497985392,0.530205005
26/01/2015 00:00,0.472719097,0.516219147
26/01/2015 01:00,0.444906944,0.508070479
26/01/2015 02:00,0.421863905,0.488915306
26/01/2015 03:00,0.389342521,0.467717947
26/01/2015 04:00,0.362353073,0.450447834
26/01/2015 05:00,0.340155067,0.429794882
26/01/2015 06:00,0.268384271,0.406323282
26/01/2015 07:00,0.22503002,0.382861743
26/01/2015 08:00,0.231675952,0.376318655
26/01/2015 09:00,0.239560546,0.367428611
26/01/2015 10:00,0.229441119,0.329504227
26/01/2015 11:00,0.251128146,0.326483266
26/01/2015 12:00,0.268639756,0.324824472
26/01/2015 13:00,0.275328531,0.328911441
26/01/2015 14:00,0.282444016,0.338544972
26/01/2015 15:00,0.281128033,0.346878937
26/01/2015 16:00,0.283264944,0.347232403
26/01/2015 17:00,0.293720819,0.335093525
26/01/2015 18:00,0.303516374,0.317486316
26/01/2015 19:00,0.310006994,0.298050439
26/01/2015 20:00,0.318711677,0.283837126
26/01/2015 21:00,0.328082589,0.272435801
26/01/2015 22:00,0.338359792,0.276076308
26/01/2015 23:00,0.346620564,0.28535074
27/01/2015 00:00,0.348324018,0.289633449
27/01/2015 01:00,0.353435068,0.301927459
27/01/2015 02:00,0.365385885,0.294707268
27/01/2015 03:00,0.370189888,0.29141281
27/01/2015 04:00,0.367337832,0.281970776
27/01/2015 05:00,0.362505648,0.267370246
27/01/2015 06:00,0.300500314,0.256381205
27/01/2015 07:00,0.294188575,0.231702491
27/01/2015 08:00,0.301667601,0.227943332
27/01/2015 09:00,0.291375953,0.232786608
27/01/2015 10:00,0.284837552,0.229311923
27/01/2015 11:00,0.301185468,0.235125448
27/01/2015 12:00,0.313127294,0.249736901
27/01/2015 13:00,0.32351888,0.276062679
27/01/2015 14:00,0.340978303,0.286215848
27/01/2015 15:00,0.352438952,0.299011857
27/01/2015 16:00,0.38177792,0.293591033
27/01/2015 17:00,0.404626049,0.288659159
27/01/2015 18:00,0.423733546,0.27747146
27/01/2015 19:00,0.440071842,0.271227116
27/01/2015 20:00,0.459987334,0.263993598
27/01/2015 21:00,0.479225671,0.258236575
27/01/2015 22:00,0.495453484,0.278657942
27/01/2015 23:00,0.496181027,0.269928291
28/01/2015 00:00,0.504664676,0.261575682
28/01/2015 01:00,0.51320837,0.25149475
28/01/2015 02:00,0.523665649,0.243518654
28/01/2015 03:00,0.530573748,0.237287416
28/01/2015 04:00,0.537313834,0.237813454
28/01/2015 05:00,0.530857744,0.235834573
28/01/2015 06:00,0.462236045,0.235754661
28/01/2015 07:00,0.461714834,0.205694019
28/01/2015 08:00,0.483295266,0.190977184
28/01/2015 09:00,0.483634243,0.186283423
28/01/2015 10:00,0.494361519,0.176029872
28/01/2015 11:00,0.481171804,0.163621169
28/01/2015 12:00,0.471962233,0.172080345
28/01/2015 13:00,0.475794115,0.181057634
28/01/2015 14:00,0.47793198,0.189557185
28/01/2015 15:00,0.493974212,0.206387157
28/01/2015 16:00,0.531618792,0.192370465
28/01/2015 17:00,0.565534364,0.176875956
28/01/2015 18:00,0.580689288,0.160538722
28/01/2015 19:00,0.58555344,0.147486277
28/01/2015 20:00,0.582225073,0.138652644
28/01/2015 21:00,0.570267353,0.134570815
28/01/2015 22:00,0.55762147,0.126444296
28/01/2015 23:00,0.544503503,0.122701195
29/01/2015 00:00,0.538745618,0.126085388
29/01/2015 01:00,0.529258533,0.124796998
29/01/2015 02:00,0.517373598,0.123676821
29/01/2015 03:00,0.509397093,0.125420188
29/01/2015 04:00,0.493674801,0.127005297
29/01/2015 05:00,0.454871567,0.12714277
29/01/2015 06:00,0.367097099,0.135188709
29/01/2015 07:00,0.397346558,0.127463846
29/01/2015 08:00,0.418530258,0.104308173
29/01/2015 09:00,0.386875286,0.096396978
29/01/2015 10:00,0.318628538,0.116572063
29/01/2015 11:00,0.286576509,0.139099522
29/01/2015 12:00,0.268256538,0.153673427
29/01/2015 13:00,0.260088479,0.158635342
29/01/2015 14:00,0.26580921,0.150984162
29/01/2015 15:00,0.296001101,0.157616282
29/01/2015 16:00,0.342719368,0.15343945
29/01/2015 17:00,0.388388708,0.147256633
29/01/2015 18:00,0.413975451,0.14411819
29/01/2015 19:00,0.423215377,0.144367876
29/01/2015 20:00,0.425965606,0.14118219
29/01/2015 21:00,0.426009651,0.135292223
29/01/2015 22:00,0.41666535,0.14741729
29/01/2015 23:00,0.399613731,0.14756712
30/01/2015 00:00,0.398074966,0.145273621
30/01/2015 01:00,0.391630257,0.141015657
30/01/2015 02:00,0.394335436,0.136624465
30/01/2015 03:00,0.403168818,0.132391187
30/01/2015 04:00,0.407718847,0.126164413
30/01/2015 05:00,0.390624586,0.122344538
30/01/2015 06:00,0.345030558,0.125645358
30/01/2015 07:00,0.35025268,0.122184674
30/01/2015 08:00,0.382894103,0.111340974
30/01/2015 09:00,0.396779309,0.107827491
30/01/2015 10:00,0.37759756,0.117526388
30/01/2015 11:00,0.37185443,0.13345094
30/01/2015 12:00,0.383168848,0.146296463
30/01/2015 13:00,0.404064564,0.143048235
30/01/2015 14:00,0.427926015,0.131925266
30/01/2015 15:00,0.446555832,0.124941757
30/01/2015 16:00,0.479829043,0.116353206
30/01/2015 17:00,0.505997853,0.108540494
30/01/2015 18:00,0.507574008,0.100327187
30/01/2015 19:00,0.498178587,0.095247955
30/01/2015 20:00,0.479876702,0.092682704
30/01/2015 21:00,0.458396587,0.089618668
30/01/2015 22:00,0.443387402,0.098347967
30/01/2015 23:00,0.427051887,0.091362316
31/01/2015 00:00,0.418668464,0.090131375
31/01/2015 01:00,0.409721605,0.086030554
31/01/2015 02:00,0.402323418,0.081690141
31/01/2015 03:00,0.39864261,0.078224498
31/01/2015 04:00,0.395225447,0.07593774
31/01/2015 05:00,0.376162095,0.075913061
31/01/2015 06:00,0.354013444,0.07622566
31/01/2015 07:00,0.368785245,0.079658041
31/01/2015 08:00,0.389802882,0.073230028
31/01/2015 09:00,0.390024955,0.086714418
31/01/2015 10:00,0.361006825,0.117052725
31/01/2015 11:00,0.344431614,0.143780485
31/01/2015 12:00,0.334474708,0.161103286
31/01/2015 13:00,0.330715008,0.150627994
31/01/2015 14:00,0.339748355,0.133478743
31/01/2015 15:00,0.366227115,0.113513916
31/01/2015 16:00,0.416093578,0.090157584
31/01/2015 17:00,0.463236377,0.073291238
31/01/2015 18:00,0.490114634,0.066710537
31/01/2015 19:00,0.501301937,0.060309096
31/01/2015 20:00,0.494907595,0.058714131
31/01/2015 21:00,0.477216009,0.059087727
31/01/2015 22:00,0.429984001,0.088293887
31/01/2015 23:00,0.409196626,0.087316998
01/02/2015 00:00,0.394214417,0.08741258
01/02/2015 01:00,0.374809542,0.08259007
01/02/2015 02:00,0.361297777,0.083355178
01/02/2015 03:00,0.359412436,0.081408719
01/02/2015 04:00,0.35317842,0.09145443
01/02/2015 05:00,0.336999433,0.108324672
01/02/2015 06:00,0.298796091,0.125265745
01/02/2015 07:00,0.287098694,0.147522171
01/02/2015 08:00,0.297556501,0.143025712
01/02/2015 09:00,0.287437417,0.162695223
01/02/2015 10:00,0.250622366,0.197408855
01/02/2015 11:00,0.242301262,0.246427492
01/02/2015 12:00,0.250613979,0.269176954
01/02/2015 13:00,0.274058592,0.274558202
01/02/2015 14:00,0.305419896,0.267278011
01/02/2015 15:00,0.366553297,0.256586646
01/02/2015 16:00,0.443208997,0.249630722
01/02/2015 17:00,0.501023719,0.235880999
01/02/2015 18:00,0.532683626,0.237268273
01/02/2015 19:00,0.547692681,0.237286047
01/02/2015 20:00,0.543271155,0.236086739
01/02/2015 21:00,0.526930548,0.235185349
01/02/2015 22:00,0.524601667,0.23285658
01/02/2015 23:00,0.505599234,0.245566899
02/02/2015 00:00,0.483607921,0.244341979
02/02/2015 01:00,0.468223576,0.239884211
02/02/2015 02:00,0.453529238,0.243155695
02/02/2015 03:00,0.444846707,0.242863729
02/02/2015 04:00,0.440820529,0.242801021
02/02/2015 05:00,0.419925118,0.246358912
02/02/2015 06:00,0.368827853,0.264829244
02/02/2015 07:00,0.35788822,0.274124419
02/02/2015 08:00,0.38919556,0.257966491
02/02/2015 09:00,0.398290918,0.282426161
02/02/2015 10:00,0.404427975,0.291744495
02/02/2015 11:00,0.420616202,0.315118511
02/02/2015 12:00,0.440838316,0.315708275
02/02/2015 13:00,0.457938797,0.310288597
02/02/2015 14:00,0.478621211,0.306240969
02/02/2015 15:00,0.495268652,0.292190712
02/02/2015 16:00,0.527399472,0.276797626
02/02/2015 17:00,0.548268559,0.263028375
02/02/2015 18:00,0.557307349,0.257308253
02/02/2015 19:00,0.55450177,0.258058546
02/02/2015 20:00,0.543452115,0.247086685
02/02/2015 21:00,0.52620795,0.239551809
02/02/2015 22:00,0.503588974,0.25167519
02/02/2015 23:00,0.489954536,0.242550797
03/02/2015 00:00,0.481779526,0.224107106
03/02/2015 01:00,0.469274722,0.216842561
03/02/2015 02:00,0.458714413,0.213064495
03/02/2015 03:00,0.443796192,0.209319415
03/02/2015 04:00,0.428086161,0.209359982
03/02/2015 05:00,0.39616079,0.210557561
03/02/2015 06:00,0.335774568,0.225385307
03/02/2015 07:00,0.344755216,0.241036512
03/02/2015 08:00,0.380326301,0.243450517
03/02/2015 09:00,0.390706744,0.261402999
03/02/2015 10:00,0.3872383,0.268183895
03/02/2015 11:00,0.388842131,0.301718738
03/02/2015 12:00,0.383360693,0.321483881
03/02/2015 13:00,0.37596581,0.32366221
03/02/2015 14:00,0.356252258,0.321513561
03/02/2015 15:00,0.341041027,0.326463095
03/02/2015 16:00,0.345410555,0.323777248
03/02/2015 17:00,0.351990639,0.310757352
03/02/2015 18:00,0.349513133,0.311430019
03/02/2015 19:00,0.342978301,0.312150621
03/02/2015 20:00,0.336654021,0.316436117
03/02/2015 21:00,0.334908871,0.329592186
03/02/2015 22:00,0.337496972,0.325725857
03/02/2015 23:00,0.338931451,0.332824878
04/02/2015 00:00,0.33663025,0.334854226
04/02/2015 01:00,0.337414502,0.331314342
04/02/2015 02:00,0.33210923,0.329707022
04/02/2015 03:00,0.326535812,0.341670095
04/02/2015 04:00,0.320772768,0.345941404
04/02/2015 05:00,0.312680921,0.339134971
04/02/2015 06:00,0.279142432,0.344058355
04/02/2015 07:00,0.22499195,0.356278548
04/02/2015 08:00,0.240221265,0.347189454
04/02/2015 09:00,0.25733184,0.356667456
04/02/2015 10:00,0.24958512,0.372584672
04/02/2015 11:00,0.245031547,0.386002534
04/02/2015 12:00,0.239457545,0.408478028
04/02/2015 13:00,0.231188531,0.414669202
04/02/2015 14:00,0.218098657,0.440434998
04/02/2015 15:00,0.220448992,0.440511265
04/02/2015 16:00,0.231084194,0.438979881
04/02/2015 17:00,0.226900834,0.424445669
04/02/2015 18:00,0.224447321,0.407672648
04/02/2015 19:00,0.216556521,0.3841063
04/02/2015 20:00,0.209353041,0.3587631
04/02/2015 21:00,0.196915502,0.347222463
04/02/2015 22:00,0.18222594,0.355654453
04/02/2015 23:00,0.169411126,0.325030955
05/02/2015 00:00,0.160457862,0.277457807
05/02/2015 01:00,0.160636343,0.229085885
05/02/2015 02:00,0.159230773,0.194397623
05/02/2015 03:00,0.158016184,0.164410463
05/02/2015 04:00,0.157959783,0.147621166
05/02/2015 05:00,0.162625003,0.137998086
05/02/2015 06:00,0.157353635,0.139649514
05/02/2015 07:00,0.119418735,0.13566649
05/02/2015 08:00,0.112554126,0.125400999
05/02/2015 09:00,0.11229778,0.145219421
05/02/2015 10:00,0.108585734,0.165997306
05/02/2015 11:00,0.113043463,0.180730817
05/02/2015 12:00,0.120472158,0.18258439
05/02/2015 13:00,0.128930582,0.170938415
05/02/2015 14:00,0.1416965,0.152695785
05/02/2015 15:00,0.165608275,0.140907155
05/02/2015 16:00,0.190779473,0.131951453
05/02/2015 17:00,0.207312165,0.123738867
05/02/2015 18:00,0.220689594,0.115579166
05/02/2015 19:00,0.220233895,0.112477587
05/02/2015 20:00,0.2136728,0.108709722
05/02/2015 21:00,0.207290191,0.108958485
05/02/2015 22:00,0.220286253,0.105272495
05/02/2015 23:00,0.217983911,0.106881334
06/02/2015 00:00,0.21650987,0.110329286
06/02/2015 01:00,0.215514875,0.110425501
06/02/2015 02:00,0.214427654,0.104655247
06/02/2015 03:00,0.213139933,0.098874085
06/02/2015 04:00,0.206314517,0.099662122
06/02/2015 05:00,0.205830147,0.103493672
06/02/2015 06:00,0.188830403,0.108436811
06/02/2015 07:00,0.133189083,0.102865321
06/02/2015 08:00,0.128268896,0.093788282
06/02/2015 09:00,0.125359685,0.103066009
06/02/2015 10:00,0.115892782,0.092464843
06/02/2015 11:00,0.104251039,0.096904265
06/02/2015 12:00,0.100148966,0.093631651
06/02/2015 13:00,0.102861196,0.081611468
06/02/2015 14:00,0.115731974,0.067348139
06/02/2015 15:00,0.159696209,0.066874517
06/02/2015 16:00,0.208254818,0.069869761
06/02/2015 17:00,0.250950883,0.070553565
06/02/2015 18:00,0.280391438,0.06981417
06/02/2015 19:00,0.2945337,0.066835405
06/02/2015 20:00,0.295237137,0.064405733
06/02/2015 21:00,0.285683881,0.061485488
06/02/2015 22:00,0.275993025,0.047934393
06/02/2015 23:00,0.263238427,0.047704951
07/02/2015 00:00,0.260416892,0.052963692
07/02/2015 01:00,0.264912643,0.058093646
07/02/2015 02:00,0.261581355,0.06170353
07/02/2015 03:00,0.259628632,0.073917544
07/02/2015 04:00,0.250761428,0.093974303
07/02/2015 05:00,0.24403797,0.100721531
07/02/2015 06:00,0.211541547,0.102775333
07/02/2015 07:00,0.129893191,0.101253836
07/02/2015 08:00,0.116060996,0.08381819
07/02/2015 09:00,0.118012784,0.082465626
07/02/2015 10:00,0.124637744,0.096928662
07/02/2015 11:00,0.128312894,0.097404685
07/02/2015 12:00,0.137427634,0.106708664
07/02/2015 13:00,0.150515871,0.122822961
07/02/2015 14:00,0.170509913,0.131319224
07/02/2015 15:00,0.215770627,0.139524402
07/02/2015 16:00,0.261578386,0.142628304
07/02/2015 17:00,0.293822419,0.142794752
07/02/2015 18:00,0.29750138,0.146046091
07/02/2015 19:00,0.295110205,0.156228245
07/02/2015 20:00,0.283637581,0.164611511
07/02/2015 21:00,0.266374497,0.168247999
07/02/2015 22:00,0.237193114,0.166345762
07/02/2015 23:00,0.216086427,0.175812886
08/02/2015 00:00,0.205845209,0.195695391
08/02/2015 01:00,0.204062787,0.209687151
08/02/2015 02:00,0.212164578,0.224147565
08/02/2015 03:00,0.227134955,0.235620378
08/02/2015 04:00,0.236927627,0.247238892
08/02/2015 05:00,0.239041459,0.254985044
08/02/2015 06:00,0.205556296,0.267161003
08/02/2015 07:00,0.143940207,0.271084352
08/02/2015 08:00,0.131796373,0.229049787
08/02/2015 09:00,0.127832092,0.252040647
08/02/2015 10:00,0.120958336,0.271422711
08/02/2015 11:00,0.111905376,0.299014069
08/02/2015 12:00,0.110605744,0.311159374
08/02/2015 13:00,0.114958451,0.306885028
08/02/2015 14:00,0.127509959,0.290566274
08/02/2015 15:00,0.173051579,0.268736223
08/02/2015 16:00,0.225495218,0.252152088
08/02/2015 17:00,0.262598004,0.240178952
08/02/2015 18:00,0.277196957,0.23478551
08/02/2015 19:00,0.287729988,0.228739484
08/02/2015 20:00,0.293341804,0.219511238
08/02/2015 21:00,0.288659371,0.199833501
08/02/2015 22:00,0.271970954,0.169422266
08/02/2015 23:00,0.258781285,0.139895152
09/02/2015 00:00,0.245621609,0.12015678
09/02/2015 01:00,0.23353931,0.096700831
09/02/2015 02:00,0.232161889,0.08059791
09/02/2015 03:00,0.234265749,0.066908274
09/02/2015 04:00,0.23399915,0.058337035
09/02/2015 05:00,0.231438245,0.054844757
09/02/2015 06:00,0.191673217,0.054322352
09/02/2015 07:00,0.128513972,0.055053244
09/02/2015 08:00,0.10608277,0.04311527
09/02/2015 09:00,0.094038937,0.053956484
09/02/2015 10:00,0.087306379,0.051557068
09/02/2015 11:00,0.086356553,0.065786307
09/02/2015 12:00,0.087902231,0.08243354
09/02/2015 13:00,0.090403095,0.081727609
09/02/2015 14:00,0.092907927,0.07951344
09/02/2015 15:00,0.105786136,0.072761792
09/02/2015 16:00,0.133042715,0.051463556
09/02/2015 17:00,0.160235957,0.035897874
09/02/2015 18:00,0.181964286,0.028849751
09/02/2015 19:00,0.194246024,0.025831195
09/02/2015 20:00,0.19959072,0.026301215
09/02/2015 21:00,0.196537222,0.028016064
09/02/2015 22:00,0.198149828,0.030321572
09/02/2015 23:00,0.204784935,0.037510858
10/02/2015 00:00,0.20953695,0.049108525
10/02/2015 01:00,0.212755472,0.054622335
10/02/2015 02:00,0.208291706,0.062297505
10/02/2015 03:00,0.203010039,0.067531317
10/02/2015 04:00,0.196838357,0.078022178
10/02/2015 05:00,0.19204497,0.084608737
10/02/2015 06:00,0.172929053,0.101301222
10/02/2015 07:00,0.109807943,0.121279742
10/02/2015 08:00,0.097460367,0.109929802
10/02/2015 09:00,0.096605491,0.127151251
10/02/2015 10:00,0.096246128,0.145763517
10/02/2015 11:00,0.100076663,0.163821938
10/02/2015 12:00,0.106046463,0.180608729
10/02/2015 13:00,0.11095074,0.195470937
10/02/2015 14:00,0.117314718,0.22695617
10/02/2015 15:00,0.14650014,0.266651341
10/02/2015 16:00,0.193910551,0.296036297
10/02/2015 17:00,0.241465056,0.318710958
10/02/2015 18:00,0.274402068,0.34365174
10/02/2015 19:00,0.296946784,0.363735145
10/02/2015 20:00,0.309780004,0.38865314
10/02/2015 21:00,0.320770601,0.419501714
10/02/2015 22:00,0.328690854,0.440059122
10/02/2015 23:00,0.324374922,0.421596597
11/02/2015 00:00,0.322582893,0.418261598
11/02/2015 01:00,0.33302642,0.423267366
11/02/2015 02:00,0.342282954,0.441433853
11/02/2015 03:00,0.34702017,0.440891553
11/02/2015 04:00,0.357735155,0.452342244
11/02/2015 05:00,0.365700451,0.46708837
11/02/2015 06:00,0.324544932,0.493342699
11/02/2015 07:00,0.240696506,0.488344906
11/02/2015 08:00,0.247417919,0.505871445
11/02/2015 09:00,0.261884657,0.572995854
11/02/2015 10:00,0.233763476,0.580195488
11/02/2015 11:00,0.226460883,0.658731621
11/02/2015 12:00,0.220277649,0.694981763
11/02/2015 13:00,0.211572153,0.687819494
11/02/2015 14:00,0.217302675,0.659528316
11/02/2015 15:00,0.244145106,0.624244449
11/02/2015 16:00,0.299327374,0.573594633
11/02/2015 17:00,0.355278626,0.538236196
11/02/2015 18:00,0.392374408,0.526282358
11/02/2015 19:00,0.430135542,0.50075985
11/02/2015 20:00,0.449069694,0.471808659
11/02/2015 21:00,0.463176978,0.423308115
11/02/2015 22:00,0.45954955,0.412540591
11/02/2015 23:00,0.474738831,0.356875455
12/02/2015 00:00,0.480497191,0.307149206
12/02/2015 01:00,0.485457921,0.268306598
12/02/2015 02:00,0.487214987,0.237503353
12/02/2015 03:00,0.490007978,0.205355874
12/02/2015 04:00,0.493292372,0.183910273
12/02/2015 05:00,0.490511261,0.159488974
12/02/2015 06:00,0.438938588,0.151365038
12/02/2015 07:00,0.378078262,0.139511466
12/02/2015 08:00,0.421658974,0.19440748
12/02/2015 09:00,0.469395485,0.236218937
12/02/2015 10:00,0.490545547,0.245101325
12/02/2015 11:00,0.506949963,0.27641255
12/02/2015 12:00,0.499505391,0.281041567
12/02/2015 13:00,0.480234734,0.272855324
12/02/2015 14:00,0.449894371,0.243110684
12/02/2015 15:00,0.443432046,0.200033346
12/02/2015 16:00,0.470297826,0.177167201
12/02/2015 17:00,0.516726601,0.151651193
12/02/2015 18:00,0.548682019,0.12939487
12/02/2015 19:00,0.578773385,0.113912645
12/02/2015 20:00,0.58990894,0.098424689
12/02/2015 21:00,0.596651091,0.084899996
12/02/2015 22:00,0.585769098,0.101554789
12/02/2015 23:00,0.588813502,0.087598804
13/02/2015 00:00,0.589060414,0.077169478
13/02/2015 01:00,0.591240872,0.067525281
13/02/2015 02:00,0.602827179,0.0617374
13/02/2015 03:00,0.612654415,0.059537578
13/02/2015 04:00,0.623781541,0.052448019
13/02/2015 05:00,0.621667016,0.050862565
13/02/2015 06:00,0.558266069,0.054155756
13/02/2015 07:00,0.541122119,0.050333264
13/02/2015 08:00,0.605715684,0.063410266
13/02/2015 09:00,0.664231059,0.088602444
13/02/2015 10:00,0.695015431,0.15849958
13/02/2015 11:00,0.710695433,0.197358784
13/02/2015 12:00,0.710393005,0.219475173
13/02/2015 13:00,0.702196426,0.220163737
13/02/2015 14:00,0.672377552,0.213701959
13/02/2015 15:00,0.665388,0.188794662
13/02/2015 16:00,0.683205474,0.170743792
13/02/2015 17:00,0.701882799,0.150218304
13/02/2015 18:00,0.717439701,0.144870691
13/02/2015 19:00,0.730240731,0.150400186
13/02/2015 20:00,0.735164601,0.158351604
13/02/2015 21:00,0.724828821,0.168109747
13/02/2015 22:00,0.704672512,0.188437776
13/02/2015 23:00,0.677905316,0.196552179
14/02/2015 00:00,0.648646085,0.204059016
14/02/2015 01:00,0.630378812,0.221080289
14/02/2015 02:00,0.61582707,0.235741847
14/02/2015 03:00,0.599427695,0.251830935
14/02/2015 04:00,0.579517414,0.269664902
14/02/2015 05:00,0.537549992,0.277499409
14/02/2015 06:00,0.488273014,0.29854456
14/02/2015 07:00,0.461836701,0.283253279
14/02/2015 08:00,0.432314124,0.319022285
14/02/2015 09:00,0.394768438,0.404968969
14/02/2015 10:00,0.326155107,0.46247016
14/02/2015 11:00,0.291054993,0.519784649
14/02/2015 12:00,0.273463607,0.547823877
14/02/2015 13:00,0.275685806,0.557588535
14/02/2015 14:00,0.302403208,0.539842243
14/02/2015 15:00,0.368718324,0.505390464
14/02/2015 16:00,0.459739771,0.462666605
14/02/2015 17:00,0.540678279,0.429172954
14/02/2015 18:00,0.595240078,0.397978674
14/02/2015 19:00,0.625487442,0.361188474
14/02/2015 20:00,0.640147817,0.3245322
14/02/2015 21:00,0.641857773,0.293280887
14/02/2015 22:00,0.632955774,0.24925633
14/02/2015 23:00,0.628427859,0.23143929
15/02/2015 00:00,0.618378832,0.205270052
15/02/2015 01:00,0.614249441,0.188293205
15/02/2015 02:00,0.604006438,0.179973908
15/02/2015 03:00,0.600725034,0.178667476
15/02/2015 04:00,0.588291125,0.179478824
15/02/2015 05:00,0.548111533,0.19292421
15/02/2015 06:00,0.47501517,0.211734149
15/02/2015 07:00,0.499349592,0.203957984
15/02/2015 08:00,0.528585935,0.245735875
15/02/2015 09:00,0.545642108,0.322606814
15/02/2015 10:00,0.547461349,0.35262193
15/02/2015 11:00,0.569399591,0.387534834
15/02/2015 12:00,0.587983999,0.38708135
15/02/2015 13:00,0.611587131,0.385483759
15/02/2015 14:00,0.621929041,0.369529292
15/02/2015 15:00,0.62635065,0.357173851
15/02/2015 16:00,0.654956251,0.354865656
15/02/2015 17:00,0.673234934,0.349786115
15/02/2015 18:00,0.664825105,0.347201161
15/02/2015 19:00,0.657441278,0.337685441
15/02/2015 20:00,0.646130452,0.3242149
15/02/2015 21:00,0.637476146,0.307391772
15/02/2015 22:00,0.626571601,0.337198847
15/02/2015 23:00,0.620567738,0.298355401
16/02/2015 00:00,0.612479979,0.274661463
16/02/2015 01:00,0.600775819,0.260455758
16/02/2015 02:00,0.58804482,0.256464752
16/02/2015 03:00,0.581995941,0.249116262
16/02/2015 04:00,0.574958535,0.248491047
16/02/2015 05:00,0.541688868,0.2540904
16/02/2015 06:00,0.457479479,0.260348236
16/02/2015 07:00,0.484203495,0.243042085
16/02/2015 08:00,0.522476515,0.274126998
16/02/2015 09:00,0.551243711,0.335384222
16/02/2015 10:00,0.585302415,0.27008771
16/02/2015 11:00,0.598709494,0.293133036
16/02/2015 12:00,0.608511311,0.31291746
16/02/2015 13:00,0.624566421,0.322236683
16/02/2015 14:00,0.624036253,0.313784123
16/02/2015 15:00,0.619657487,0.29675222
16/02/2015 16:00,0.648498777,0.281740876
16/02/2015 17:00,0.677079279,0.269940779
16/02/2015 18:00,0.70925012,0.251233089
16/02/2015 19:00,0.732846965,0.234824189
16/02/2015 20:00,0.741524851,0.218428965
16/02/2015 21:00,0.732812638,0.198639769
16/02/2015 22:00,0.706238358,0.188701345
16/02/2015 23:00,0.681352389,0.194253003
17/02/2015 00:00,0.653204396,0.202609953
17/02/2015 01:00,0.625746617,0.201606318
17/02/2015 02:00,0.604585744,0.197824197
17/02/2015 03:00,0.590854326,0.204038996
17/02/2015 04:00,0.584460254,0.219938653
17/02/2015 05:00,0.550420506,0.240423115
17/02/2015 06:00,0.449230387,0.249041527
17/02/2015 07:00,0.482192777,0.23517668
17/02/2015 08:00,0.534265222,0.26577018
17/02/2015 09:00,0.565966654,0.310314124
17/02/2015 10:00,0.598701287,0.344589866
17/02/2015 11:00,0.598335176,0.418462721
17/02/2015 12:00,0.587713112,0.488849277
17/02/2015 13:00,0.57944658,0.529288452
17/02/2015 14:00,0.5636683,0.545486118
17/02/2015 15:00,0.568545724,0.562135154
17/02/2015 16:00,0.605646286,0.572343826
17/02/2015 17:00,0.649936097,0.585175674
17/02/2015 18:00,0.682209907,0.572856834
17/02/2015 19:00,0.710608113,0.558558455
17/02/2015 20:00,0.72958733,0.543853014
17/02/2015 21:00,0.739464998,0.523179815
17/02/2015 22:00,0.743149158,0.505988306
17/02/2015 23:00,0.730055597,0.49067938
18/02/2015 00:00,0.714439707,0.465917407
18/02/2015 01:00,0.700074129,0.449155941
18/02/2015 02:00,0.691806744,0.442740307
18/02/2015 03:00,0.667544972,0.424053078
18/02/2015 04:00,0.63754703,0.399576207
18/02/2015 05:00,0.584318699,0.378688236
18/02/2015 06:00,0.514375752,0.360830629
18/02/2015 07:00,0.501274198,0.336838171
18/02/2015 08:00,0.494019803,0.332729327
18/02/2015 09:00,0.476971628,0.337667419
18/02/2015 10:00,0.434740263,0.336714089
18/02/2015 11:00,0.426548824,0.337247274
18/02/2015 12:00,0.421130892,0.32611076
18/02/2015 13:00,0.420315011,0.308688384
18/02/2015 14:00,0.414611071,0.289971567
18/02/2015 15:00,0.401872882,0.273145921
18/02/2015 16:00,0.403450811,0.257390548
18/02/2015 17:00,0.407752577,0.247368406
18/02/2015 18:00,0.412444452,0.240570191
18/02/2015 19:00,0.409977342,0.229495402
18/02/2015 20:00,0.404661193,0.218042918
18/02/2015 21:00,0.392449829,0.204112431
18/02/2015 22:00,0.406575186,0.198226838
18/02/2015 23:00,0.393003903,0.186873524
19/02/2015 00:00,0.384724165,0.183454188
19/02/2015 01:00,0.380107864,0.183602985
19/02/2015 02:00,0.373953443,0.182812483
19/02/2015 03:00,0.363439846,0.175765757
19/02/2015 04:00,0.359745583,0.171788443
19/02/2015 05:00,0.340542744,0.171281888
19/02/2015 06:00,0.281257222,0.175467862
19/02/2015 07:00,0.274538397,0.151450988
19/02/2015 08:00,0.276507051,0.143921904
19/02/2015 09:00,0.253911593,0.146638274
19/02/2015 10:00,0.248053351,0.154975965
19/02/2015 11:00,0.238154482,0.161553918
19/02/2015 12:00,0.234682325,0.173231311
19/02/2015 13:00,0.241593279,0.186248318
19/02/2015 14:00,0.254350912,0.193804608
19/02/2015 15:00,0.287832134,0.196886465
19/02/2015 16:00,0.341361441,0.185454083
19/02/2015 17:00,0.394516699,0.171493316
19/02/2015 18:00,0.435557483,0.163770584
19/02/2015 19:00,0.455805889,0.157143973
19/02/2015 20:00,0.460520705,0.151776529
19/02/2015 21:00,0.459357642,0.147119102
19/02/2015 22:00,0.441944296,0.132157896
19/02/2015 23:00,0.439312437,0.136006934
20/02/2015 00:00,0.433083836,0.143944189
20/02/2015 01:00,0.434737539,0.140680451
20/02/2015 02:00,0.435789322,0.137164206
20/02/2015 03:00,0.442858772,0.132676652
20/02/2015 04:00,0.445531097,0.13487738
20/02/2015 05:00,0.421715113,0.140755416
20/02/2015 06:00,0.378257072,0.154519869
20/02/2015 07:00,0.39673497,0.144768977
20/02/2015 08:00,0.423594651,0.174881867
20/02/2015 09:00,0.428667983,0.214805338
20/02/2015 10:00,0.420703164,0.213489123
20/02/2015 11:00,0.415244558,0.219431288
20/02/2015 12:00,0.41020626,0.218816643
20/02/2015 13:00,0.411323683,0.20892744
20/02/2015 14:00,0.421148259,0.198372111
20/02/2015 15:00,0.442503186,0.189723873
20/02/2015 16:00,0.488527413,0.183032116
20/02/2015 17:00,0.530190637,0.175993489
20/02/2015 18:00,0.546046578,0.168859952
20/02/2015 19:00,0.552137174,0.166469041
20/02/2015 20:00,0.549911432,0.16319265
20/02/2015 21:00,0.539992665,0.160371463
20/02/2015 22:00,0.506898955,0.155969234
20/02/2015 23:00,0.480757047,0.144464215
21/02/2015 00:00,0.45490778,0.140462764
21/02/2015 01:00,0.426278835,0.140598512
21/02/2015 02:00,0.405396986,0.14219655
21/02/2015 03:00,0.387636134,0.149788703
21/02/2015 04:00,0.378489922,0.153139362
21/02/2015 05:00,0.362070913,0.161112535
21/02/2015 06:00,0.306292648,0.165851715
21/02/2015 07:00,0.343967932,0.16836815
21/02/2015 08:00,0.379791781,0.205626782
21/02/2015 09:00,0.403133795,0.232347851
21/02/2015 10:00,0.412863864,0.224454394
21/02/2015 11:00,0.413299778,0.217955511
21/02/2015 12:00,0.407915364,0.20607031
21/02/2015 13:00,0.402209878,0.194239647
21/02/2015 14:00,0.401987064,0.176759519
21/02/2015 15:00,0.409245496,0.171237492
21/02/2015 16:00,0.433164986,0.166189108
21/02/2015 17:00,0.451672249,0.166582712
21/02/2015 18:00,0.454193004,0.165822977
21/02/2015 19:00,0.446648739,0.163917628
21/02/2015 20:00,0.436201496,0.162372355
21/02/2015 21:00,0.416271966,0.162212375
21/02/2015 22:00,0.407685312,0.136405894
21/02/2015 23:00,0.381508763,0.136245656
22/02/2015 00:00,0.346807051,0.140578873
22/02/2015 01:00,0.315209283,0.141986679
22/02/2015 02:00,0.289981048,0.141730176
22/02/2015 03:00,0.270889802,0.13869868
22/02/2015 04:00,0.260094041,0.127391612
22/02/2015 05:00,0.241523798,0.119364847
22/02/2015 06:00,0.183778897,0.116831745
22/02/2015 07:00,0.183143722,0.102713917
22/02/2015 08:00,0.194568571,0.105053262
22/02/2015 09:00,0.211596098,0.13463923
22/02/2015 10:00,0.220146017,0.139385207
22/02/2015 11:00,0.250325755,0.140052654
22/02/2015 12:00,0.275328419,0.121325679
22/02/2015 13:00,0.290301332,0.108926019
22/02/2015 14:00,0.298563142,0.104623272
22/02/2015 15:00,0.303988973,0.09621073
22/02/2015 16:00,0.330188244,0.083918456
22/02/2015 17:00,0.363546229,0.070509762
22/02/2015 18:00,0.379018784,0.064613566
22/02/2015 19:00,0.369413334,0.059992779
22/02/2015 20:00,0.352449919,0.057237715
22/02/2015 21:00,0.331552496,0.057549663
22/02/2015 22:00,0.305824694,0.060022484
22/02/2015 23:00,0.280432593,0.064595198
23/02/2015 00:00,0.251529501,0.069754825
23/02/2015 01:00,0.230324204,0.071087045
23/02/2015 02:00,0.215704587,0.077754261
23/02/2015 03:00,0.199627341,0.084199152
23/02/2015 04:00,0.179757093,0.090151277
23/02/2015 05:00,0.155729201,0.094914334
23/02/2015 06:00,0.113290032,0.106225306
23/02/2015 07:00,0.103354173,0.10754983
23/02/2015 08:00,0.130215047,0.109147593
23/02/2015 09:00,0.164255725,0.120914919
23/02/2015 10:00,0.193121912,0.120536396
23/02/2015 11:00,0.239057176,0.130605752
23/02/2015 12:00,0.284033041,0.137018358
23/02/2015 13:00,0.32050725,0.138880942
23/02/2015 14:00,0.35134009,0.145484004
23/02/2015 15:00,0.377145496,0.158891635
23/02/2015 16:00,0.401989168,0.157805185
23/02/2015 17:00,0.424467545,0.151055775
23/02/2015 18:00,0.437936472,0.142901622
23/02/2015 19:00,0.438080174,0.131783037
23/02/2015 20:00,0.424068648,0.119484624
23/02/2015 21:00,0.404408902,0.108046387
23/02/2015 22:00,0.370761504,0.09099941
23/02/2015 23:00,0.348624586,0.084586417
24/02/2015 00:00,0.346738906,0.077938319
24/02/2015 01:00,0.343692079,0.074593881
24/02/2015 02:00,0.330927245,0.075798912
24/02/2015 03:00,0.323459882,0.076517494
24/02/2015 04:00,0.310850392,0.075046958
24/02/2015 05:00,0.285280112,0.075306081
24/02/2015 06:00,0.233150175,0.072385655
24/02/2015 07:00,0.249671077,0.064047137
24/02/2015 08:00,0.287191084,0.066973255
24/02/2015 09:00,0.335658761,0.091500493
24/02/2015 10:00,0.39391433,0.115267266
24/02/2015 11:00,0.43040754,0.156901984
24/02/2015 12:00,0.453473704,0.193330071
24/02/2015 13:00,0.466610815,0.223480337
24/02/2015 14:00,0.472304211,0.235172761
24/02/2015 15:00,0.446747898,0.237700862
24/02/2015 16:00,0.437914417,0.246023818
24/02/2015 17:00,0.437496944,0.250959766
24/02/2015 18:00,0.439948482,0.257057108
24/02/2015 19:00,0.44130504,0.262872791
24/02/2015 20:00,0.430922867,0.272199447
24/02/2015 21:00,0.416487152,0.288031983
24/02/2015 22:00,0.410287511,0.30848888
24/02/2015 23:00,0.381627304,0.320670873
25/02/2015 00:00,0.349871342,0.329508773
25/02/2015 01:00,0.315032485,0.344774495
25/02/2015 02:00,0.292756097,0.350442061
25/02/2015 03:00,0.2696867,0.345300503
25/02/2015 04:00,0.251822341,0.345442617
25/02/2015 05:00,0.229527605,0.334410206
25/02/2015 06:00,0.22329882,0.310636554
25/02/2015 07:00,0.221599851,0.333407672
25/02/2015 08:00,0.214845321,0.398361568
25/02/2015 09:00,0.201692759,0.439044938
25/02/2015 10:00,0.202300266,0.432916324
25/02/2015 11:00,0.195745688,0.439039954
25/02/2015 12:00,0.18740779,0.420855842
25/02/2015 13:00,0.178508632,0.4095354
25/02/2015 14:00,0.179877973,0.37320815
25/02/2015 15:00,0.205378046,0.321328841
25/02/2015 16:00,0.246027146,0.281953767
25/02/2015 17:00,0.286328641,0.26350595
25/02/2015 18:00,0.327446982,0.238839689
25/02/2015 19:00,0.367134277,0.211310535
25/02/2015 20:00,0.402172644,0.191461455
25/02/2015 21:00,0.435831027,0.18185003
25/02/2015 22:00,0.45061696,0.181551851
25/02/2015 23:00,0.470812812,0.1842637
26/02/2015 00:00,0.484783873,0.188737597
26/02/2015 01:00,0.499443897,0.190533036
26/02/2015 02:00,0.508000798,0.194442887
26/02/2015 03:00,0.512205234,0.20127085
26/02/2015 04:00,0.513260204,0.206141448
26/02/2015 05:00,0.476933926,0.214519545
26/02/2015 06:00,0.43435859,0.224119371
26/02/2015 07:00,0.4804255,0.232596981
26/02/2015 08:00,0.5340903,0.285097925
26/02/2015 09:00,0.560854995,0.344245896
26/02/2015 10:00,0.552053138,0.377676856
26/02/2015 11:00,0.560004305,0.401232862
26/02/2015 12:00,0.568148362,0.414692466
26/02/2015 13:00,0.562795855,0.417787874
26/02/2015 14:00,0.54331694,0.408112518
26/02/2015 15:00,0.528983166,0.397562851
26/02/2015 16:00,0.550944072,0.405096659
26/02/2015 17:00,0.567994515,0.416371991
26/02/2015 18:00,0.573241821,0.429785387
26/02/2015 19:00,0.564572549,0.434762756
26/02/2015 20:00,0.553601807,0.440792593
26/02/2015 21:00,0.532890294,0.435691027
26/02/2015 22:00,0.508587788,0.449199122
26/02/2015 23:00,0.479883715,0.423679706
27/02/2015 00:00,0.448504837,0.406274674
27/02/2015 01:00,0.418528419,0.377627651
27/02/2015 02:00,0.39255098,0.355127683
27/02/2015 03:00,0.367317944,0.34795218
27/02/2015 04:00,0.341433033,0.346240882
27/02/2015 05:00,0.301456484,0.339767973
27/02/2015 06:00,0.263815498,0.322809069
27/02/2015 07:00,0.267809147,0.33783639
27/02/2015 08:00,0.289501564,0.38411154
27/02/2015 09:00,0.315665713,0.432129759
27/02/2015 10:00,0.320535226,0.46329033
27/02/2015 11:00,0.354102449,0.494397815
27/02/2015 12:00,0.379423593,0.481588748
27/02/2015 13:00,0.397093387,0.466420336
27/02/2015 14:00,0.406539788,0.414424774
27/02/2015 15:00,0.421224149,0.336825084
27/02/2015 16:00,0.453678866,0.279697514
27/02/2015 17:00,0.480310416,0.24799182
27/02/2015 18:00,0.489520812,0.238029111
27/02/2015 19:00,0.476647173,0.240416383
27/02/2015 20:00,0.450615806,0.243870254
27/02/2015 21:00,0.420156768,0.250231619
27/02/2015 22:00,0.409906642,0.301686273
27/02/2015 23:00,0.370980528,0.289759471
28/02/2015 00:00,0.342636468,0.280206808
28/02/2015 01:00,0.317544062,0.279679097
28/02/2015 02:00,0.296970475,0.290705849
28/02/2015 03:00,0.282076883,0.314466595
28/02/2015 04:00,0.265037665,0.349042564
28/02/2015 05:00,0.23032448,0.394299782
28/02/2015 06:00,0.185872113,0.42300401
28/02/2015 07:00,0.15615711,0.453839807
28/02/2015 08:00,0.13999959,0.552652541
28/02/2015 09:00,0.13461477,0.624323635
28/02/2015 10:00,0.137019068,0.632651759
28/02/2015 11:00,0.154130343,0.657311404
28/02/2015 12:00,0.183574348,0.661547978
28/02/2015 13:00,0.213959356,0.658957649
28/02/2015 14:00,0.256447676,0.636420684
28/02/2015 15:00,0.327165206,0.605692469
28/02/2015 16:00,0.416962375,0.567973067
28/02/2015 17:00,0.482783859,0.530375045
28/02/2015 18:00,0.510502207,0.500777422
28/02/2015 19:00,0.513909168,0.475625703
28/02/2015 20:00,0.503168432,0.441289294
28/02/2015 21:00,0.490385156,0.412086156
28/02/2015 22:00,0.462250294,0.363753853
28/02/2015 23:00,0.442451521,0.354233911
01/03/2015 00:00,0.429289234,0.329311123
01/03/2015 01:00,0.413122959,0.303400071
01/03/2015 02:00,0.39770689,0.287882113
01/03/2015 03:00,0.377479645,0.266413903
01/03/2015 04:00,0.351643855,0.242594992
01/03/2015 05:00,0.306488579,0.220775534
01/03/2015 06:00,0.257409098,0.196844734
01/03/2015 07:00,0.243621017,0.235478464
01/03/2015 08:00,0.237986099,0.298567636
01/03/2015 09:00,0.239936405,0.350488182
01/03/2015 10:00,0.288183592,0.393299346
01/03/2015 11:00,0.306916947,0.390324886
01/03/2015 12:00,0.333979252,0.364237851
01/03/2015 13:00,0.359579804,0.319425831
01/03/2015 14:00,0.392546541,0.263249973
01/03/2015 15:00,0.427505151,0.209053833
01/03/2015 16:00,0.474334265,0.173212239
01/03/2015 17:00,0.496971388,0.144645723
01/03/2015 18:00,0.505640814,0.125095451
01/03/2015 19:00,0.496543351,0.118817089
01/03/2015 20:00,0.477839355,0.116726109
01/03/2015 21:00,0.448519036,0.120321387
01/03/2015 22:00,0.426348246,0.158400674
01/03/2015 23:00,0.41939907,0.161986232
02/03/2015 00:00,0.416787215,0.150848085
02/03/2015 01:00,0.414143382,0.138937958
02/03/2015 02:00,0.411047141,0.138398531
02/03/2015 03:00,0.412250159,0.141745195
02/03/2015 04:00,0.40791283,0.143563753
02/03/2015 05:00,0.361674569,0.150315118
02/03/2015 06:00,0.326530287,0.154575076
02/03/2015 07:00,0.319769334,0.150213191
02/03/2015 08:00,0.31540383,0.157966915
02/03/2015 09:00,0.280640491,0.210396654
02/03/2015 10:00,0.223005381,0.256001064
02/03/2015 11:00,0.205627809,0.321909238
02/03/2015 12:00,0.201916234,0.364061599
02/03/2015 13:00,0.208230441,0.387100161
02/03/2015 14:00,0.229113315,0.371274158
02/03/2015 15:00,0.268237265,0.360867291
02/03/2015 16:00,0.333075021,0.369218187
02/03/2015 17:00,0.390944242,0.371424053
02/03/2015 18:00,0.432445979,0.381975412
02/03/2015 19:00,0.455150044,0.400474617
02/03/2015 20:00,0.465548496,0.423969942
02/03/2015 21:00,0.454729613,0.439620741
02/03/2015 22:00,0.425947973,0.461987534
02/03/2015 23:00,0.414292106,0.476837309
03/03/2015 00:00,0.397147778,0.490883542
03/03/2015 01:00,0.385030809,0.508203196
03/03/2015 02:00,0.373303395,0.522858171
03/03/2015 03:00,0.370449574,0.529332981
03/03/2015 04:00,0.375358449,0.53916534
03/03/2015 05:00,0.348234914,0.557189578
03/03/2015 06:00,0.301419414,0.555750915
03/03/2015 07:00,0.317362373,0.544600784
03/03/2015 08:00,0.315476713,0.604575732
03/03/2015 09:00,0.278501198,0.676697766
03/03/2015 10:00,0.22657496,0.7134673
03/03/2015 11:00,0.206923736,0.745066712
03/03/2015 12:00,0.196482533,0.742749342
03/03/2015 13:00,0.196864452,0.720750744
03/03/2015 14:00,0.204556549,0.678432394
03/03/2015 15:00,0.238561843,0.641412581
03/03/2015 16:00,0.29793633,0.603747234
03/03/2015 17:00,0.370302218,0.571146185
03/03/2015 18:00,0.425783247,0.541090633
03/03/2015 19:00,0.463259871,0.513496333
03/03/2015 20:00,0.482054252,0.486259828
03/03/2015 21:00,0.480357397,0.45409206
03/03/2015 22:00,0.470808273,0.420429182
03/03/2015 23:00,0.45423304,0.396300842
04/03/2015 00:00,0.438638988,0.378623568
04/03/2015 01:00,0.427587404,0.373094491
04/03/2015 02:00,0.416989116,0.375452651
04/03/2015 03:00,0.412805888,0.384034922
04/03/2015 04:00,0.414538201,0.399242985
04/03/2015 05:00,0.387285273,0.426663261
04/03/2015 06:00,0.339398351,0.44725166
04/03/2015 07:00,0.35835002,0.453949953
04/03/2015 08:00,0.372022207,0.518970107
04/03/2015 09:00,0.343722736,0.61924472
04/03/2015 10:00,0.270044228,0.689140162
04/03/2015 11:00,0.233681619,0.72670159
04/03/2015 12:00,0.218573806,0.734562195
04/03/2015 13:00,0.208684597,0.707213185
04/03/2015 14:00,0.207893964,0.654667016
04/03/2015 15:00,0.236227055,0.601430176
04/03/2015 16:00,0.298924822,0.544078445
04/03/2015 17:00,0.363390778,0.471002167
04/03/2015 18:00,0.404090166,0.410272741
04/03/2015 19:00,0.425302445,0.361953167
04/03/2015 20:00,0.432304214,0.324811606
04/03/2015 21:00,0.431389185,0.295549854
04/03/2015 22:00,0.434462249,0.261472841
04/03/2015 23:00,0.42779245,0.227530982
05/03/2015 00:00,0.420079372,0.201442493
05/03/2015 01:00,0.418573355,0.187176272
05/03/2015 02:00,0.406233055,0.175236706
05/03/2015 03:00,0.390491266,0.169286033
05/03/2015 04:00,0.377182858,0.159365854
05/03/2015 05:00,0.340623099,0.153953486
05/03/2015 06:00,0.267991588,0.151752267
05/03/2015 07:00,0.270273658,0.167613968
05/03/2015 08:00,0.273324879,0.184386534
05/03/2015 09:00,0.254583096,0.219103472
05/03/2015 10:00,0.211949457,0.243633283
05/03/2015 11:00,0.184932986,0.274332767
05/03/2015 12:00,0.167323551,0.292230766
05/03/2015 13:00,0.156583122,0.280737959
05/03/2015 14:00,0.156002522,0.245618033
05/03/2015 15:00,0.175061892,0.224111982
05/03/2015 16:00,0.218962484,0.236972149
05/03/2015 17:00,0.274198844,0.242876392
05/03/2015 18:00,0.326950156,0.246988343
05/03/2015 19:00,0.37552569,0.259008551
05/03/2015 20:00,0.40758006,0.264274832
05/03/2015 21:00,0.43022132,0.25551376
05/03/2015 22:00,0.446436291,0.263299795
05/03/2015 23:00,0.43805774,0.278864282
06/03/2015 00:00,0.431535237,0.283028909
06/03/2015 01:00,0.430829925,0.27558474
06/03/2015 02:00,0.426339553,0.284938004
06/03/2015 03:00,0.422871106,0.293532209
06/03/2015 04:00,0.425495063,0.291791834
06/03/2015 05:00,0.404368503,0.283042526
06/03/2015 06:00,0.305711193,0.271568448
06/03/2015 07:00,0.290131341,0.244428381
06/03/2015 08:00,0.300774908,0.324805977
06/03/2015 09:00,0.284530936,0.403009829
06/03/2015 10:00,0.252441722,0.39197493
06/03/2015 11:00,0.234883566,0.455396063
06/03/2015 12:00,0.232627501,0.479004192
06/03/2015 13:00,0.233120591,0.459064981
06/03/2015 14:00,0.235571116,0.413735168
06/03/2015 15:00,0.233072266,0.348847792
06/03/2015 16:00,0.258204467,0.311091396
06/03/2015 17:00,0.29691824,0.29037216
06/03/2015 18:00,0.328663289,0.27256541
06/03/2015 19:00,0.351189929,0.270285276
06/03/2015 20:00,0.360836098,0.273882333
06/03/2015 21:00,0.360531284,0.278888808
06/03/2015 22:00,0.346444279,0.283521661
06/03/2015 23:00,0.334127399,0.283844543
07/03/2015 00:00,0.327861265,0.284160101
07/03/2015 01:00,0.324509894,0.281534978
07/03/2015 02:00,0.32060479,0.290608878
07/03/2015 03:00,0.312328932,0.300855055
07/03/2015 04:00,0.308606409,0.311799353
07/03/2015 05:00,0.296666228,0.338818972
07/03/2015 06:00,0.219625178,0.366724153
07/03/2015 07:00,0.204674692,0.355164792
07/03/2015 08:00,0.204653603,0.428291891
07/03/2015 09:00,0.185382832,0.53579428
07/03/2015 10:00,0.191586465,0.597868895
07/03/2015 11:00,0.209934703,0.656206351
07/03/2015 12:00,0.230117362,0.662303332
07/03/2015 13:00,0.241027439,0.649877887
07/03/2015 14:00,0.2399384,0.600797838
07/03/2015 15:00,0.22619066,0.555758443
07/03/2015 16:00,0.228402933,0.513871435
07/03/2015 17:00,0.236271559,0.474464497
07/03/2015 18:00,0.238662442,0.443980055
07/03/2015 19:00,0.236215258,0.426845272
07/03/2015 20:00,0.229211688,0.408776056
07/03/2015 21:00,0.221808011,0.391650969
07/03/2015 22:00,0.223441443,0.364909144
07/03/2015 23:00,0.216005368,0.353116162
08/03/2015 00:00,0.216101208,0.329486814
08/03/2015 01:00,0.213171987,0.307489034
08/03/2015 02:00,0.211554873,0.289825469
08/03/2015 03:00,0.210260061,0.269044542
08/03/2015 04:00,0.215978495,0.256210414
08/03/2015 05:00,0.220809606,0.252915197
08/03/2015 06:00,0.171873227,0.255950133
08/03/2015 07:00,0.130691268,0.246962683
08/03/2015 08:00,0.12434766,0.31915794
08/03/2015 09:00,0.114166588,0.413748586
08/03/2015 10:00,0.120190463,0.413725527
08/03/2015 11:00,0.146713947,0.499661245
08/03/2015 12:00,0.174199069,0.524246905
08/03/2015 13:00,0.194385099,0.506068511
08/03/2015 14:00,0.206145336,0.479726548
08/03/2015 15:00,0.218802114,0.442666695
08/03/2015 16:00,0.242094007,0.420696594
08/03/2015 17:00,0.264884441,0.399439846
08/03/2015 18:00,0.285650177,0.390874853
08/03/2015 19:00,0.297283673,0.388194504
08/03/2015 20:00,0.305360664,0.399043283
08/03/2015 21:00,0.306946808,0.412456799
08/03/2015 22:00,0.336715818,0.44263653
08/03/2015 23:00,0.340017868,0.424158685
09/03/2015 00:00,0.347454592,0.418311027
09/03/2015 01:00,0.356767069,0.418493306
09/03/2015 02:00,0.356435703,0.407005187
09/03/2015 03:00,0.357000537,0.398801416
09/03/2015 04:00,0.357990091,0.376209474
09/03/2015 05:00,0.347183336,0.351558917
09/03/2015 06:00,0.261581866,0.34829996
09/03/2015 07:00,0.249728667,0.379538592
09/03/2015 08:00,0.299175901,0.377758002
09/03/2015 09:00,0.310838123,0.348570553
09/03/2015 10:00,0.309542191,0.31298762
09/03/2015 11:00,0.308632009,0.302243466
09/03/2015 12:00,0.31435318,0.296402777
09/03/2015 13:00,0.319542505,0.291024278
09/03/2015 14:00,0.323009665,0.273866463
09/03/2015 15:00,0.334411124,0.251795979
09/03/2015 16:00,0.377629914,0.235967492
09/03/2015 17:00,0.43192934,0.204206399
09/03/2015 18:00,0.481686816,0.168014202
09/03/2015 19:00,0.52091896,0.141396214
09/03/2015 20:00,0.545817836,0.123474875
09/03/2015 21:00,0.563305523,0.113417817
09/03/2015 22:00,0.569316843,0.110387427
09/03/2015 23:00,0.557803558,0.108956099
10/03/2015 00:00,0.544579355,0.106372296
10/03/2015 01:00,0.528737728,0.100631068
10/03/2015 02:00,0.514996325,0.095273982
10/03/2015 03:00,0.498757938,0.091386608
10/03/2015 04:00,0.482897024,0.083784859
10/03/2015 05:00,0.436056776,0.077732314
10/03/2015 06:00,0.326544849,0.065277591
10/03/2015 07:00,0.314129285,0.053091736
10/03/2015 08:00,0.325315152,0.066608786
10/03/2015 09:00,0.333067949,0.084585439
10/03/2015 10:00,0.34312468,0.099317016
10/03/2015 11:00,0.347612291,0.117370458
10/03/2015 12:00,0.357375838,0.132688835
10/03/2015 13:00,0.360394991,0.139521131
10/03/2015 14:00,0.358587302,0.13014903
10/03/2015 15:00,0.364377562,0.113896505
10/03/2015 16:00,0.397933179,0.100024212
10/03/2015 17:00,0.439367261,0.071865199
10/03/2015 18:00,0.471380143,0.050540879
10/03/2015 19:00,0.489949949,0.043067977
10/03/2015 20:00,0.502152099,0.040930531
10/03/2015 21:00,0.504064198,0.041461829
10/03/2015 22:00,0.498589195,0.054285735
10/03/2015 23:00,0.493639204,0.057562636
11/03/2015 00:00,0.493078214,0.061030379
11/03/2015 01:00,0.478335933,0.063788135
11/03/2015 02:00,0.463412606,0.063354676
11/03/2015 03:00,0.443710398,0.059289887
11/03/2015 04:00,0.419396808,0.054372817
11/03/2015 05:00,0.362468866,0.054080153
11/03/2015 06:00,0.274523007,0.053277029
11/03/2015 07:00,0.294691159,0.047896767
11/03/2015 08:00,0.33091703,0.074330753
11/03/2015 09:00,0.359648213,0.1111989
11/03/2015 10:00,0.368766911,0.166379042
11/03/2015 11:00,0.376308959,0.192087874
11/03/2015 12:00,0.384481415,0.214632411
11/03/2015 13:00,0.393253088,0.228755143
11/03/2015 14:00,0.410678432,0.217329595
11/03/2015 15:00,0.443179094,0.187675963
11/03/2015 16:00,0.491330855,0.164038562
11/03/2015 17:00,0.533087936,0.125752661
11/03/2015 18:00,0.558797576,0.100480744
11/03/2015 19:00,0.573603433,0.083228575
11/03/2015 20:00,0.577852993,0.072472901
11/03/2015 21:00,0.575011897,0.067041622
11/03/2015 22:00,0.54308999,0.093005944
11/03/2015 23:00,0.533894055,0.078351656
12/03/2015 00:00,0.520808146,0.071979576
12/03/2015 01:00,0.500496286,0.066929999
12/03/2015 02:00,0.485505561,0.061979327
12/03/2015 03:00,0.473892831,0.059335485
12/03/2015 04:00,0.459488547,0.056317516
12/03/2015 05:00,0.39467854,0.056471082
12/03/2015 06:00,0.325925838,0.060311707
12/03/2015 07:00,0.324266842,0.071648913
12/03/2015 08:00,0.306301371,0.117729479
12/03/2015 09:00,0.266828351,0.168808565
12/03/2015 10:00,0.215745638,0.160035042
12/03/2015 11:00,0.204067774,0.200397292
12/03/2015 12:00,0.208043292,0.216744164
12/03/2015 13:00,0.225732422,0.222576389
12/03/2015 14:00,0.24910944,0.213850585
12/03/2015 15:00,0.289713213,0.201660645
12/03/2015 16:00,0.361145195,0.19461874
12/03/2015 17:00,0.423928843,0.170223024
12/03/2015 18:00,0.463316929,0.160328611
12/03/2015 19:00,0.479986922,0.161809225
12/03/2015 20:00,0.489615704,0.170914351
12/03/2015 21:00,0.486499653,0.170968106
12/03/2015 22:00,0.454164718,0.164357319
12/03/2015 23:00,0.448094691,0.174988383
13/03/2015 00:00,0.4374788,0.192326894
13/03/2015 01:00,0.42870282,0.198982591
13/03/2015 02:00,0.417037774,0.214639458
13/03/2015 03:00,0.40879387,0.236049552
13/03/2015 04:00,0.396344704,0.254415324
13/03/2015 05:00,0.345713594,0.284072932
13/03/2015 06:00,0.297481084,0.30071649
13/03/2015 07:00,0.308645076,0.286465814
13/03/2015 08:00,0.303677685,0.366794612
13/03/2015 09:00,0.257198678,0.481463039
13/03/2015 10:00,0.217575243,0.445473444
13/03/2015 11:00,0.195016875,0.529995737
13/03/2015 12:00,0.193772074,0.559164271
13/03/2015 13:00,0.201885513,0.557779659
13/03/2015 14:00,0.225003603,0.528636161
13/03/2015 15:00,0.261743722,0.496101458
13/03/2015 16:00,0.319654931,0.478846637
13/03/2015 17:00,0.386018945,0.435818112
13/03/2015 18:00,0.441517938,0.398049049
13/03/2015 19:00,0.483687164,0.37472635
13/03/2015 20:00,0.507933041,0.358720459
13/03/2015 21:00,0.51460248,0.342856254
13/03/2015 22:00,0.541010345,0.346418069
13/03/2015 23:00,0.530406096,0.324275863
14/03/2015 00:00,0.519990929,0.294010855
14/03/2015 01:00,0.511891065,0.277116281
14/03/2015 02:00,0.501692247,0.260859533
14/03/2015 03:00,0.493062711,0.239743858
14/03/2015 04:00,0.476947016,0.222045131
14/03/2015 05:00,0.418326544,0.215399944
14/03/2015 06:00,0.377663623,0.191822115
14/03/2015 07:00,0.410840931,0.260425523
14/03/2015 08:00,0.436121648,0.354577268
14/03/2015 09:00,0.424742674,0.421804624
14/03/2015 10:00,0.379278739,0.458755241
14/03/2015 11:00,0.331532231,0.482644747
14/03/2015 12:00,0.310162815,0.472465064
14/03/2015 13:00,0.299580693,0.443776759
14/03/2015 14:00,0.303246215,0.400006331
14/03/2015 15:00,0.328756719,0.325082592
14/03/2015 16:00,0.399148915,0.276360249
14/03/2015 17:00,0.465192574,0.234059511
14/03/2015 18:00,0.519588374,0.204556287
14/03/2015 19:00,0.552184669,0.188959628
14/03/2015 20:00,0.572201633,0.178255211
14/03/2015 21:00,0.575012917,0.167109417
14/03/2015 22:00,0.585180032,0.166906269
14/03/2015 23:00,0.568524678,0.137088994
15/03/2015 00:00,0.54603229,0.120407855
15/03/2015 01:00,0.526642522,0.111574333
15/03/2015 02:00,0.507245982,0.10451242
15/03/2015 03:00,0.491019659,0.098519259
15/03/2015 04:00,0.475483338,0.093132495
15/03/2015 05:00,0.432947647,0.098029558
15/03/2015 06:00,0.389266182,0.095102653
15/03/2015 07:00,0.416731445,0.1289022
15/03/2015 08:00,0.438271862,0.184590965
15/03/2015 09:00,0.435421647,0.247451974
15/03/2015 10:00,0.423601451,0.375585728
15/03/2015 11:00,0.406219742,0.393239177
15/03/2015 12:00,0.391662101,0.384415903
15/03/2015 13:00,0.376034043,0.356748485
15/03/2015 14:00,0.374259098,0.317874268
15/03/2015 15:00,0.401299284,0.257430667
15/03/2015 16:00,0.4678016,0.215478888
15/03/2015 17:00,0.536944426,0.173249545
15/03/2015 18:00,0.588656768,0.1456861
15/03/2015 19:00,0.616292213,0.131436959
15/03/2015 20:00,0.627607686,0.125634756
15/03/2015 21:00,0.61558744,0.122787449
15/03/2015 22:00,0.589368668,0.208897128
15/03/2015 23:00,0.551925906,0.193568489
16/03/2015 00:00,0.525758475,0.175312478
16/03/2015 01:00,0.508994741,0.171558294
16/03/2015 02:00,0.503497212,0.166715076
16/03/2015 03:00,0.498152423,0.160485367
16/03/2015 04:00,0.485512107,0.153549305
16/03/2015 05:00,0.439248678,0.149840464
16/03/2015 06:00,0.371757284,0.150039681
16/03/2015 07:00,0.403150522,0.159206661
16/03/2015 08:00,0.443856771,0.176361284
16/03/2015 09:00,0.457909905,0.20024277
16/03/2015 10:00,0.430922477,0.190853399
16/03/2015 11:00,0.446331236,0.22293507
16/03/2015 12:00,0.465917798,0.255635082
16/03/2015 13:00,0.46784805,0.277441659
16/03/2015 14:00,0.450218822,0.286125649
16/03/2015 15:00,0.440302144,0.264585504
16/03/2015 16:00,0.439919962,0.243460051
16/03/2015 17:00,0.456959344,0.230707482
16/03/2015 18:00,0.458808335,0.227257219
16/03/2015 19:00,0.445391488,0.230059323
16/03/2015 20:00,0.42078166,0.236266491
16/03/2015 21:00,0.393317892,0.24454156
16/03/2015 22:00,0.353033306,0.248261895
16/03/2015 23:00,0.337567274,0.241024862
17/03/2015 00:00,0.327402136,0.244857646
17/03/2015 01:00,0.318259067,0.236712498
17/03/2015 02:00,0.309200651,0.232996172
17/03/2015 03:00,0.301597056,0.231009077
17/03/2015 04:00,0.290288114,0.242481834
17/03/2015 05:00,0.25372484,0.255804897
17/03/2015 06:00,0.192176035,0.240211048
17/03/2015 07:00,0.185387776,0.232674078
17/03/2015 08:00,0.163584606,0.28069718
17/03/2015 09:00,0.141631914,0.335510084
17/03/2015 10:00,0.142249882,0.325965767
17/03/2015 11:00,0.161204867,0.372022469
17/03/2015 12:00,0.181400123,0.417598867
17/03/2015 13:00,0.197145811,0.423313835
17/03/2015 14:00,0.212677424,0.39720317
17/03/2015 15:00,0.246400474,0.348986207
17/03/2015 16:00,0.309884618,0.329098561
17/03/2015 17:00,0.377402805,0.307779514
17/03/2015 18:00,0.419893965,0.294422199
17/03/2015 19:00,0.448144549,0.295583641
17/03/2015 20:00,0.461187535,0.302955965
17/03/2015 21:00,0.465625811,0.31039602
17/03/2015 22:00,0.456255882,0.3021809
17/03/2015 23:00,0.448053235,0.295483029
18/03/2015 00:00,0.444446035,0.291024961
18/03/2015 01:00,0.441573901,0.291712215
18/03/2015 02:00,0.439830579,0.298147623
18/03/2015 03:00,0.437286871,0.30158369
18/03/2015 04:00,0.436976107,0.307136686
18/03/2015 05:00,0.382369791,0.321702989
18/03/2015 06:00,0.356196959,0.332535418
18/03/2015 07:00,0.376017477,0.299024447
18/03/2015 08:00,0.37147005,0.325602905
18/03/2015 09:00,0.330694049,0.402222193
18/03/2015 10:00,0.272999745,0.434831596
18/03/2015 11:00,0.238411234,0.469213882
18/03/2015 12:00,0.219364452,0.491607296
18/03/2015 13:00,0.213725335,0.491015709
18/03/2015 14:00,0.222286653,0.463439152
18/03/2015 15:00,0.270699525,0.450956845
18/03/2015 16:00,0.364599094,0.432821036
18/03/2015 17:00,0.447040387,0.42780062
18/03/2015 18:00,0.487643338,0.418588077
18/03/2015 19:00,0.499635729,0.41070368
18/03/2015 20:00,0.505007223,0.389241627
18/03/2015 21:00,0.507331817,0.35381786
18/03/2015 22:00,0.512656394,0.328598115
18/03/2015 23:00,0.496582727,0.317278073
19/03/2015 00:00,0.478758642,0.315939728
19/03/2015 01:00,0.456624929,0.301764122
19/03/2015 02:00,0.436133287,0.283091598
19/03/2015 03:00,0.421740381,0.259217699
19/03/2015 04:00,0.403615822,0.239128008
19/03/2015 05:00,0.345513303,0.238497624
19/03/2015 06:00,0.301692844,0.223693734
19/03/2015 07:00,0.337777035,0.24061414
19/03/2015 08:00,0.363661876,0.336845658
19/03/2015 09:00,0.363481761,0.416685727
19/03/2015 10:00,0.337561223,0.371213761
19/03/2015 11:00,0.319283314,0.453845378
19/03/2015 12:00,0.301835623,0.501310669
19/03/2015 13:00,0.283730774,0.526738189
19/03/2015 14:00,0.284079069,0.501219144
19/03/2015 15:00,0.326683394,0.44008714
19/03/2015 16:00,0.414303087,0.415572784
19/03/2015 17:00,0.49063243,0.39253806
19/03/2015 18:00,0.533825554,0.376516249
19/03/2015 19:00,0.555683884,0.382408884
19/03/2015 20:00,0.56877164,0.390487678
19/03/2015 21:00,0.574738593,0.398145572
19/03/2015 22:00,0.558942611,0.408819672
19/03/2015 23:00,0.543994727,0.406931219
20/03/2015 00:00,0.519586418,0.414609475
20/03/2015 01:00,0.488560566,0.425511117
20/03/2015 02:00,0.45673666,0.445809585
20/03/2015 03:00,0.427221449,0.460839947
20/03/2015 04:00,0.400095619,0.468287048
20/03/2015 05:00,0.340448116,0.481678485
20/03/2015 06:00,0.271093264,0.448485
20/03/2015 07:00,0.301005888,0.514357103
20/03/2015 08:00,0.325294575,0.66193827
20/03/2015 09:00,0.327101478,0.75365284
20/03/2015 10:00,0.292642461,0.769609384
20/03/2015 11:00,0.257058587,0.790372135
20/03/2015 12:00,0.232713573,0.795579145
20/03/2015 13:00,0.226388136,0.781097009
20/03/2015 14:00,0.236095131,0.739892428
20/03/2015 15:00,0.281035959,0.670901907
20/03/2015 16:00,0.344598865,0.605666769
20/03/2015 17:00,0.398262841,0.537142904
20/03/2015 18:00,0.431378854,0.47539825
20/03/2015 19:00,0.455605919,0.423403711
20/03/2015 20:00,0.461491448,0.370350615
20/03/2015 21:00,0.456023519,0.327350049
20/03/2015 22:00,0.428019484,0.293323378
20/03/2015 23:00,0.410499684,0.260736366
21/03/2015 00:00,0.394346747,0.229180966
21/03/2015 01:00,0.381699306,0.215960289
21/03/2015 02:00,0.370804389,0.201672167
21/03/2015 03:00,0.361027914,0.194732769
21/03/2015 04:00,0.355210405,0.18756444
21/03/2015 05:00,0.328833912,0.183339704
21/03/2015 06:00,0.243116948,0.181533763
21/03/2015 07:00,0.274514555,0.217473742
21/03/2015 08:00,0.300983703,0.301878054
21/03/2015 09:00,0.264005013,0.365979831
21/03/2015 10:00,0.219867242,0.382195043
21/03/2015 11:00,0.185829101,0.441195487
21/03/2015 12:00,0.181257454,0.478793176
21/03/2015 13:00,0.190451452,0.492868936
21/03/2015 14:00,0.216523763,0.484406328
21/03/2015 15:00,0.261827248,0.402365531
21/03/2015 16:00,0.331213756,0.348017183
21/03/2015 17:00,0.385785662,0.303807253
21/03/2015 18:00,0.420101268,0.262065715
21/03/2015 19:00,0.434790958,0.235222594
21/03/2015 20:00,0.426303409,0.202166322
21/03/2015 21:00,0.408090247,0.17332273
21/03/2015 22:00,0.39415076,0.172067446
21/03/2015 23:00,0.371641858,0.165335437
22/03/2015 00:00,0.359541161,0.154191451
22/03/2015 01:00,0.358381063,0.156485411
22/03/2015 02:00,0.359531028,0.158431677
22/03/2015 03:00,0.358554033,0.153420071
22/03/2015 04:00,0.35618437,0.166979506
22/03/2015 05:00,0.32438687,0.19160791
22/03/2015 06:00,0.246937364,0.195308512
22/03/2015 07:00,0.262873391,0.202193458
22/03/2015 08:00,0.265651491,0.262941758
22/03/2015 09:00,0.236792033,0.355552884
22/03/2015 10:00,0.207098933,0.377130517
22/03/2015 11:00,0.187814281,0.453558455
22/03/2015 12:00,0.194099782,0.486948534
22/03/2015 13:00,0.209456464,0.503291705
22/03/2015 14:00,0.239028202,0.491725829
22/03/2015 15:00,0.293512566,0.463354419
22/03/2015 16:00,0.381694914,0.461266404
22/03/2015 17:00,0.462725325,0.455136579
22/03/2015 18:00,0.506931538,0.451302088
22/03/2015 19:00,0.522208992,0.459142191
22/03/2015 20:00,0.520284577,0.457835813
22/03/2015 21:00,0.517686658,0.441334092
22/03/2015 22:00,0.519664904,0.451223659
22/03/2015 23:00,0.531972571,0.440859106
23/03/2015 00:00,0.539425485,0.452744871
23/03/2015 01:00,0.533818241,0.471945221
23/03/2015 02:00,0.52519785,0.491085682
23/03/2015 03:00,0.50508504,0.498101955
23/03/2015 04:00,0.479192067,0.502239302
23/03/2015 05:00,0.410752632,0.512945363
23/03/2015 06:00,0.333086271,0.500391757
23/03/2015 07:00,0.35937299,0.515220171
23/03/2015 08:00,0.372472303,0.567635596
23/03/2015 09:00,0.361538255,0.640010074
23/03/2015 10:00,0.324696054,0.673991494
23/03/2015 11:00,0.311426376,0.702543611
23/03/2015 12:00,0.314921413,0.710323585
23/03/2015 13:00,0.322929877,0.701892257
23/03/2015 14:00,0.337093196,0.672902121
23/03/2015 15:00,0.368974332,0.631215517
23/03/2015 16:00,0.418912862,0.602574632
23/03/2015 17:00,0.47622154,0.57869607
23/03/2015 18:00,0.510140289,0.567151945
23/03/2015 19:00,0.524878082,0.545823893
23/03/2015 20:00,0.526869642,0.521381698
23/03/2015 21:00,0.516207995,0.505169263
23/03/2015 22:00,0.49170458,0.571847917
23/03/2015 23:00,0.481148637,0.531483429
24/03/2015 00:00,0.475542191,0.502715924
24/03/2015 01:00,0.474927087,0.486393432
24/03/2015 02:00,0.480196534,0.476829854
24/03/2015 03:00,0.493960084,0.468546258
24/03/2015 04:00,0.507636324,0.451254289
24/03/2015 05:00,0.491100584,0.444337027
24/03/2015 06:00,0.433863484,0.423236443
24/03/2015 07:00,0.502774491,0.496180898
24/03/2015 08:00,0.557075655,0.567623827
24/03/2015 09:00,0.55212747,0.626450492
24/03/2015 10:00,0.510537473,0.645306013
24/03/2015 11:00,0.484791468,0.692279347
24/03/2015 12:00,0.472122847,0.703576446
24/03/2015 13:00,0.46320244,0.705977478
24/03/2015 14:00,0.45688919,0.680622134
24/03/2015 15:00,0.473597123,0.621379672
24/03/2015 16:00,0.509680842,0.547722364
24/03/2015 17:00,0.548129464,0.497430381
24/03/2015 18:00,0.571560061,0.452723773
24/03/2015 19:00,0.577424231,0.418033864
24/03/2015 20:00,0.573845761,0.385749758
24/03/2015 21:00,0.560270477,0.346582412
24/03/2015 22:00,0.548115726,0.31873702
24/03/2015 23:00,0.531322576,0.276580447
25/03/2015 00:00,0.521872366,0.255100934
25/03/2015 01:00,0.510680731,0.244803845
25/03/2015 02:00,0.503307644,0.227345226
25/03/2015 03:00,0.4982251,0.225455971
25/03/2015 04:00,0.487791703,0.222104942
25/03/2015 05:00,0.425388478,0.223385525
25/03/2015 06:00,0.332878549,0.234154959
25/03/2015 07:00,0.363806375,0.340386492
25/03/2015 08:00,0.376911093,0.447603127
25/03/2015 09:00,0.344414911,0.527252362
25/03/2015 10:00,0.314491832,0.607405572
25/03/2015 11:00,0.296221732,0.629484978
25/03/2015 12:00,0.292469667,0.628945796
25/03/2015 13:00,0.295249294,0.615818478
25/03/2015 14:00,0.314960553,0.57967158
25/03/2015 15:00,0.364433041,0.465787022
25/03/2015 16:00,0.45068614,0.368508079
25/03/2015 17:00,0.519096026,0.290015295
25/03/2015 18:00,0.568048439,0.24312822
25/03/2015 19:00,0.589174967,0.217471922
25/03/2015 20:00,0.587530657,0.212838683
25/03/2015 21:00,0.571711612,0.212635206
25/03/2015 22:00,0.557376702,0.258786347
25/03/2015 23:00,0.529151491,0.241587059
26/03/2015 00:00,0.508733775,0.226282317
26/03/2015 01:00,0.491398058,0.210806043
26/03/2015 02:00,0.475937435,0.205237798
26/03/2015 03:00,0.460243943,0.205214416
26/03/2015 04:00,0.441018969,0.212089315
26/03/2015 05:00,0.380453842,0.231686063
26/03/2015 06:00,0.303545015,0.222963452
26/03/2015 07:00,0.347984903,0.255633645
26/03/2015 08:00,0.373128015,0.336453
26/03/2015 09:00,0.343602023,0.414819231
26/03/2015 10:00,0.286380587,0.459476667
26/03/2015 11:00,0.270292029,0.499526951
26/03/2015 12:00,0.275941196,0.510944786
26/03/2015 13:00,0.293268807,0.502527963
26/03/2015 14:00,0.317614816,0.48032214
26/03/2015 15:00,0.358620814,0.417620772
26/03/2015 16:00,0.418081575,0.380304237
26/03/2015 17:00,0.482584669,0.352600541
26/03/2015 18:00,0.5269366,0.339523951
26/03/2015 19:00,0.541636106,0.34025421
26/03/2015 20:00,0.541609774,0.350688526
26/03/2015 21:00,0.523882897,0.358253266
26/03/2015 22:00,0.536027192,0.429045049
26/03/2015 23:00,0.498331546,0.416543529
27/03/2015 00:00,0.467943971,0.39867734
27/03/2015 01:00,0.449699318,0.383560228
27/03/2015 02:00,0.439496719,0.367863713
27/03/2015 03:00,0.434106652,0.348126577
27/03/2015 04:00,0.429329007,0.338950895
27/03/2015 05:00,0.387214552,0.335904161
27/03/2015 06:00,0.311103673,0.290190616
27/03/2015 07:00,0.367586644,0.401965489
27/03/2015 08:00,0.388840036,0.529552285
27/03/2015 09:00,0.359406748,0.602104571
27/03/2015 10:00,0.313566652,0.601947724
27/03/2015 11:00,0.3015774,0.66244525
27/03/2015 12:00,0.296119596,0.664968564
27/03/2015 13:00,0.291713103,0.655099722
27/03/2015 14:00,0.288712023,0.603791357
27/03/2015 15:00,0.297277978,0.483536483
27/03/2015 16:00,0.324447226,0.390785988
27/03/2015 17:00,0.378402393,0.326139491
27/03/2015 18:00,0.424786861,0.299687059
27/03/2015 19:00,0.450170073,0.277201515
27/03/2015 20:00,0.466418566,0.257799188
27/03/2015 21:00,0.4727437,0.229751469
27/03/2015 22:00,0.479211125,0.234950655
27/03/2015 23:00,0.461511867,0.192034307
28/03/2015 00:00,0.446773056,0.152652196
28/03/2015 01:00,0.432495782,0.127769361
28/03/2015 02:00,0.426352277,0.107545075
28/03/2015 03:00,0.429672136,0.100892894
28/03/2015 04:00,0.43295955,0.099442595
28/03/2015 05:00,0.397529008,0.110188166
28/03/2015 06:00,0.351337096,0.111316755
28/03/2015 07:00,0.400778213,0.124792202
28/03/2015 08:00,0.447855484,0.193226993
28/03/2015 09:00,0.461655391,0.283133697
28/03/2015 10:00,0.466931624,0.340095062
28/03/2015 11:00,0.472996153,0.431349527
28/03/2015 12:00,0.474898905,0.4936069
28/03/2015 13:00,0.474026826,0.514964209
28/03/2015 14:00,0.479407184,0.505803171
28/03/2015 15:00,0.493297919,0.507440849
28/03/2015 16:00,0.526557493,0.517359789
28/03/2015 17:00,0.58195714,0.520941292
28/03/2015 18:00,0.632794915,0.516390011
28/03/2015 19:00,0.661028258,0.50044129
28/03/2015 20:00,0.668821864,0.475876629
28/03/2015 21:00,0.661754242,0.452225349
28/03/2015 22:00,0.631001989,0.390644537
28/03/2015 23:00,0.6233913,0.406189531
29/03/2015 00:00,0.616732893,0.430397881
29/03/2015 01:00,0.609642671,0.459370651
29/03/2015 02:00,0.608249283,0.487461383
29/03/2015 03:00,0.607086472,0.508962441
29/03/2015 04:00,0.607997304,0.522942493
29/03/2015 05:00,0.566891319,0.516051123
29/03/2015 06:00,0.536580244,0.498077861
29/03/2015 07:00,0.602848011,0.529785945
29/03/2015 08:00,0.657124419,0.578352126
29/03/2015 09:00,0.673338761,0.619476386
29/03/2015 10:00,0.650126899,0.628039994
29/03/2015 11:00,0.624032009,0.649101044
29/03/2015 12:00,0.596354732,0.645633775
29/03/2015 13:00,0.579854104,0.615103276
29/03/2015 14:00,0.578745954,0.556919974
29/03/2015 15:00,0.590502669,0.482551169
29/03/2015 16:00,0.629662433,0.409707597
29/03/2015 17:00,0.677285328,0.355877051
29/03/2015 18:00,0.701630482,0.327051392
29/03/2015 19:00,0.71095266,0.300610255
29/03/2015 20:00,0.70541097,0.268996532
29/03/2015 21:00,0.692633589,0.241110536
29/03/2015 22:00,0.666164127,0.25181591
29/03/2015 23:00,0.646209685,0.211227539
30/03/2015 00:00,0.620298051,0.200766416
30/03/2015 01:00,0.59529922,0.201708603
30/03/2015 02:00,0.564797086,0.200576967
30/03/2015 03:00,0.542366307,0.202107294
30/03/2015 04:00,0.522311253,0.201046566
30/03/2015 05:00,0.457822537,0.194003398
30/03/2015 06:00,0.401535194,0.209959235
30/03/2015 07:00,0.404181463,0.218414035
30/03/2015 08:00,0.394432282,0.223913943
30/03/2015 09:00,0.393010031,0.220713341
30/03/2015 10:00,0.387851757,0.211392081
30/03/2015 11:00,0.382628573,0.224941024
30/03/2015 12:00,0.37211584,0.249661164
30/03/2015 13:00,0.364654664,0.264216075
30/03/2015 14:00,0.364433662,0.26334211
30/03/2015 15:00,0.385593206,0.239216163
30/03/2015 16:00,0.416831746,0.220178041
30/03/2015 17:00,0.440887754,0.193722709
30/03/2015 18:00,0.47156897,0.163250686
30/03/2015 19:00,0.496557829,0.136889183
30/03/2015 20:00,0.521616083,0.119357248
30/03/2015 21:00,0.534486566,0.111206764
30/03/2015 22:00,0.545970661,0.109957213
30/03/2015 23:00,0.557658512,0.113463401
31/03/2015 00:00,0.567804505,0.109935477
31/03/2015 01:00,0.571753515,0.108893629
31/03/2015 02:00,0.584277903,0.105529417
31/03/2015 03:00,0.590802522,0.103536879
31/03/2015 04:00,0.585222862,0.102347068
31/03/2015 05:00,0.530983765,0.109452717
31/03/2015 06:00,0.518328148,0.108951685
31/03/2015 07:00,0.539455867,0.089511652
31/03/2015 08:00,0.510581978,0.088705557
31/03/2015 09:00,0.463736084,0.095911795
31/03/2015 10:00,0.423984555,0.101374325
31/03/2015 11:00,0.398473984,0.126362723
31/03/2015 12:00,0.38226262,0.144115599
31/03/2015 13:00,0.381157504,0.153634033
31/03/2015 14:00,0.397074926,0.14682853
31/03/2015 15:00,0.421447624,0.139660614
31/03/2015 16:00,0.473977542,0.150245668
31/03/2015 17:00,0.525844622,0.140527637
31/03/2015 18:00,0.558822272,0.128060096
31/03/2015 19:00,0.583962183,0.122739384
31/03/2015 20:00,0.576893855,0.128419715
31/03/2015 21:00,0.569441735,0.14120079
31/03/2015 22:00,0.537859079,0.147626116
31/03/2015 23:00,0.535445691,0.163487079
01/04/2015 00:00,0.532913668,0.176233781
01/04/2015 01:00,0.525156124,0.187316308
01/04/2015 02:00,0.52261732,0.196074917
01/04/2015 03:00,0.523678899,0.210415956
01/04/2015 04:00,0.504538866,0.227810419
01/04/2015 05:00,0.426269701,0.258702483
01/04/2015 06:00,0.440586253,0.248478024
01/04/2015 07:00,0.476863341,0.263112239
01/04/2015 08:00,0.481841706,0.333799658
01/04/2015 09:00,0.474762678,0.391572848
01/04/2015 10:00,0.435790364,0.398451968
01/04/2015 11:00,0.428698896,0.438503
01/04/2015 12:00,0.4345013,0.460048852
01/04/2015 13:00,0.450550303,0.469639197
01/04/2015 14:00,0.472628397,0.470570692
01/04/2015 15:00,0.482106398,0.447227051
01/04/2015 16:00,0.483547447,0.451604097
01/04/2015 17:00,0.485856592,0.436113413
01/04/2015 18:00,0.499231441,0.424803534
01/04/2015 19:00,0.50366269,0.421003429
01/04/2015 20:00,0.499856102,0.419218258
01/04/2015 21:00,0.495698381,0.409224467
01/04/2015 22:00,0.454297539,0.388834862
01/04/2015 23:00,0.448273829,0.372657853
02/04/2015 00:00,0.44801298,0.358060337
02/04/2015 01:00,0.437068156,0.353692779
02/04/2015 02:00,0.429373282,0.342592191
02/04/2015 03:00,0.420421058,0.336236592
02/04/2015 04:00,0.405026425,0.332669963
02/04/2015 05:00,0.3443942,0.33119254
02/04/2015 06:00,0.344656522,0.312187933
02/04/2015 07:00,0.381002083,0.413723275
02/04/2015 08:00,0.393935825,0.518025002
02/04/2015 09:00,0.398072087,0.572932979
02/04/2015 10:00,0.366063862,0.526938304
02/04/2015 11:00,0.349120218,0.554643867
02/04/2015 12:00,0.345324364,0.553091913
02/04/2015 13:00,0.357806015,0.537440347
02/04/2015 14:00,0.38404561,0.499898368
02/04/2015 15:00,0.415717779,0.426652238
02/04/2015 16:00,0.445649941,0.355681396
02/04/2015 17:00,0.475183235,0.305810946
02/04/2015 18:00,0.514532727,0.256442256
02/04/2015 19:00,0.529046468,0.218064731
02/04/2015 20:00,0.519092964,0.190936503
02/04/2015 21:00,0.506114461,0.170262045
02/04/2015 22:00,0.51102911,0.215748453
02/04/2015 23:00,0.485670951,0.188233817
03/04/2015 00:00,0.464501928,0.183229134
03/04/2015 01:00,0.447314436,0.177492856
03/04/2015 02:00,0.426207318,0.180482366
03/04/2015 03:00,0.409939525,0.18779752
03/04/2015 04:00,0.39475281,0.196777432
03/04/2015 05:00,0.316497319,0.1880507
03/04/2015 06:00,0.311543013,0.196262538
03/04/2015 07:00,0.366367235,0.244598466
03/04/2015 08:00,0.398649281,0.305751907
03/04/2015 09:00,0.403332377,0.345039398
03/04/2015 10:00,0.407723622,0.370894
03/04/2015 11:00,0.393537513,0.395252774
03/04/2015 12:00,0.37872109,0.410642755
03/04/2015 13:00,0.377917542,0.414194925
03/04/2015 14:00,0.392290585,0.408123851
03/04/2015 15:00,0.413028898,0.388537793
03/04/2015 16:00,0.451775878,0.37052699
03/04/2015 17:00,0.492783878,0.365217933
03/04/2015 18:00,0.511892931,0.333528604
03/04/2015 19:00,0.514671035,0.293237508
03/04/2015 20:00,0.505617985,0.256055763
03/04/2015 21:00,0.492014746,0.226927489
03/04/2015 22:00,0.496608948,0.227174265
03/04/2015 23:00,0.468248853,0.208239695
04/04/2015 00:00,0.453076382,0.201938229
04/04/2015 01:00,0.44555775,0.19497786
04/04/2015 02:00,0.437172927,0.193935421
04/04/2015 03:00,0.429379625,0.189166599
04/04/2015 04:00,0.415756215,0.185723496
04/04/2015 05:00,0.333727643,0.168841924
04/04/2015 06:00,0.327552052,0.147434192
04/04/2015 07:00,0.391874934,0.131759058
04/04/2015 08:00,0.436741218,0.131262404
04/04/2015 09:00,0.455884804,0.123018267
04/04/2015 10:00,0.46113591,0.133897203
04/04/2015 11:00,0.441606895,0.131498931
04/04/2015 12:00,0.422752886,0.134123486
04/04/2015 13:00,0.405470337,0.146422846
04/04/2015 14:00,0.394993873,0.15775409
04/04/2015 15:00,0.417339204,0.157386413
04/04/2015 16:00,0.44184716,0.164451895
04/04/2015 17:00,0.452665048,0.147259577
04/04/2015 18:00,0.457962299,0.12353152
04/04/2015 19:00,0.45765707,0.105399142
04/04/2015 20:00,0.462542642,0.093955152
04/04/2015 21:00,0.45765882,0.088094757
04/04/2015 22:00,0.456534775,0.083010214
04/04/2015 23:00,0.455815723,0.088594884
05/04/2015 00:00,0.44915173,0.090594423
05/04/2015 01:00,0.434462793,0.090671565
05/04/2015 02:00,0.41652906,0.092555365
05/04/2015 03:00,0.405602086,0.093891927
05/04/2015 04:00,0.393158182,0.096235996
05/04/2015 05:00,0.319684892,0.100813556
05/04/2015 06:00,0.301804412,0.080394204
05/04/2015 07:00,0.307300029,0.065750252
05/04/2015 08:00,0.299478159,0.065736311
05/04/2015 09:00,0.29578555,0.069592563
05/04/2015 10:00,0.269395744,0.074624274
05/04/2015 11:00,0.28290049,0.08790018
05/04/2015 12:00,0.305440151,0.09937728
05/04/2015 13:00,0.331738623,0.113945146
05/04/2015 14:00,0.364977733,0.120087273
05/04/2015 15:00,0.390754455,0.118929597
05/04/2015 16:00,0.412044939,0.124866359
05/04/2015 17:00,0.43811718,0.095683572
05/04/2015 18:00,0.457215006,0.071106806
05/04/2015 19:00,0.465255738,0.054774059
05/04/2015 20:00,0.45364418,0.046215503
05/04/2015 21:00,0.4415566,0.041028398
05/04/2015 22:00,0.407311992,0.04034494
05/04/2015 23:00,0.415658241,0.041561249
06/04/2015 00:00,0.419050803,0.041630802
06/04/2015 01:00,0.423449904,0.042395316
06/04/2015 02:00,0.423717568,0.042415711
06/04/2015 03:00,0.420274004,0.042464026
06/04/2015 04:00,0.400164705,0.043237324
06/04/2015 05:00,0.349280715,0.051143178
06/04/2015 06:00,0.363494104,0.04883622
06/04/2015 07:00,0.368656531,0.042092975
06/04/2015 08:00,0.363738121,0.064701909
06/04/2015 09:00,0.364542004,0.093430959
06/04/2015 10:00,0.389227405,0.104067025
06/04/2015 11:00,0.408697169,0.11753076
06/04/2015 12:00,0.423966877,0.133434345
06/04/2015 13:00,0.432510797,0.143873527
06/04/2015 14:00,0.42927311,0.156226818
06/04/2015 15:00,0.437435354,0.170259555
06/04/2015 16:00,0.446116021,0.183432399
06/04/2015 17:00,0.451219955,0.171022828
06/04/2015 18:00,0.461867756,0.149565901
06/04/2015 19:00,0.462498531,0.144738248
06/04/2015 20:00,0.460961541,0.14083006
06/04/2015 21:00,0.456143747,0.137227604
06/04/2015 22:00,0.441527976,0.111291149
06/04/2015 23:00,0.435794757,0.119369492
07/04/2015 00:00,0.440721119,0.125062195
07/04/2015 01:00,0.427097269,0.130044476
07/04/2015 02:00,0.392252479,0.127463919
07/04/2015 03:00,0.348526959,0.132096207
07/04/2015 04:00,0.298431392,0.141725268
07/04/2015 05:00,0.224253283,0.15991347
07/04/2015 06:00,0.212079385,0.149820998
07/04/2015 07:00,0.20967972,0.187486663
07/04/2015 08:00,0.198450311,0.258388336
07/04/2015 09:00,0.189513993,0.302685615
07/04/2015 10:00,0.179987395,0.269893365
07/04/2015 11:00,0.180343744,0.293764184
07/04/2015 12:00,0.176587884,0.310847374
07/04/2015 13:00,0.170207819,0.316865093
07/04/2015 14:00,0.182286559,0.312438584
07/04/2015 15:00,0.226513152,0.289058825
07/04/2015 16:00,0.288267265,0.263119626
07/04/2015 17:00,0.34055426,0.246689731
07/04/2015 18:00,0.368684316,0.234123914
07/04/2015 19:00,0.378052003,0.222038685
07/04/2015 20:00,0.372812488,0.200202395
07/04/2015 21:00,0.365167077,0.179483018
07/04/2015 22:00,0.383577253,0.141611001
07/04/2015 23:00,0.367631532,0.142327373
08/04/2015 00:00,0.350115431,0.147543982
08/04/2015 01:00,0.333845098,0.156654698
08/04/2015 02:00,0.318379507,0.164346123
08/04/2015 03:00,0.305230042,0.169962459
08/04/2015 04:00,0.279436147,0.173730912
08/04/2015 05:00,0.20447552,0.189996582
08/04/2015 06:00,0.184636861,0.175286796
08/04/2015 07:00,0.200233174,0.219383519
08/04/2015 08:00,0.202761201,0.305717524
08/04/2015 09:00,0.198574904,0.369815741
08/04/2015 10:00,0.179194807,0.342933147
08/04/2015 11:00,0.186545035,0.397224649
08/04/2015 12:00,0.194394301,0.413244716
08/04/2015 13:00,0.205800038,0.399410537
08/04/2015 14:00,0.235810429,0.360644359
08/04/2015 15:00,0.294296028,0.303832856
08/04/2015 16:00,0.35842109,0.248353347
08/04/2015 17:00,0.402105099,0.198450977
08/04/2015 18:00,0.432488234,0.170796571
08/04/2015 19:00,0.46904272,0.159496913
08/04/2015 20:00,0.486627424,0.150110952
08/04/2015 21:00,0.490155884,0.142255169
08/04/2015 22:00,0.474917599,0.13321913
08/04/2015 23:00,0.438729022,0.132790985
09/04/2015 00:00,0.410899509,0.142546815
09/04/2015 01:00,0.384593555,0.144738948
09/04/2015 02:00,0.364589709,0.136814953
09/04/2015 03:00,0.353212036,0.139576674
09/04/2015 04:00,0.332025107,0.146183168
09/04/2015 05:00,0.268855314,0.154666358
09/04/2015 06:00,0.266940188,0.128003044
09/04/2015 07:00,0.287470398,0.180933351
09/04/2015 08:00,0.308346903,0.235159427
09/04/2015 09:00,0.331261529,0.269287269
09/04/2015 10:00,0.304725674,0.23742839
09/04/2015 11:00,0.324431673,0.252350291
09/04/2015 12:00,0.337416219,0.264866441
09/04/2015 13:00,0.35567662,0.262872459
09/04/2015 14:00,0.378846934,0.242657155
09/04/2015 15:00,0.415647743,0.200486341
09/04/2015 16:00,0.473068003,0.166432549
09/04/2015 17:00,0.533009533,0.162241659
09/04/2015 18:00,0.573479,0.168565854
09/04/2015 19:00,0.584050824,0.165367255
09/04/2015 20:00,0.577021603,0.155588461
09/04/2015 21:00,0.560528794,0.14716792
09/04/2015 22:00,0.527123907,0.108172322
09/04/2015 23:00,0.521457027,0.09940806
10/04/2015 00:00,0.516057002,0.09139807
10/04/2015 01:00,0.50174433,0.094235286
10/04/2015 02:00,0.483359966,0.109382147
10/04/2015 03:00,0.458529775,0.131733571
10/04/2015 04:00,0.422428149,0.156051097
10/04/2015 05:00,0.337534975,0.170108197
10/04/2015 06:00,0.317161653,0.159524546
10/04/2015 07:00,0.309350584,0.21112773
10/04/2015 08:00,0.294417599,0.253269243
10/04/2015 09:00,0.287832053,0.279532072
10/04/2015 10:00,0.311251408,0.264092127
10/04/2015 11:00,0.3126444,0.289288186
10/04/2015 12:00,0.317373304,0.287864059
10/04/2015 13:00,0.322378284,0.266213757
10/04/2015 14:00,0.336736654,0.234967289
10/04/2015 15:00,0.366454247,0.201196672
10/04/2015 16:00,0.419936992,0.182378848
10/04/2015 17:00,0.469056391,0.161173933
10/04/2015 18:00,0.496762127,0.149288534
10/04/2015 19:00,0.520822074,0.140271911
10/04/2015 20:00,0.545635554,0.131068068
10/04/2015 21:00,0.557584611,0.116509448
10/04/2015 22:00,0.507097514,0.097164923
10/04/2015 23:00,0.520740647,0.079243381
11/04/2015 00:00,0.520263487,0.06794851
11/04/2015 01:00,0.519885846,0.062989761
11/04/2015 02:00,0.515877037,0.059602467
11/04/2015 03:00,0.50339367,0.053251015
11/04/2015 04:00,0.478157368,0.051837431
11/04/2015 05:00,0.411071202,0.045948373
11/04/2015 06:00,0.402931108,0.039331207
11/04/2015 07:00,0.398959007,0.049844489
11/04/2015 08:00,0.384635212,0.062699331
11/04/2015 09:00,0.377484095,0.072926254
11/04/2015 10:00,0.31771411,0.130378048
11/04/2015 11:00,0.34020782,0.137784269
11/04/2015 12:00,0.363707382,0.146324311
11/04/2015 13:00,0.378345111,0.148101403
11/04/2015 14:00,0.398812615,0.139882465
11/04/2015 15:00,0.434948249,0.124635889
11/04/2015 16:00,0.498655585,0.11917091
11/04/2015 17:00,0.539291113,0.098434856
11/04/2015 18:00,0.555916757,0.072512855
11/04/2015 19:00,0.564609829,0.051632213
11/04/2015 20:00,0.565458117,0.040459953
11/04/2015 21:00,0.551136937,0.034333582
11/04/2015 22:00,0.48707691,0.031848933
11/04/2015 23:00,0.475084435,0.034806279
12/04/2015 00:00,0.456808832,0.038928391
12/04/2015 01:00,0.439870231,0.043965821
12/04/2015 02:00,0.418681517,0.041478946
12/04/2015 03:00,0.403195078,0.038036545
12/04/2015 04:00,0.384438804,0.034394586
12/04/2015 05:00,0.317314304,0.03494445
12/04/2015 06:00,0.307508851,0.02215378
12/04/2015 07:00,0.329530483,0.027410284
12/04/2015 08:00,0.358163982,0.040326963
12/04/2015 09:00,0.398823394,0.045524103
12/04/2015 10:00,0.406548676,0.043336985
12/04/2015 11:00,0.459105827,0.06880378
12/04/2015 12:00,0.49301001,0.094230235
12/04/2015 13:00,0.500099401,0.110261369
12/04/2015 14:00,0.489162553,0.11902147
12/04/2015 15:00,0.460071332,0.131489162
12/04/2015 16:00,0.454397145,0.128021447
12/04/2015 17:00,0.44004474,0.098798967
12/04/2015 18:00,0.423283847,0.07305579
12/04/2015 19:00,0.399694728,0.056104017
12/04/2015 20:00,0.369898544,0.047292075
12/04/2015 21:00,0.331822102,0.04307221
12/04/2015 22:00,0.315634368,0.043248514
12/04/2015 23:00,0.28572457,0.047549114
13/04/2015 00:00,0.262324772,0.048964339
13/04/2015 01:00,0.240117125,0.051663031
13/04/2015 02:00,0.219496311,0.053860557
13/04/2015 03:00,0.204361374,0.057864623
13/04/2015 04:00,0.193847491,0.063098235
13/04/2015 05:00,0.152814587,0.06390451
13/04/2015 06:00,0.125492301,0.058123839
13/04/2015 07:00,0.141329419,0.088975121
13/04/2015 08:00,0.156721733,0.121737202
13/04/2015 09:00,0.182646123,0.147831024
13/04/2015 10:00,0.208818229,0.156838029
13/04/2015 11:00,0.251499801,0.217763331
13/04/2015 12:00,0.291707385,0.260623188
13/04/2015 13:00,0.322733837,0.292481144
13/04/2015 14:00,0.338776995,0.30794691
13/04/2015 15:00,0.338731092,0.292654166
13/04/2015 16:00,0.33364081,0.269784767
13/04/2015 17:00,0.326359258,0.243229777
13/04/2015 18:00,0.336859966,0.207799772
13/04/2015 19:00,0.334758607,0.170852781
13/04/2015 20:00,0.324151482,0.137740231
13/04/2015 21:00,0.301151255,0.120033647
13/04/2015 22:00,0.282093784,0.104640081
13/04/2015 23:00,0.255122691,0.092841016
14/04/2015 00:00,0.239436361,0.090018703
14/04/2015 01:00,0.228079568,0.088139591
14/04/2015 02:00,0.217335617,0.089499099
14/04/2015 03:00,0.204521586,0.089329971
14/04/2015 04:00,0.185637636,0.091068711
14/04/2015 05:00,0.138678709,0.095973985
14/04/2015 06:00,0.106056584,0.09474629
14/04/2015 07:00,0.105682218,0.147990025
14/04/2015 08:00,0.105345447,0.199431951
14/04/2015 09:00,0.128434845,0.236041536
14/04/2015 10:00,0.16479073,0.294366809
14/04/2015 11:00,0.212412299,0.322090468
14/04/2015 12:00,0.251175283,0.35055838
14/04/2015 13:00,0.284457776,0.367504518
14/04/2015 14:00,0.299633735,0.394554868
14/04/2015 15:00,0.309238779,0.389167879
14/04/2015 16:00,0.326965788,0.40230847
14/04/2015 17:00,0.355212125,0.412120991
14/04/2015 18:00,0.384664391,0.409682521
14/04/2015 19:00,0.40839248,0.376885348
14/04/2015 20:00,0.421145344,0.346667677
14/04/2015 21:00,0.424869099,0.321885188
14/04/2015 22:00,0.387700794,0.290678934
14/04/2015 23:00,0.389179456,0.27860213
15/04/2015 00:00,0.387876862,0.282971483
15/04/2015 01:00,0.386050462,0.284177041
15/04/2015 02:00,0.38128057,0.283169472
15/04/2015 03:00,0.37001321,0.290399089
15/04/2015 04:00,0.341159276,0.294338935
15/04/2015 05:00,0.253426835,0.282880577
15/04/2015 06:00,0.230320459,0.308766525
15/04/2015 07:00,0.243744071,0.347696823
15/04/2015 08:00,0.233297871,0.381181726
15/04/2015 09:00,0.222039312,0.409917879
15/04/2015 10:00,0.21655945,0.393576643
15/04/2015 11:00,0.238904027,0.422172243
15/04/2015 12:00,0.263820165,0.462030986
15/04/2015 13:00,0.288069833,0.500064631
15/04/2015 14:00,0.313738033,0.531280593
15/04/2015 15:00,0.347122266,0.523906131
15/04/2015 16:00,0.400091126,0.501394767
15/04/2015 17:00,0.450979744,0.496953473
15/04/2015 18:00,0.490736454,0.467653605
15/04/2015 19:00,0.516601629,0.42149689
15/04/2015 20:00,0.532856498,0.389076529
15/04/2015 21:00,0.544054877,0.35415869
15/04/2015 22:00,0.526967469,0.303537231
15/04/2015 23:00,0.519731996,0.286511257
16/04/2015 00:00,0.50340626,0.270230138
16/04/2015 01:00,0.488483147,0.263350455
16/04/2015 02:00,0.46678741,0.263732665
16/04/2015 03:00,0.43902427,0.258442652
16/04/2015 04:00,0.395974023,0.254697118
16/04/2015 05:00,0.299511077,0.239198015
16/04/2015 06:00,0.281020704,0.215172894
16/04/2015 07:00,0.285572393,0.217020465
16/04/2015 08:00,0.264461692,0.212556412
16/04/2015 09:00,0.24548911,0.190562515
16/04/2015 10:00,0.275904676,0.144304221
16/04/2015 11:00,0.28475654,0.127964548
16/04/2015 12:00,0.299009227,0.130134853
16/04/2015 13:00,0.315110378,0.146011943
16/04/2015 14:00,0.327574727,0.163968026
16/04/2015 15:00,0.355863949,0.167422074
16/04/2015 16:00,0.414219811,0.18060357
16/04/2015 17:00,0.472430417,0.179397012
16/04/2015 18:00,0.510685249,0.169212601
16/04/2015 19:00,0.530375517,0.156699638
16/04/2015 20:00,0.538810057,0.136423936
16/04/2015 21:00,0.539930626,0.119939695
16/04/2015 22:00,0.519489911,0.109110214
16/04/2015 23:00,0.511465969,0.096113088
17/04/2015 00:00,0.50091927,0.086510582
17/04/2015 01:00,0.491563744,0.079893087
17/04/2015 02:00,0.484871122,0.07918724
17/04/2015 03:00,0.480080668,0.079135407
17/04/2015 04:00,0.461992785,0.079655893
17/04/2015 05:00,0.382941199,0.08226978
17/04/2015 06:00,0.377183505,0.056905505
17/04/2015 07:00,0.390582012,0.055248576
17/04/2015 08:00,0.353329814,0.06958426
17/04/2015 09:00,0.278100057,0.098311239
17/04/2015 10:00,0.226766498,0.103840251
17/04/2015 11:00,0.214432823,0.13897645
17/04/2015 12:00,0.220748824,0.169398908
17/04/2015 13:00,0.233791894,0.192053684
17/04/2015 14:00,0.259919228,0.199344489
17/04/2015 15:00,0.310907609,0.190707317
17/04/2015 16:00,0.401310819,0.190234819
17/04/2015 17:00,0.488816393,0.164626393
17/04/2015 18:00,0.54450528,0.13445644
17/04/2015 19:00,0.571822024,0.111626724
17/04/2015 20:00,0.587711932,0.088327725
17/04/2015 21:00,0.588692043,0.069443735
17/04/2015 22:00,0.631487188,0.04875758
17/04/2015 23:00,0.616195667,0.039357669
18/04/2015 00:00,0.603090681,0.033758589
18/04/2015 01:00,0.585534256,0.033301453
18/04/2015 02:00,0.571955957,0.036479953
18/04/2015 03:00,0.558829039,0.042109293
18/04/2015 04:00,0.531590359,0.047347387
18/04/2015 05:00,0.478679753,0.047217261
18/04/2015 06:00,0.499798179,0.033134424
18/04/2015 07:00,0.519028713,0.034306137
18/04/2015 08:00,0.476434694,0.045648787
18/04/2015 09:00,0.412112776,0.064530307
18/04/2015 10:00,0.354460895,0.074096596
18/04/2015 11:00,0.307168868,0.103322408
18/04/2015 12:00,0.290133993,0.13582843
18/04/2015 13:00,0.292619658,0.161395158
18/04/2015 14:00,0.309071055,0.185894482
18/04/2015 15:00,0.327687661,0.19928782
18/04/2015 16:00,0.374610848,0.21359754
18/04/2015 17:00,0.436539355,0.201286914
18/04/2015 18:00,0.488336669,0.179276221
18/04/2015 19:00,0.527263424,0.160887121
18/04/2015 20:00,0.541789723,0.146173049
18/04/2015 21:00,0.544312913,0.136725162
18/04/2015 22:00,0.549600074,0.117182737
18/04/2015 23:00,0.536248791,0.116062818
19/04/2015 00:00,0.516102094,0.119250886
19/04/2015 01:00,0.497735317,0.126779835
19/04/2015 02:00,0.475689436,0.138078497
19/04/2015 03:00,0.456682173,0.141146606
19/04/2015 04:00,0.426971186,0.142784774
19/04/2015 05:00,0.372477091,0.128255502
19/04/2015 06:00,0.370831694,0.122134647
19/04/2015 07:00,0.399733855,0.165395697
19/04/2015 08:00,0.385539105,0.242995735
19/04/2015 09:00,0.339268904,0.330036121
19/04/2015 10:00,0.301746242,0.39165743
19/04/2015 11:00,0.280782597,0.458059237
19/04/2015 12:00,0.275521377,0.501721567
19/04/2015 13:00,0.274428416,0.513517162
19/04/2015 14:00,0.271344633,0.48723796
19/04/2015 15:00,0.262760405,0.436469506
19/04/2015 16:00,0.27446964,0.405520824
19/04/2015 17:00,0.309135279,0.388993502
19/04/2015 18:00,0.344583315,0.344360406
19/04/2015 19:00,0.372290682,0.291829362
19/04/2015 20:00,0.39272786,0.254011149
19/04/2015 21:00,0.413463092,0.232134931
19/04/2015 22:00,0.432935302,0.20093361
19/04/2015 23:00,0.431454982,0.184191887
20/04/2015 00:00,0.430271663,0.175931842
20/04/2015 01:00,0.419028419,0.172871587
20/04/2015 02:00,0.415264578,0.169828871
20/04/2015 03:00,0.410459238,0.172266854
20/04/2015 04:00,0.403476079,0.178741337
20/04/2015 05:00,0.334967893,0.165934037
20/04/2015 06:00,0.322364566,0.186873874
20/04/2015 07:00,0.35521038,0.240786238
20/04/2015 08:00,0.349246509,0.31745131
20/04/2015 09:00,0.343172192,0.377274866
20/04/2015 10:00,0.33970221,0.460245948
20/04/2015 11:00,0.363775585,0.508426832
20/04/2015 12:00,0.385963317,0.546037972
20/04/2015 13:00,0.396498821,0.572161523
20/04/2015 14:00,0.402329416,0.587478193
20/04/2015 15:00,0.405324525,0.58172801
20/04/2015 16:00,0.43025507,0.564023235
20/04/2015 17:00,0.471442105,0.557897853
20/04/2015 18:00,0.506783657,0.546577861
20/04/2015 19:00,0.53486253,0.516263787
20/04/2015 20:00,0.550050062,0.482246693
20/04/2015 21:00,0.556070644,0.45763759
20/04/2015 22:00,0.534601782,0.480217952
20/04/2015 23:00,0.524393337,0.45902951
21/04/2015 00:00,0.502680165,0.456355871
21/04/2015 01:00,0.478071466,0.460096517
21/04/2015 02:00,0.447140155,0.466997634
21/04/2015 03:00,0.422087938,0.469482566
21/04/2015 04:00,0.386197239,0.4666705
21/04/2015 05:00,0.30509287,0.493893389
21/04/2015 06:00,0.293236213,0.558760368
21/04/2015 07:00,0.322361906,0.606264777
21/04/2015 08:00,0.338210029,0.620040567
21/04/2015 09:00,0.346317567,0.620277756
21/04/2015 10:00,0.363159534,0.589962281
21/04/2015 11:00,0.379357113,0.602341423
21/04/2015 12:00,0.385238718,0.606236554
21/04/2015 13:00,0.380654638,0.607034183
21/04/2015 14:00,0.376242342,0.60044605
21/04/2015 15:00,0.379206735,0.575686646
21/04/2015 16:00,0.398106432,0.521081917
21/04/2015 17:00,0.43431961,0.485749861
21/04/2015 18:00,0.470140952,0.443193706
21/04/2015 19:00,0.491672574,0.400934386
21/04/2015 20:00,0.503016287,0.356275444
21/04/2015 21:00,0.50283231,0.322675914
21/04/2015 22:00,0.465353821,0.293647948
21/04/2015 23:00,0.457588982,0.273630034
22/04/2015 00:00,0.45040998,0.267679549
22/04/2015 01:00,0.443429624,0.251823071
22/04/2015 02:00,0.448762373,0.240782476
22/04/2015 03:00,0.461587375,0.227091768
22/04/2015 04:00,0.467540414,0.215196283
22/04/2015 05:00,0.40742537,0.202009334
22/04/2015 06:00,0.446512039,0.209600005
22/04/2015 07:00,0.513711713,0.22100867
22/04/2015 08:00,0.570930852,0.231786204
22/04/2015 09:00,0.617783867,0.242859893
22/04/2015 10:00,0.621696329,0.267004295
22/04/2015 11:00,0.660114304,0.287998258
22/04/2015 12:00,0.676912267,0.317642545
22/04/2015 13:00,0.690291339,0.338953295
22/04/2015 14:00,0.695019549,0.367161341
22/04/2015 15:00,0.6822468,0.356002418
22/04/2015 16:00,0.673756749,0.320489242
22/04/2015 17:00,0.666207501,0.284995527
22/04/2015 18:00,0.665740154,0.24194586
22/04/2015 19:00,0.657245735,0.204098876
22/04/2015 20:00,0.650199987,0.176324461
22/04/2015 21:00,0.645378515,0.159880741
22/04/2015 22:00,0.633292956,0.163718845
22/04/2015 23:00,0.618981803,0.154986024
23/04/2015 00:00,0.600006621,0.150152294
23/04/2015 01:00,0.580285452,0.141910256
23/04/2015 02:00,0.552758545,0.137782469
23/04/2015 03:00,0.516255396,0.135839648
23/04/2015 04:00,0.456596654,0.127893727
23/04/2015 05:00,0.365739235,0.11227548
23/04/2015 06:00,0.377296231,0.163722225
23/04/2015 07:00,0.375238405,0.198283695
23/04/2015 08:00,0.358409437,0.213228223
23/04/2015 09:00,0.342031176,0.234921006
23/04/2015 10:00,0.326664873,0.269092592
23/04/2015 11:00,0.336520502,0.294299128
23/04/2015 12:00,0.34030594,0.306657772
23/04/2015 13:00,0.340994816,0.311693148
23/04/2015 14:00,0.344188031,0.30958648
23/04/2015 15:00,0.352751416,0.276135334
23/04/2015 16:00,0.380215264,0.24465338
23/04/2015 17:00,0.421011587,0.214189899
23/04/2015 18:00,0.461818249,0.177424056
23/04/2015 19:00,0.492390004,0.141627285
23/04/2015 20:00,0.511701194,0.105795936
23/04/2015 21:00,0.519881517,0.077649052
23/04/2015 22:00,0.501965648,0.06989391
23/04/2015 23:00,0.493009316,0.054581119
24/04/2015 00:00,0.48244736,0.047723734
24/04/2015 01:00,0.470280512,0.045148331
24/04/2015 02:00,0.458726047,0.04093125
24/04/2015 03:00,0.447765827,0.037590725
24/04/2015 04:00,0.421244477,0.036888073
24/04/2015 05:00,0.379539437,0.036538022
24/04/2015 06:00,0.391713299,0.037955738
24/04/2015 07:00,0.414176265,0.052923421
24/04/2015 08:00,0.417083602,0.067788633
24/04/2015 09:00,0.412476041,0.074975269
24/04/2015 10:00,0.412360253,0.088062752
24/04/2015 11:00,0.41691403,0.096472204
24/04/2015 12:00,0.427798574,0.108488342
24/04/2015 13:00,0.455436087,0.124054874
24/04/2015 14:00,0.486036703,0.13899653
24/04/2015 15:00,0.49360284,0.146873343
24/04/2015 16:00,0.495900719,0.165931893
24/04/2015 17:00,0.488674828,0.155240419
24/04/2015 18:00,0.47249952,0.126090454
24/04/2015 19:00,0.470948264,0.096790547
24/04/2015 20:00,0.486801938,0.072038703
24/04/2015 21:00,0.51959646,0.056998963
24/04/2015 22:00,0.567438414,0.049655681
24/04/2015 23:00,0.556820548,0.044681928
25/04/2015 00:00,0.528346902,0.042225452
25/04/2015 01:00,0.504114851,0.041917815
25/04/2015 02:00,0.483175771,0.042577057
25/04/2015 03:00,0.469204182,0.045110171
25/04/2015 04:00,0.440918442,0.050773255
25/04/2015 05:00,0.394643707,0.053165091
25/04/2015 06:00,0.422702192,0.046784943
25/04/2015 07:00,0.445332141,0.05207342
25/04/2015 08:00,0.444426174,0.071020843
25/04/2015 09:00,0.440402473,0.082216237
25/04/2015 10:00,0.393262287,0.082748774
25/04/2015 11:00,0.420003306,0.094387341
25/04/2015 12:00,0.448088014,0.110791214
25/04/2015 13:00,0.474929884,0.128711646
25/04/2015 14:00,0.499340795,0.154611372
25/04/2015 15:00,0.507038089,0.176336334
25/04/2015 16:00,0.526161157,0.1971118
25/04/2015 17:00,0.562751039,0.189284449
25/04/2015 18:00,0.587133681,0.159844234
25/04/2015 19:00,0.580498264,0.132708339
25/04/2015 20:00,0.552352729,0.107706827
25/04/2015 21:00,0.527876703,0.086370486
25/04/2015 22:00,0.4910076,0.074040682
25/04/2015 23:00,0.480427354,0.063043693
26/04/2015 00:00,0.456461731,0.061500116
26/04/2015 01:00,0.433556302,0.06360219
26/04/2015 02:00,0.415823779,0.065587771
26/04/2015 03:00,0.396180053,0.06616832
26/04/2015 04:00,0.359752818,0.06808334
26/04/2015 05:00,0.291662601,0.075183206
26/04/2015 06:00,0.34024169,0.063288301
26/04/2015 07:00,0.404246219,0.094567373
26/04/2015 08:00,0.463350722,0.133708188
26/04/2015 09:00,0.514327239,0.146327022
26/04/2015 10:00,0.545634168,0.157858714
26/04/2015 11:00,0.584920241,0.171523903
26/04/2015 12:00,0.6006618,0.191838212
26/04/2015 13:00,0.589232218,0.204634173
26/04/2015 14:00,0.575101116,0.208021017
26/04/2015 15:00,0.57005074,0.195890089
26/04/2015 16:00,0.599965383,0.174952032
26/04/2015 17:00,0.620595807,0.150998148
26/04/2015 18:00,0.609081757,0.128510496
26/04/2015 19:00,0.590056092,0.110469171
26/04/2015 20:00,0.587091574,0.092000131
26/04/2015 21:00,0.588550888,0.079982776
26/04/2015 22:00,0.612890595,0.057533446
26/04/2015 23:00,0.599749646,0.055459672
27/04/2015 00:00,0.593015353,0.054841148
27/04/2015 01:00,0.589277287,0.051837871
27/04/2015 02:00,0.583030634,0.049210827
27/04/2015 03:00,0.56554129,0.048230367
27/04/2015 04:00,0.516019668,0.050898793
27/04/2015 05:00,0.430625535,0.052518682
27/04/2015 06:00,0.435074717,0.051880551
27/04/2015 07:00,0.444749942,0.081280665
27/04/2015 08:00,0.469833008,0.116958307
27/04/2015 09:00,0.501043806,0.147576336
27/04/2015 10:00,0.468989344,0.191660629
27/04/2015 11:00,0.490899552,0.231395352
27/04/2015 12:00,0.504412399,0.272527731
27/04/2015 13:00,0.503931899,0.307961937
27/04/2015 14:00,0.491137929,0.32548653
27/04/2015 15:00,0.47201119,0.322791989
27/04/2015 16:00,0.464714453,0.318014467
27/04/2015 17:00,0.463388239,0.312942334
27/04/2015 18:00,0.457994733,0.306169698
27/04/2015 19:00,0.443919251,0.303455928
27/04/2015 20:00,0.426192092,0.290394305
27/04/2015 21:00,0.407433556,0.28044075
27/04/2015 22:00,0.426616322,0.290465773
27/04/2015 23:00,0.411390673,0.285665358
28/04/2015 00:00,0.397535509,0.287351365
28/04/2015 01:00,0.380670879,0.281882578
28/04/2015 02:00,0.365962126,0.280707979
28/04/2015 03:00,0.343253145,0.287172749
28/04/2015 04:00,0.313798839,0.29144481
28/04/2015 05:00,0.229512437,0.268807663
28/04/2015 06:00,0.223413092,0.308560272
28/04/2015 07:00,0.233281726,0.378410659
28/04/2015 08:00,0.247364981,0.414587759
28/04/2015 09:00,0.27133939,0.430536948
28/04/2015 10:00,0.336779004,0.403388024
28/04/2015 11:00,0.377838224,0.418023787
28/04/2015 12:00,0.411124141,0.431519132
28/04/2015 13:00,0.435556053,0.444844704
28/04/2015 14:00,0.452318308,0.447681379
28/04/2015 15:00,0.458660429,0.431121105
28/04/2015 16:00,0.473137466,0.387466668
28/04/2015 17:00,0.47920819,0.372955062
28/04/2015 18:00,0.475316486,0.345965431
28/04/2015 19:00,0.466338469,0.303490694
28/04/2015 20:00,0.452732507,0.258710304
28/04/2015 21:00,0.448330043,0.219877648
28/04/2015 22:00,0.431111147,0.190622528
28/04/2015 23:00,0.415790415,0.16235789
29/04/2015 00:00,0.406433228,0.148614544
29/04/2015 01:00,0.402325366,0.141663959
29/04/2015 02:00,0.394436277,0.140166578
29/04/2015 03:00,0.381545419,0.141116622
29/04/2015 04:00,0.348438965,0.144780257
29/04/2015 05:00,0.286739445,0.125876157
29/04/2015 06:00,0.271986383,0.115916086
29/04/2015 07:00,0.273363423,0.121679853
29/04/2015 08:00,0.242878904,0.132107176
29/04/2015 09:00,0.216943863,0.143394853
29/04/2015 10:00,0.211707652,0.134448835
29/04/2015 11:00,0.215081377,0.160430816
29/04/2015 12:00,0.231026053,0.189032397
29/04/2015 13:00,0.246924603,0.214506078
29/04/2015 14:00,0.265259216,0.23812252
29/04/2015 15:00,0.287632758,0.250306421
29/04/2015 16:00,0.317656622,0.239925815
29/04/2015 17:00,0.357977706,0.228769051
29/04/2015 18:00,0.393315573,0.205168475
29/04/2015 19:00,0.415902536,0.175422496
29/04/2015 20:00,0.423390284,0.136906149
29/04/2015 21:00,0.408102948,0.107110503
29/04/2015 22:00,0.39744687,0.095389461
29/04/2015 23:00,0.367662813,0.085594622
30/04/2015 00:00,0.347009438,0.079427373
30/04/2015 01:00,0.322918192,0.076558415
30/04/2015 02:00,0.297268779,0.069219045
30/04/2015 03:00,0.273898607,0.062995857
30/04/2015 04:00,0.239524963,0.063751722
30/04/2015 05:00,0.186644097,0.056923256
30/04/2015 06:00,0.181993409,0.055978487
30/04/2015 07:00,0.186744095,0.061331612
30/04/2015 08:00,0.179986723,0.067167536
30/04/2015 09:00,0.172832785,0.079313294
30/04/2015 10:00,0.193791132,0.099971407
30/04/2015 11:00,0.199986607,0.125732661
30/04/2015 12:00,0.214657619,0.151824082
30/04/2015 13:00,0.227663357,0.175383629
30/04/2015 14:00,0.248798363,0.191442387
30/04/2015 15:00,0.283864761,0.197200643
30/04/2015 16:00,0.33813515,0.187171429
30/04/2015 17:00,0.412054736,0.184677394
30/04/2015 18:00,0.473546886,0.160240981
30/04/2015 19:00,0.521673972,0.135558523
30/04/2015 20:00,0.544811426,0.111057207
30/04/2015 21:00,0.552450714,0.096716474
30/04/2015 22:00,0.573202071,0.075178822
30/04/2015 23:00,0.555263974,0.074028044
01/05/2015 00:00,0.527845592,0.079107109
01/05/2015 01:00,0.504500751,0.086102609
01/05/2015 02:00,0.485115954,0.09496395
01/05/2015 03:00,0.463562269,0.103230858
01/05/2015 04:00,0.419976148,0.114354181
01/05/2015 05:00,0.342196385,0.101752838
01/05/2015 06:00,0.371179772,0.10168299
01/05/2015 07:00,0.404639483,0.119883714
01/05/2015 08:00,0.421878685,0.133155531
01/05/2015 09:00,0.429420955,0.149279843
01/05/2015 10:00,0.419747227,0.139737737
01/05/2015 11:00,0.429225751,0.15587488
01/05/2015 12:00,0.439006966,0.172296559
01/05/2015 13:00,0.452091703,0.194210644
01/05/2015 14:00,0.48599993,0.217586187
01/05/2015 15:00,0.532412456,0.212766513
01/05/2015 16:00,0.576333559,0.199392228
01/05/2015 17:00,0.597243417,0.200556612
01/05/2015 18:00,0.617239849,0.192538137
01/05/2015 19:00,0.618336289,0.169633864
01/05/2015 20:00,0.612808872,0.154308317
01/05/2015 21:00,0.585024064,0.145078535
01/05/2015 22:00,0.545145811,0.135635111
01/05/2015 23:00,0.497425503,0.123448125
02/05/2015 00:00,0.452928459,0.116072174
02/05/2015 01:00,0.418042063,0.112211464
02/05/2015 02:00,0.387597111,0.109711391
02/05/2015 03:00,0.363954263,0.106519751
02/05/2015 04:00,0.32654562,0.105675112
02/05/2015 05:00,0.244340788,0.088215066
02/05/2015 06:00,0.258243504,0.089159905
02/05/2015 07:00,0.289730187,0.109870684
02/05/2015 08:00,0.305294871,0.124367221
02/05/2015 09:00,0.310302876,0.129059444
02/05/2015 10:00,0.317907002,0.133138438
02/05/2015 11:00,0.315267714,0.150016409
02/05/2015 12:00,0.316029916,0.166651287
02/05/2015 13:00,0.339556878,0.187821798
02/05/2015 14:00,0.380823684,0.186810716
02/05/2015 15:00,0.420160584,0.160382817
02/05/2015 16:00,0.438704731,0.118165068
02/05/2015 17:00,0.450476682,0.106024813
02/05/2015 18:00,0.452143774,0.100521808
02/05/2015 19:00,0.448239087,0.098312941
02/05/2015 20:00,0.42211173,0.087839402
02/05/2015 21:00,0.386534317,0.072833859
02/05/2015 22:00,0.326399576,0.071059171
02/05/2015 23:00,0.314927759,0.064568342
03/05/2015 00:00,0.314301206,0.064097161
03/05/2015 01:00,0.315524663,0.061523524
03/05/2015 02:00,0.32333312,0.061971882
03/05/2015 03:00,0.333601722,0.066330406
03/05/2015 04:00,0.32750756,0.077960077
03/05/2015 05:00,0.255810281,0.078046844
03/05/2015 06:00,0.259325482,0.059632265
03/05/2015 07:00,0.282683682,0.070421206
03/05/2015 08:00,0.264709896,0.091413022
03/05/2015 09:00,0.232224426,0.102900361
03/05/2015 10:00,0.217860096,0.087426073
03/05/2015 11:00,0.203656947,0.098009796
03/05/2015 12:00,0.199530136,0.110128807
03/05/2015 13:00,0.201603886,0.116699573
03/05/2015 14:00,0.210690383,0.127949958
03/05/2015 15:00,0.229840796,0.131979953
03/05/2015 16:00,0.275535813,0.129589296
03/05/2015 17:00,0.336330269,0.12478312
03/05/2015 18:00,0.388496493,0.115009939
03/05/2015 19:00,0.428828796,0.102930902
03/05/2015 20:00,0.456689464,0.084832364
03/05/2015 21:00,0.466752104,0.074151346
03/05/2015 22:00,0.442966994,0.061032473
03/05/2015 23:00,0.423717959,0.057288277
04/05/2015 00:00,0.408084896,0.055469113
04/05/2015 01:00,0.394719552,0.05835298
04/05/2015 02:00,0.379807243,0.061091888
04/05/2015 03:00,0.364815343,0.067076021
04/05/2015 04:00,0.33847385,0.074995581
04/05/2015 05:00,0.253846705,0.073991937
04/05/2015 06:00,0.273518679,0.058070727
04/05/2015 07:00,0.306115131,0.061143153
04/05/2015 08:00,0.289417195,0.075257786
04/05/2015 09:00,0.242322288,0.090880693
04/05/2015 10:00,0.226025062,0.107815872
04/05/2015 11:00,0.212958196,0.137109998
04/05/2015 12:00,0.211211357,0.146628234
04/05/2015 13:00,0.218571292,0.164753674
04/05/2015 14:00,0.235061477,0.185684332
04/05/2015 15:00,0.279089161,0.197294408
04/05/2015 16:00,0.342901335,0.192535228
04/05/2015 17:00,0.405306812,0.184928863
04/05/2015 18:00,0.454581086,0.175678663
04/05/2015 19:00,0.487602829,0.148118729
04/05/2015 20:00,0.498319517,0.125444043
04/05/2015 21:00,0.500941117,0.111638617
04/05/2015 22:00,0.47036706,0.085161195
04/05/2015 23:00,0.445427733,0.09185424
05/05/2015 00:00,0.417728158,0.099407328
05/05/2015 01:00,0.382439729,0.110715715
05/05/2015 02:00,0.356394608,0.117474487
05/05/2015 03:00,0.335003843,0.122606196
05/05/2015 04:00,0.305996759,0.132428419
05/05/2015 05:00,0.220447981,0.117559699
05/05/2015 06:00,0.231181873,0.10842544
05/05/2015 07:00,0.267864823,0.119031073
05/05/2015 08:00,0.272520155,0.130529655
05/05/2015 09:00,0.242669032,0.144554427
05/05/2015 10:00,0.248522187,0.142756459
05/05/2015 11:00,0.239522723,0.161653117
05/05/2015 12:00,0.242286896,0.195138337
05/05/2015 13:00,0.25272178,0.23544326
05/05/2015 14:00,0.273653753,0.237215905
05/05/2015 15:00,0.306365832,0.191052774
05/05/2015 16:00,0.363582668,0.148941763
05/05/2015 17:00,0.418764209,0.127794304
05/05/2015 18:00,0.455165477,0.115172463
05/05/2015 19:00,0.468486803,0.103203281
05/05/2015 20:00,0.458300603,0.092764563
05/05/2015 21:00,0.434898721,0.092990282
05/05/2015 22:00,0.387393329,0.087158877
05/05/2015 23:00,0.366212176,0.078278746
06/05/2015 00:00,0.352239518,0.067451345
06/05/2015 01:00,0.34330816,0.064096118
06/05/2015 02:00,0.332567255,0.061762422
06/05/2015 03:00,0.324701964,0.060563299
06/05/2015 04:00,0.305787496,0.06541957
06/05/2015 05:00,0.22327587,0.06243277
06/05/2015 06:00,0.231962135,0.100395083
06/05/2015 07:00,0.281004762,0.145994737
06/05/2015 08:00,0.285894879,0.179859839
06/05/2015 09:00,0.242949896,0.217901927
06/05/2015 10:00,0.235478436,0.23257738
06/05/2015 11:00,0.199727127,0.268330027
06/05/2015 12:00,0.180860036,0.290994804
06/05/2015 13:00,0.183205174,0.300344337
06/05/2015 14:00,0.200212911,0.29218795
06/05/2015 15:00,0.241366423,0.255608353
06/05/2015 16:00,0.314630307,0.200296798
06/05/2015 17:00,0.388752826,0.153441379
06/05/2015 18:00,0.449254066,0.125656836
06/05/2015 19:00,0.482178261,0.102801542
06/05/2015 20:00,0.497733511,0.086781846
06/05/2015 21:00,0.488192169,0.070845283
06/05/2015 22:00,0.453283071,0.087052027
06/05/2015 23:00,0.435610909,0.075313459
07/05/2015 00:00,0.420102523,0.067658634
07/05/2015 01:00,0.412638643,0.064748948
07/05/2015 02:00,0.407329237,0.064108076
07/05/2015 03:00,0.407449679,0.063183359
07/05/2015 04:00,0.39130256,0.076539172
07/05/2015 05:00,0.312131878,0.073286213
07/05/2015 06:00,0.335235753,0.096670804
07/05/2015 07:00,0.404445046,0.15054212
07/05/2015 08:00,0.454455265,0.188988594
07/05/2015 09:00,0.463656489,0.205228954
07/05/2015 10:00,0.462875835,0.227660265
07/05/2015 11:00,0.445116985,0.229864383
07/05/2015 12:00,0.43583486,0.232241865
07/05/2015 13:00,0.438973293,0.240823166
07/05/2015 14:00,0.450672317,0.239758398
07/05/2015 15:00,0.474990143,0.201930225
07/05/2015 16:00,0.52258144,0.183119381
07/05/2015 17:00,0.561799416,0.182238467
07/05/2015 18:00,0.581631262,0.180961509
07/05/2015 19:00,0.586220112,0.165410581
07/05/2015 20:00,0.568423462,0.165353621
07/05/2015 21:00,0.541694619,0.161484505
07/05/2015 22:00,0.469681701,0.201056283
07/05/2015 23:00,0.438279462,0.181972549
08/05/2015 00:00,0.406136086,0.153248556
08/05/2015 01:00,0.382914763,0.144122332
08/05/2015 02:00,0.367195989,0.144503756
08/05/2015 03:00,0.370936032,0.137723193
08/05/2015 04:00,0.35705325,0.124459153
08/05/2015 05:00,0.284806121,0.106895681
08/05/2015 06:00,0.298594895,0.124444469
08/05/2015 07:00,0.371675858,0.153981527
08/05/2015 08:00,0.443187173,0.180614578
08/05/2015 09:00,0.467254977,0.206935501
08/05/2015 10:00,0.504950867,0.210638859
08/05/2015 11:00,0.516343143,0.228307534
08/05/2015 12:00,0.52532148,0.239542956
08/05/2015 13:00,0.529479976,0.241975279
08/05/2015 14:00,0.549539369,0.23726639
08/05/2015 15:00,0.560828385,0.213625964
08/05/2015 16:00,0.573568949,0.192049643
08/05/2015 17:00,0.596836793,0.168265633
08/05/2015 18:00,0.603421163,0.143655437
08/05/2015 19:00,0.609022464,0.119229105
08/05/2015 20:00,0.604283326,0.108699551
08/05/2015 21:00,0.582990616,0.105219174
08/05/2015 22:00,0.542805659,0.106278223
08/05/2015 23:00,0.538531904,0.105395899
09/05/2015 00:00,0.538517615,0.10949782
09/05/2015 01:00,0.526633631,0.110184872
09/05/2015 02:00,0.503417908,0.107958309
09/05/2015 03:00,0.486001297,0.106005873
09/05/2015 04:00,0.43399514,0.104431477
09/05/2015 05:00,0.35899834,0.103170547
09/05/2015 06:00,0.359121224,0.121577579
09/05/2015 07:00,0.353679066,0.145726449
09/05/2015 08:00,0.332809441,0.17169916
09/05/2015 09:00,0.328929619,0.197561639
09/05/2015 10:00,0.376762068,0.197022521
09/05/2015 11:00,0.427996561,0.238161906
09/05/2015 12:00,0.468376645,0.250221599
09/05/2015 13:00,0.488335662,0.245779834
09/05/2015 14:00,0.495363064,0.233499599
09/05/2015 15:00,0.50267328,0.201861276
09/05/2015 16:00,0.498192239,0.146688539
09/05/2015 17:00,0.490513729,0.112324986
09/05/2015 18:00,0.48874356,0.086585824
09/05/2015 19:00,0.486775107,0.080435319
09/05/2015 20:00,0.493181175,0.082713199
09/05/2015 21:00,0.503386429,0.081361653
09/05/2015 22:00,0.509076497,0.083199449
09/05/2015 23:00,0.515385217,0.086937581
10/05/2015 00:00,0.510787927,0.081944555
10/05/2015 01:00,0.506602253,0.081395126
10/05/2015 02:00,0.501900109,0.081828081
10/05/2015 03:00,0.489393109,0.077471099
10/05/2015 04:00,0.446969471,0.07728613
10/05/2015 05:00,0.384397981,0.072363738
10/05/2015 06:00,0.384165904,0.082549473
10/05/2015 07:00,0.403389827,0.106281899
10/05/2015 08:00,0.423008037,0.139365254
10/05/2015 09:00,0.449506753,0.172909483
10/05/2015 10:00,0.436176898,0.177265335
10/05/2015 11:00,0.431677145,0.210231243
10/05/2015 12:00,0.422599734,0.219670675
10/05/2015 13:00,0.42439452,0.213463315
10/05/2015 14:00,0.41351404,0.193028007
10/05/2015 15:00,0.38738704,0.151515048
10/05/2015 16:00,0.358544015,0.09902633
10/05/2015 17:00,0.356985659,0.072786979
10/05/2015 18:00,0.369390075,0.067309384
10/05/2015 19:00,0.380182178,0.060853501
10/05/2015 20:00,0.394987968,0.057899309
10/05/2015 21:00,0.417194564,0.05972218
10/05/2015 22:00,0.422949496,0.08121863
10/05/2015 23:00,0.440676456,0.072961331
11/05/2015 00:00,0.451881807,0.071400607
11/05/2015 01:00,0.459915195,0.070589637
11/05/2015 02:00,0.469148798,0.073907504
11/05/2015 03:00,0.478556849,0.082512068
11/05/2015 04:00,0.475079601,0.082702758
11/05/2015 05:00,0.413510549,0.070809959
11/05/2015 06:00,0.447361443,0.075274536
11/05/2015 07:00,0.524148755,0.100112073
11/05/2015 08:00,0.545156653,0.117178996
11/05/2015 09:00,0.530327403,0.14122911
11/05/2015 10:00,0.515056091,0.164437648
11/05/2015 11:00,0.517724253,0.203864088
11/05/2015 12:00,0.527189737,0.24297802
11/05/2015 13:00,0.542243201,0.262546221
11/05/2015 14:00,0.564771274,0.273019811
11/05/2015 15:00,0.592622909,0.24640366
11/05/2015 16:00,0.628063748,0.219021189
11/05/2015 17:00,0.662184546,0.202524778
11/05/2015 18:00,0.68292154,0.18827079
11/05/2015 19:00,0.691964401,0.176000192
11/05/2015 20:00,0.690483454,0.174114478
11/05/2015 21:00,0.683025641,0.178139628
11/05/2015 22:00,0.673340551,0.186444553
11/05/2015 23:00,0.660771486,0.174599825
12/05/2015 00:00,0.643496627,0.174026049
12/05/2015 01:00,0.626103458,0.172143009
12/05/2015 02:00,0.615370074,0.173767666
12/05/2015 03:00,0.605786853,0.184291808
12/05/2015 04:00,0.580147179,0.186794319
12/05/2015 05:00,0.500602286,0.20145304
12/05/2015 06:00,0.535314256,0.218376829
12/05/2015 07:00,0.60082157,0.229442664
12/05/2015 08:00,0.635214103,0.248047409
12/05/2015 09:00,0.642630826,0.269838076
12/05/2015 10:00,0.664520354,0.245509096
12/05/2015 11:00,0.674365907,0.287490536
12/05/2015 12:00,0.680318174,0.327747392
12/05/2015 13:00,0.680562679,0.353811517
12/05/2015 14:00,0.673448951,0.372081046
12/05/2015 15:00,0.643136642,0.371389979
12/05/2015 16:00,0.618154421,0.342938232
12/05/2015 17:00,0.61539986,0.317956595
12/05/2015 18:00,0.625733025,0.283260444
12/05/2015 19:00,0.638816282,0.244653697
12/05/2015 20:00,0.637243367,0.210676297
12/05/2015 21:00,0.631614502,0.184258759
12/05/2015 22:00,0.631946464,0.154177097
12/05/2015 23:00,0.623344545,0.126012726
13/05/2015 00:00,0.617629272,0.104561803
13/05/2015 01:00,0.610731929,0.091084089
13/05/2015 02:00,0.601166423,0.084686145
13/05/2015 03:00,0.579866871,0.081471081
13/05/2015 04:00,0.511456272,0.081361543
13/05/2015 05:00,0.395314444,0.063938244
13/05/2015 06:00,0.380936559,0.063756719
13/05/2015 07:00,0.357239353,0.071535837
13/05/2015 08:00,0.354158548,0.085785958
13/05/2015 09:00,0.366063153,0.099967502
13/05/2015 10:00,0.4237634,0.07406897
13/05/2015 11:00,0.449397763,0.088154847
13/05/2015 12:00,0.471695434,0.108627469
13/05/2015 13:00,0.478146202,0.126858548
13/05/2015 14:00,0.481508451,0.144901295
13/05/2015 15:00,0.472269359,0.151251922
13/05/2015 16:00,0.453830797,0.153884762
13/05/2015 17:00,0.458779075,0.157303808
13/05/2015 18:00,0.468521357,0.138940516
13/05/2015 19:00,0.483617984,0.108428912
13/05/2015 20:00,0.495849986,0.080145829
13/05/2015 21:00,0.50557979,0.060765076
13/05/2015 22:00,0.526966097,0.04962016
13/05/2015 23:00,0.520455461,0.042022419
14/05/2015 00:00,0.504094127,0.037907698
14/05/2015 01:00,0.469845021,0.036189099
14/05/2015 02:00,0.436341436,0.035121715
14/05/2015 03:00,0.400721684,0.036026024
14/05/2015 04:00,0.342405064,0.039506049
14/05/2015 05:00,0.261284963,0.036198749
14/05/2015 06:00,0.281811651,0.03305655
14/05/2015 07:00,0.273867846,0.047895947
14/05/2015 08:00,0.234662121,0.067401339
14/05/2015 09:00,0.208185103,0.091344256
14/05/2015 10:00,0.192712135,0.101754824
14/05/2015 11:00,0.197353964,0.134614928
14/05/2015 12:00,0.206192353,0.168441464
14/05/2015 13:00,0.222247123,0.199738619
14/05/2015 14:00,0.240747695,0.215444023
14/05/2015 15:00,0.281399867,0.21842645
14/05/2015 16:00,0.356785215,0.203875989
14/05/2015 17:00,0.432196106,0.191462375
14/05/2015 18:00,0.487956084,0.158754397
14/05/2015 19:00,0.520096706,0.123393536
14/05/2015 20:00,0.530308655,0.095901209
14/05/2015 21:00,0.529220688,0.078165955
14/05/2015 22:00,0.506159679,0.072637506
14/05/2015 23:00,0.500761703,0.067029695
15/05/2015 00:00,0.495935443,0.066597385
15/05/2015 01:00,0.492793562,0.067385844
15/05/2015 02:00,0.47839095,0.073011168
15/05/2015 03:00,0.461750939,0.08016706
15/05/2015 04:00,0.408938926,0.086131234
15/05/2015 05:00,0.343790207,0.072194567
15/05/2015 06:00,0.382166506,0.087387254
15/05/2015 07:00,0.40246482,0.111560179
15/05/2015 08:00,0.367900111,0.123618032
15/05/2015 09:00,0.313452278,0.130019974
15/05/2015 10:00,0.28278412,0.106230773
15/05/2015 11:00,0.26128058,0.134920747
15/05/2015 12:00,0.26009228,0.177850016
15/05/2015 13:00,0.272131835,0.214015642
15/05/2015 14:00,0.285899663,0.231419354
15/05/2015 15:00,0.325882503,0.226153908
15/05/2015 16:00,0.399771076,0.209044827
15/05/2015 17:00,0.50376561,0.195562284
15/05/2015 18:00,0.582615502,0.165451066
15/05/2015 19:00,0.639175048,0.137964786
15/05/2015 20:00,0.669427337,0.114180758
15/05/2015 21:00,0.679231716,0.093423719
15/05/2015 22:00,0.650876531,0.091493782
15/05/2015 23:00,0.619994874,0.084398085
16/05/2015 00:00,0.589454097,0.084422621
16/05/2015 01:00,0.55575319,0.084456594
16/05/2015 02:00,0.533503306,0.088109035
16/05/2015 03:00,0.521903485,0.09325839
16/05/2015 04:00,0.479510986,0.100339796
16/05/2015 05:00,0.444230726,0.093467776
16/05/2015 06:00,0.488644499,0.082566356
16/05/2015 07:00,0.493612155,0.098860094
16/05/2015 08:00,0.454787149,0.122220454
16/05/2015 09:00,0.402693658,0.145455411
16/05/2015 10:00,0.401871934,0.163679446
16/05/2015 11:00,0.3704281,0.177694831
16/05/2015 12:00,0.357887024,0.198622775
16/05/2015 13:00,0.359672166,0.203930098
16/05/2015 14:00,0.371987598,0.198227481
16/05/2015 15:00,0.401671691,0.182794413
16/05/2015 16:00,0.461772171,0.16549028
16/05/2015 17:00,0.550771932,0.139649077
16/05/2015 18:00,0.618978321,0.111878233
16/05/2015 19:00,0.660127853,0.095177283
16/05/2015 20:00,0.669957247,0.085495743
16/05/2015 21:00,0.65735638,0.076248682
16/05/2015 22:00,0.639618933,0.071930489
16/05/2015 23:00,0.601665454,0.068480722
17/05/2015 00:00,0.568296607,0.062543695
17/05/2015 01:00,0.539725208,0.062392916
17/05/2015 02:00,0.510323719,0.061637037
17/05/2015 03:00,0.486350513,0.061198887
17/05/2015 04:00,0.434660861,0.065395842
17/05/2015 05:00,0.405234703,0.070561643
17/05/2015 06:00,0.455551963,0.05845171
17/05/2015 07:00,0.483643502,0.06658381
17/05/2015 08:00,0.473557566,0.078038877
17/05/2015 09:00,0.435340217,0.089462748
17/05/2015 10:00,0.433984143,0.10406136
17/05/2015 11:00,0.387974882,0.128011257
17/05/2015 12:00,0.35600515,0.138890808
17/05/2015 13:00,0.338713617,0.14386065
17/05/2015 14:00,0.344063992,0.151021969
17/05/2015 15:00,0.37624672,0.144374042
17/05/2015 16:00,0.422146145,0.128595138
17/05/2015 17:00,0.485793332,0.104697101
17/05/2015 18:00,0.527431291,0.078417081
17/05/2015 19:00,0.553519251,0.056344662
17/05/2015 20:00,0.566383012,0.045320884
17/05/2015 21:00,0.564587426,0.040532316
17/05/2015 22:00,0.538600113,0.050468105
17/05/2015 23:00,0.526739895,0.047771835
18/05/2015 00:00,0.512018568,0.041410749
18/05/2015 01:00,0.496642635,0.036415193
18/05/2015 02:00,0.482202251,0.04019547
18/05/2015 03:00,0.467931164,0.043704462
18/05/2015 04:00,0.427967951,0.043962352
18/05/2015 05:00,0.38420173,0.048546706
18/05/2015 06:00,0.436918405,0.031486938
18/05/2015 07:00,0.471690513,0.028053012
18/05/2015 08:00,0.459915313,0.041441789
18/05/2015 09:00,0.415946003,0.078689003
18/05/2015 10:00,0.386605373,0.102114095
18/05/2015 11:00,0.342384395,0.141708784
18/05/2015 12:00,0.316549034,0.168377
18/05/2015 13:00,0.31992351,0.180876978
18/05/2015 14:00,0.342243136,0.194143592
18/05/2015 15:00,0.385008565,0.180666561
18/05/2015 16:00,0.428059407,0.161153348
18/05/2015 17:00,0.481645743,0.134087491
18/05/2015 18:00,0.517391139,0.094612766
18/05/2015 19:00,0.520751248,0.067565477
18/05/2015 20:00,0.524379293,0.049142514
18/05/2015 21:00,0.525005108,0.038033908
18/05/2015 22:00,0.505435822,0.037417153
18/05/2015 23:00,0.509185779,0.035986514
19/05/2015 00:00,0.507746712,0.034680873
19/05/2015 01:00,0.493167976,0.034935808
19/05/2015 02:00,0.476782624,0.035249592
19/05/2015 03:00,0.455028069,0.034348937
19/05/2015 04:00,0.401993313,0.03811158
19/05/2015 05:00,0.338825026,0.041752985
19/05/2015 06:00,0.358137683,0.0304999
19/05/2015 07:00,0.375875667,0.03946538
19/05/2015 08:00,0.378891677,0.069499236
19/05/2015 09:00,0.359923821,0.106316018
19/05/2015 10:00,0.314719818,0.129263036
19/05/2015 11:00,0.279824245,0.159627312
19/05/2015 12:00,0.25121874,0.184852742
19/05/2015 13:00,0.243361939,0.192903223
19/05/2015 14:00,0.250546113,0.1920052
19/05/2015 15:00,0.286678372,0.174508069
19/05/2015 16:00,0.345413034,0.147847751
19/05/2015 17:00,0.412659993,0.142976065
19/05/2015 18:00,0.460125374,0.138366217
19/05/2015 19:00,0.482350266,0.134343845
19/05/2015 20:00,0.490625049,0.124477314
19/05/2015 21:00,0.489888921,0.108917546
19/05/2015 22:00,0.479960515,0.111997955
19/05/2015 23:00,0.464269169,0.108025986
20/05/2015 00:00,0.452557386,0.105486819
20/05/2015 01:00,0.438004363,0.100834636
20/05/2015 02:00,0.427843865,0.096646369
20/05/2015 03:00,0.417128672,0.09634479
20/05/2015 04:00,0.387712209,0.099021366
20/05/2015 05:00,0.319943289,0.08984995
20/05/2015 06:00,0.345862321,0.082229101
20/05/2015 07:00,0.387430255,0.084193202
20/05/2015 08:00,0.38506378,0.099892016
20/05/2015 09:00,0.343062036,0.13611437
20/05/2015 10:00,0.303285984,0.206161082
20/05/2015 11:00,0.249657535,0.242701484
20/05/2015 12:00,0.218182385,0.272146648
20/05/2015 13:00,0.204708087,0.298939211
20/05/2015 14:00,0.207177916,0.295770339
20/05/2015 15:00,0.227019697,0.263781285
20/05/2015 16:00,0.266888656,0.2384879
20/05/2015 17:00,0.327863025,0.216654484
20/05/2015 18:00,0.385592194,0.190738722
20/05/2015 19:00,0.433890632,0.155253479
20/05/2015 20:00,0.456452197,0.121758343
20/05/2015 21:00,0.449451811,0.101131786
20/05/2015 22:00,0.440558949,0.099292074
20/05/2015 23:00,0.42368625,0.094800126
21/05/2015 00:00,0.405885168,0.094755903
21/05/2015 01:00,0.389437588,0.099579404
21/05/2015 02:00,0.373141304,0.104592647
21/05/2015 03:00,0.356282484,0.107462852
21/05/2015 04:00,0.324963324,0.107451371
21/05/2015 05:00,0.228291004,0.097501005
21/05/2015 06:00,0.227367072,0.101993735
21/05/2015 07:00,0.248140188,0.120556793
21/05/2015 08:00,0.226074474,0.144797009
21/05/2015 09:00,0.180310751,0.175874517
21/05/2015 10:00,0.146337158,0.205231984
21/05/2015 11:00,0.136409224,0.246134656
21/05/2015 12:00,0.159085772,0.275108929
21/05/2015 13:00,0.197152004,0.293139499
21/05/2015 14:00,0.242324498,0.30669976
21/05/2015 15:00,0.296006049,0.294784172
21/05/2015 16:00,0.353522221,0.258295219
21/05/2015 17:00,0.400184118,0.236071562
21/05/2015 18:00,0.427409648,0.212063286
21/05/2015 19:00,0.442782534,0.193258086
21/05/2015 20:00,0.448320924,0.174321591
21/05/2015 21:00,0.438534862,0.165191531
21/05/2015 22:00,0.430539547,0.144613414
21/05/2015 23:00,0.39927661,0.145052947
22/05/2015 00:00,0.370078866,0.140495481
22/05/2015 01:00,0.345923646,0.139569944
22/05/2015 02:00,0.328013731,0.143298295
22/05/2015 03:00,0.309917035,0.141332238
22/05/2015 04:00,0.281531339,0.136968835
22/05/2015 05:00,0.19570974,0.124770738
22/05/2015 06:00,0.17657959,0.117648208
22/05/2015 07:00,0.169919431,0.130973364
22/05/2015 08:00,0.151044343,0.148969879
22/05/2015 09:00,0.140173284,0.180414058
22/05/2015 10:00,0.162405835,0.20438917
22/05/2015 11:00,0.195661338,0.22801353
22/05/2015 12:00,0.239547637,0.247902006
22/05/2015 13:00,0.284833685,0.265624468
22/05/2015 14:00,0.327510953,0.26470375
22/05/2015 15:00,0.372361428,0.251618134
22/05/2015 16:00,0.421839395,0.216521082
22/05/2015 17:00,0.455515665,0.19006544
22/05/2015 18:00,0.479008936,0.162243254
22/05/2015 19:00,0.48786514,0.136168522
22/05/2015 20:00,0.491982436,0.111045272
22/05/2015 21:00,0.485980716,0.096281405
22/05/2015 22:00,0.471761373,0.085742538
22/05/2015 23:00,0.453838318,0.088456149
23/05/2015 00:00,0.447700615,0.093628552
23/05/2015 01:00,0.437662812,0.093463716
23/05/2015 02:00,0.419675988,0.093445851
23/05/2015 03:00,0.390457507,0.100025509
23/05/2015 04:00,0.342431342,0.105963408
23/05/2015 05:00,0.262345682,0.093844828
23/05/2015 06:00,0.271557441,0.09710686
23/05/2015 07:00,0.297575825,0.099824229
23/05/2015 08:00,0.294165188,0.096218953
23/05/2015 09:00,0.284923453,0.101252857
23/05/2015 10:00,0.292394051,0.099683927
23/05/2015 11:00,0.323354511,0.125976586
23/05/2015 12:00,0.371093412,0.165466654
23/05/2015 13:00,0.427213389,0.201469747
23/05/2015 14:00,0.477252635,0.237630257
23/05/2015 15:00,0.510818433,0.255138127
23/05/2015 16:00,0.526100691,0.241365875
23/05/2015 17:00,0.539561461,0.231746071
23/05/2015 18:00,0.553144798,0.205986507
23/05/2015 19:00,0.555409771,0.167583774
23/05/2015 20:00,0.548275415,0.129573692
23/05/2015 21:00,0.522208555,0.10330824
23/05/2015 22:00,0.476374035,0.092233511
23/05/2015 23:00,0.444863031,0.08907688
24/05/2015 00:00,0.429222508,0.085989148
24/05/2015 01:00,0.415020961,0.084551213
24/05/2015 02:00,0.402354976,0.084713887
24/05/2015 03:00,0.382579657,0.081098509
24/05/2015 04:00,0.344942286,0.074486785
24/05/2015 05:00,0.251570455,0.064052196
24/05/2015 06:00,0.238287766,0.073237668
24/05/2015 07:00,0.224044072,0.101608207
24/05/2015 08:00,0.217098975,0.131615801
24/05/2015 09:00,0.255422083,0.161776961
24/05/2015 10:00,0.285334777,0.12920367
24/05/2015 11:00,0.321225455,0.165252939
24/05/2015 12:00,0.349401939,0.221666524
24/05/2015 13:00,0.37749331,0.270847192
24/05/2015 14:00,0.39296774,0.283497923
24/05/2015 15:00,0.407533275,0.259647976
24/05/2015 16:00,0.410092545,0.237743628
24/05/2015 17:00,0.427173658,0.217509461
24/05/2015 18:00,0.446890004,0.186692878
24/05/2015 19:00,0.459870357,0.156913944
24/05/2015 20:00,0.460420881,0.132887275
24/05/2015 21:00,0.448694946,0.11921736
24/05/2015 22:00,0.418380067,0.113260099
24/05/2015 23:00,0.400827406,0.101187744
25/05/2015 00:00,0.394136697,0.094919703
25/05/2015 01:00,0.395260289,0.093569546
25/05/2015 02:00,0.393186217,0.091757625
25/05/2015 03:00,0.387680981,0.093833813
25/05/2015 04:00,0.352798432,0.102680221
25/05/2015 05:00,0.25096016,0.096975748
25/05/2015 06:00,0.244651735,0.119973751
25/05/2015 07:00,0.241160228,0.159260222
25/05/2015 08:00,0.196894247,0.19939767
25/05/2015 09:00,0.16769105,0.23211222
25/05/2015 10:00,0.169019457,0.236424081
25/05/2015 11:00,0.197763286,0.273283736
25/05/2015 12:00,0.235450775,0.312280661
25/05/2015 13:00,0.284309316,0.339649029
25/05/2015 14:00,0.329942881,0.34282181
25/05/2015 15:00,0.368420371,0.330804949
25/05/2015 16:00,0.414043423,0.296462848
25/05/2015 17:00,0.453278024,0.286324003
25/05/2015 18:00,0.487983629,0.264195716
25/05/2015 19:00,0.508221903,0.235064458
25/05/2015 20:00,0.51351403,0.210182494
25/05/2015 21:00,0.496144421,0.194724469
25/05/2015 22:00,0.467116786,0.16450968
25/05/2015 23:00,0.436217091,0.164801494
26/05/2015 00:00,0.412862478,0.157492822
26/05/2015 01:00,0.384950296,0.158430759
26/05/2015 02:00,0.358491732,0.160690004
26/05/2015 03:00,0.337091025,0.163481799
26/05/2015 04:00,0.307935937,0.164600806
26/05/2015 05:00,0.245583532,0.157637334
26/05/2015 06:00,0.256794278,0.199569226
26/05/2015 07:00,0.278278778,0.254983599
26/05/2015 08:00,0.257329303,0.295291918
26/05/2015 09:00,0.246628797,0.333324819
26/05/2015 10:00,0.277452067,0.350853673
26/05/2015 11:00,0.298701443,0.386138448
26/05/2015 12:00,0.321537659,0.398920446
26/05/2015 13:00,0.348284277,0.400211573
26/05/2015 14:00,0.370648729,0.378200418
26/05/2015 15:00,0.390885994,0.337542367
26/05/2015 16:00,0.423565191,0.27570159
26/05/2015 17:00,0.472740095,0.24257284
26/05/2015 18:00,0.516775453,0.22170027
26/05/2015 19:00,0.533682983,0.205631907
26/05/2015 20:00,0.531360422,0.190356127
26/05/2015 21:00,0.514870684,0.178093533
26/05/2015 22:00,0.518478854,0.18072103
26/05/2015 23:00,0.487959569,0.173146056
27/05/2015 00:00,0.464429805,0.173625412
27/05/2015 01:00,0.442212596,0.17370886
27/05/2015 02:00,0.428396071,0.167185132
27/05/2015 03:00,0.418662363,0.16453579
27/05/2015 04:00,0.390536975,0.170572938
27/05/2015 05:00,0.307992357,0.157540321
27/05/2015 06:00,0.326642816,0.197983135
27/05/2015 07:00,0.354354496,0.259863842
27/05/2015 08:00,0.368485628,0.307704847
27/05/2015 09:00,0.371154092,0.33744318
27/05/2015 10:00,0.403257869,0.331747102
27/05/2015 11:00,0.405247017,0.352177339
27/05/2015 12:00,0.412654274,0.367701448
27/05/2015 13:00,0.422736106,0.352734314
27/05/2015 14:00,0.438136384,0.33695965
27/05/2015 15:00,0.449909781,0.315348272
27/05/2015 16:00,0.477018635,0.298947668
27/05/2015 17:00,0.515828598,0.315360482
27/05/2015 18:00,0.539223684,0.315823241
27/05/2015 19:00,0.538463018,0.298850143
27/05/2015 20:00,0.517858706,0.270931421
27/05/2015 21:00,0.486360475,0.242686446
27/05/2015 22:00,0.430667896,0.234538078
27/05/2015 23:00,0.401031417,0.213960909
28/05/2015 00:00,0.384784126,0.202085337
28/05/2015 01:00,0.37000736,0.19752367
28/05/2015 02:00,0.357781782,0.186074833
28/05/2015 03:00,0.343928067,0.18218336
28/05/2015 04:00,0.32795115,0.181657199
28/05/2015 05:00,0.270874885,0.173322818
28/05/2015 06:00,0.292507876,0.196679537
28/05/2015 07:00,0.328551112,0.254337535
28/05/2015 08:00,0.351379767,0.295925817
28/05/2015 09:00,0.364348856,0.323677302
28/05/2015 10:00,0.39372579,0.277272947
28/05/2015 11:00,0.412043945,0.320154528
28/05/2015 12:00,0.429821404,0.355328551
28/05/2015 13:00,0.437799232,0.374856043
28/05/2015 14:00,0.443038299,0.389137689
28/05/2015 15:00,0.443655586,0.368193461
28/05/2015 16:00,0.438774463,0.349620985
28/05/2015 17:00,0.455927913,0.341946935
28/05/2015 18:00,0.462055678,0.318976006
28/05/2015 19:00,0.45926228,0.275449451
28/05/2015 20:00,0.444433071,0.23377908
28/05/2015 21:00,0.426170789,0.210225846
28/05/2015 22:00,0.40524126,0.213262407
28/05/2015 23:00,0.377922575,0.206333741
29/05/2015 00:00,0.350760995,0.199893481
29/05/2015 01:00,0.318165758,0.192434121
29/05/2015 02:00,0.297423719,0.185127419
29/05/2015 03:00,0.282944994,0.18001807
29/05/2015 04:00,0.259971452,0.167008585
29/05/2015 05:00,0.231981302,0.149826544
29/05/2015 06:00,0.244158662,0.158728405
29/05/2015 07:00,0.249595077,0.173069015
29/05/2015 08:00,0.242664563,0.19112075
29/05/2015 09:00,0.256734337,0.216290083
29/05/2015 10:00,0.296378175,0.234789633
29/05/2015 11:00,0.333394979,0.263633342
29/05/2015 12:00,0.374550478,0.297078956
29/05/2015 13:00,0.402498959,0.316676347
29/05/2015 14:00,0.430473084,0.330610289
29/05/2015 15:00,0.448730783,0.318315545
29/05/2015 16:00,0.452923721,0.273182109
29/05/2015 17:00,0.473221621,0.231388359
29/05/2015 18:00,0.487655133,0.215238635
29/05/2015 19:00,0.483038162,0.192930808
29/05/2015 20:00,0.466096767,0.16853076
29/05/2015 21:00,0.444684211,0.156914232
29/05/2015 22:00,0.432852227,0.141864202
29/05/2015 23:00,0.398266355,0.13665697
30/05/2015 00:00,0.373174028,0.138079416
30/05/2015 01:00,0.353785693,0.134612533
30/05/2015 02:00,0.335033324,0.138315119
30/05/2015 03:00,0.317398511,0.146010616
30/05/2015 04:00,0.278842925,0.14380508
30/05/2015 05:00,0.215359194,0.135180339
30/05/2015 06:00,0.225252812,0.152123925
30/05/2015 07:00,0.220049836,0.177444544
30/05/2015 08:00,0.198952002,0.205270131
30/05/2015 09:00,0.200247358,0.235599291
30/05/2015 10:00,0.23405602,0.231342503
30/05/2015 11:00,0.271378187,0.269916876
30/05/2015 12:00,0.304298544,0.300978632
30/05/2015 13:00,0.333592359,0.323863389
30/05/2015 14:00,0.358442611,0.328231106
30/05/2015 15:00,0.378239285,0.292950783
30/05/2015 16:00,0.398434309,0.246445907
30/05/2015 17:00,0.427909744,0.23398423
30/05/2015 18:00,0.45041236,0.229708689
30/05/2015 19:00,0.461085463,0.210484235
30/05/2015 20:00,0.465081856,0.185684551
30/05/2015 21:00,0.46496516,0.161750273
30/05/2015 22:00,0.45885261,0.180604395
30/05/2015 23:00,0.451328889,0.174863928
31/05/2015 00:00,0.441532499,0.167064215
31/05/2015 01:00,0.42722819,0.16689387
31/05/2015 02:00,0.406330518,0.168566829
31/05/2015 03:00,0.371530927,0.166354047
31/05/2015 04:00,0.312084363,0.153540564
31/05/2015 05:00,0.235313912,0.139850214
31/05/2015 06:00,0.244111043,0.136345344
31/05/2015 07:00,0.232312016,0.142899279
31/05/2015 08:00,0.197992872,0.152736878
31/05/2015 09:00,0.180454855,0.17533407
31/05/2015 10:00,0.17510562,0.158845618
31/05/2015 11:00,0.194093547,0.204531148
31/05/2015 12:00,0.214276975,0.246799381
31/05/2015 13:00,0.237664093,0.280260792
31/05/2015 14:00,0.262006359,0.296757163
31/05/2015 15:00,0.291176364,0.302082501
31/05/2015 16:00,0.332395898,0.269529376
31/05/2015 17:00,0.381541637,0.246270658
31/05/2015 18:00,0.42002951,0.21721633
31/05/2015 19:00,0.449957559,0.183009469
31/05/2015 20:00,0.466115304,0.155816377
31/05/2015 21:00,0.480219502,0.140455921
31/05/2015 22:00,0.495138679,0.131140693
31/05/2015 23:00,0.497445901,0.130466935
01/06/2015 00:00,0.489016362,0.128878492
01/06/2015 01:00,0.471790004,0.120980694
01/06/2015 02:00,0.451835933,0.110120351
01/06/2015 03:00,0.418572982,0.107866987
01/06/2015 04:00,0.348752987,0.098353999
01/06/2015 05:00,0.253625493,0.085943849
01/06/2015 06:00,0.264546171,0.100715596
01/06/2015 07:00,0.248127471,0.134435391
01/06/2015 08:00,0.20910369,0.177484174
01/06/2015 09:00,0.178735407,0.221798943
01/06/2015 10:00,0.146072795,0.230319052
01/06/2015 11:00,0.160555956,0.28248837
01/06/2015 12:00,0.182909262,0.334721716
01/06/2015 13:00,0.207616987,0.378316712
01/06/2015 14:00,0.234903665,0.393740368
01/06/2015 15:00,0.273410516,0.379948836
01/06/2015 16:00,0.327759865,0.341538338
01/06/2015 17:00,0.39396103,0.318435748
01/06/2015 18:00,0.442675072,0.307553753
01/06/2015 19:00,0.478751154,0.300618851
01/06/2015 20:00,0.498480411,0.286429804
01/06/2015 21:00,0.50517466,0.273342009
01/06/2015 22:00,0.485028285,0.263286018
01/06/2015 23:00,0.483027556,0.26144844
02/06/2015 00:00,0.47882233,0.261303857
02/06/2015 01:00,0.459933465,0.255241378
02/06/2015 02:00,0.443686305,0.245574863
02/06/2015 03:00,0.414781048,0.251680061
02/06/2015 04:00,0.361772121,0.240073521
02/06/2015 05:00,0.264243447,0.238962008
02/06/2015 06:00,0.269956039,0.279258472
02/06/2015 07:00,0.265364165,0.310750655
02/06/2015 08:00,0.222606776,0.328525939
02/06/2015 09:00,0.191592145,0.331459243
02/06/2015 10:00,0.170644477,0.296849345
02/06/2015 11:00,0.194450769,0.287866252
02/06/2015 12:00,0.22389793,0.293159881
02/06/2015 13:00,0.25290143,0.310589023
02/06/2015 14:00,0.280069035,0.332245591
02/06/2015 15:00,0.309214095,0.334123529
02/06/2015 16:00,0.362947175,0.310930115
02/06/2015 17:00,0.420096372,0.313130256
02/06/2015 18:00,0.46906303,0.292026238
02/06/2015 19:00,0.504489455,0.263617173
02/06/2015 20:00,0.527972275,0.222602746
02/06/2015 21:00,0.541477646,0.185922786
02/06/2015 22:00,0.528209384,0.152900226
02/06/2015 23:00,0.522357843,0.128749531
03/06/2015 00:00,0.518580421,0.116134282
03/06/2015 01:00,0.508896269,0.107863646
03/06/2015 02:00,0.496565823,0.10157591
03/06/2015 03:00,0.470880669,0.10043546
03/06/2015 04:00,0.405843817,0.090045633
03/06/2015 05:00,0.290075681,0.068958868
03/06/2015 06:00,0.273766535,0.062673135
03/06/2015 07:00,0.247692327,0.0680528
03/06/2015 08:00,0.209562142,0.075973921
03/06/2015 09:00,0.182236484,0.095442744
03/06/2015 10:00,0.16947113,0.108958598
03/06/2015 11:00,0.181927626,0.129015868
03/06/2015 12:00,0.20711969,0.148173564
03/06/2015 13:00,0.232883563,0.163941183
03/06/2015 14:00,0.25876454,0.177719786
03/06/2015 15:00,0.288318202,0.186784052
03/06/2015 16:00,0.343247713,0.182961701
03/06/2015 17:00,0.403092238,0.186138987
03/06/2015 18:00,0.437137328,0.161683898
03/06/2015 19:00,0.456057188,0.13216964
03/06/2015 20:00,0.458504282,0.110349446
03/06/2015 21:00,0.454585958,0.089427598
03/06/2015 22:00,0.41421261,0.073218218
03/06/2015 23:00,0.404295091,0.070209476
04/06/2015 00:00,0.39364235,0.064338415
04/06/2015 01:00,0.382809295,0.056425923
04/06/2015 02:00,0.370379798,0.05141989
04/06/2015 03:00,0.351396721,0.05098537
04/06/2015 04:00,0.307439515,0.050648815
04/06/2015 05:00,0.210873458,0.039009037
04/06/2015 06:00,0.189195951,0.035105874
04/06/2015 07:00,0.168760953,0.042941016
04/06/2015 08:00,0.149120449,0.056982276
04/06/2015 09:00,0.144268993,0.081337271
04/06/2015 10:00,0.157973413,0.129129554
04/06/2015 11:00,0.195976496,0.161958811
04/06/2015 12:00,0.237186461,0.18364668
04/06/2015 13:00,0.280653284,0.195022939
04/06/2015 14:00,0.315547742,0.194168644
04/06/2015 15:00,0.349026434,0.18865109
04/06/2015 16:00,0.39459039,0.178272623
04/06/2015 17:00,0.446662557,0.171235715
04/06/2015 18:00,0.489161122,0.150345098
04/06/2015 19:00,0.514684372,0.123435675
04/06/2015 20:00,0.51941362,0.089473433
04/06/2015 21:00,0.512319917,0.070398229
04/06/2015 22:00,0.478384442,0.066450076
04/06/2015 23:00,0.470249414,0.058731527
05/06/2015 00:00,0.454283084,0.052367804
05/06/2015 01:00,0.434159252,0.049588234
05/06/2015 02:00,0.414057791,0.046559934
05/06/2015 03:00,0.393821397,0.043159781
05/06/2015 04:00,0.339084296,0.041633687
05/06/2015 05:00,0.241816489,0.029602428
05/06/2015 06:00,0.231423315,0.035629142
05/06/2015 07:00,0.215502086,0.06418444
05/06/2015 08:00,0.183562251,0.102881712
05/06/2015 09:00,0.16379507,0.150329942
05/06/2015 10:00,0.167959973,0.191050184
05/06/2015 11:00,0.188765057,0.244577933
05/06/2015 12:00,0.224111852,0.277477333
05/06/2015 13:00,0.255959768,0.286077381
05/06/2015 14:00,0.285470053,0.28998591
05/06/2015 15:00,0.305355605,0.260065511
05/06/2015 16:00,0.341285142,0.203485279
05/06/2015 17:00,0.396004598,0.150329279
05/06/2015 18:00,0.447664346,0.105420089
05/06/2015 19:00,0.479451666,0.075184193
05/06/2015 20:00,0.486550445,0.058591027
05/06/2015 21:00,0.477559542,0.045801686
05/06/2015 22:00,0.451678786,0.049218436
05/06/2015 23:00,0.427255643,0.046709446
06/06/2015 00:00,0.40758519,0.043644188
06/06/2015 01:00,0.386862824,0.039830918
06/06/2015 02:00,0.368246136,0.036426949
06/06/2015 03:00,0.339387927,0.03628736
06/06/2015 04:00,0.291626039,0.044884432
06/06/2015 05:00,0.210123819,0.035512372
06/06/2015 06:00,0.203576022,0.047929313
06/06/2015 07:00,0.215351885,0.085338247
06/06/2015 08:00,0.229418821,0.125876257
06/06/2015 09:00,0.257658664,0.164503113
06/06/2015 10:00,0.329447898,0.170461921
06/06/2015 11:00,0.38503911,0.211228048
06/06/2015 12:00,0.423321833,0.231815263
06/06/2015 13:00,0.452725216,0.235688302
06/06/2015 14:00,0.467890927,0.226030739
06/06/2015 15:00,0.47308948,0.191732461
06/06/2015 16:00,0.467703231,0.152839247
06/06/2015 17:00,0.486969866,0.126352643
06/06/2015 18:00,0.49387456,0.09896503
06/06/2015 19:00,0.496702104,0.077447163
06/06/2015 20:00,0.492603162,0.066692716
06/06/2015 21:00,0.490959503,0.060762237
06/06/2015 22:00,0.466837985,0.076886722
06/06/2015 23:00,0.470842254,0.077837473
07/06/2015 00:00,0.46816029,0.073731731
07/06/2015 01:00,0.452103195,0.067364308
07/06/2015 02:00,0.431410802,0.057309302
07/06/2015 03:00,0.404904761,0.052129718
07/06/2015 04:00,0.364345607,0.054625178
07/06/2015 05:00,0.293180057,0.045979015
07/06/2015 06:00,0.306513899,0.034816774
07/06/2015 07:00,0.337723542,0.041881228
07/06/2015 08:00,0.371534126,0.062186492
07/06/2015 09:00,0.404957045,0.095684108
07/06/2015 10:00,0.438115957,0.116476225
07/06/2015 11:00,0.454749646,0.161761186
07/06/2015 12:00,0.463225811,0.197367658
07/06/2015 13:00,0.468727543,0.227371534
07/06/2015 14:00,0.470476519,0.244645497
07/06/2015 15:00,0.460701933,0.235546138
07/06/2015 16:00,0.445679742,0.211105652
07/06/2015 17:00,0.457731921,0.184257446
07/06/2015 18:00,0.483749066,0.162738391
07/06/2015 19:00,0.505451009,0.132091091
07/06/2015 20:00,0.517485191,0.101292503
07/06/2015 21:00,0.522037774,0.082073164
07/06/2015 22:00,0.529572621,0.078870595
07/06/2015 23:00,0.51812047,0.079574264
08/06/2015 00:00,0.498896929,0.07939863
08/06/2015 01:00,0.486391343,0.077084943
08/06/2015 02:00,0.471562629,0.081438651
08/06/2015 03:00,0.456487542,0.088384103
08/06/2015 04:00,0.422940133,0.099259946
08/06/2015 05:00,0.352267323,0.085071139
08/06/2015 06:00,0.359935683,0.08955482
08/06/2015 07:00,0.399697167,0.107561288
08/06/2015 08:00,0.425638285,0.115526351
08/06/2015 09:00,0.426695622,0.123032239
08/06/2015 10:00,0.426772557,0.129310239
08/06/2015 11:00,0.418755854,0.185025426
08/06/2015 12:00,0.431442834,0.244814874
08/06/2015 13:00,0.447026685,0.28596184
08/06/2015 14:00,0.458282029,0.323721507
08/06/2015 15:00,0.452467211,0.335045786
08/06/2015 16:00,0.444868586,0.331394192
08/06/2015 17:00,0.455235203,0.32453088
08/06/2015 18:00,0.469884818,0.306596374
08/06/2015 19:00,0.479935714,0.262939302
08/06/2015 20:00,0.488712262,0.216721946
08/06/2015 21:00,0.4818348,0.184607327
08/06/2015 22:00,0.453692715,0.182085749
08/06/2015 23:00,0.43153368,0.156170826
09/06/2015 00:00,0.409915398,0.137109713
09/06/2015 01:00,0.391378755,0.126688743
09/06/2015 02:00,0.371573387,0.118340138
09/06/2015 03:00,0.350350114,0.116894425
09/06/2015 04:00,0.321450488,0.112777103
09/06/2015 05:00,0.25608344,0.092352922
09/06/2015 06:00,0.238429513,0.094531212
09/06/2015 07:00,0.248739422,0.119119182
09/06/2015 08:00,0.259792388,0.14510093
09/06/2015 09:00,0.292101518,0.168819651
09/06/2015 10:00,0.356552447,0.185344065
09/06/2015 11:00,0.423376897,0.214576109
09/06/2015 12:00,0.482807425,0.243003364
09/06/2015 13:00,0.5241493,0.261953247
09/06/2015 14:00,0.545563271,0.277631816
09/06/2015 15:00,0.525753265,0.275217468
09/06/2015 16:00,0.496372282,0.250648854
09/06/2015 17:00,0.475153747,0.231415884
09/06/2015 18:00,0.459663325,0.202036053
09/06/2015 19:00,0.451201649,0.177955672
09/06/2015 20:00,0.449333847,0.167456826
09/06/2015 21:00,0.460259108,0.153864396
09/06/2015 22:00,0.43059144,0.137499712
09/06/2015 23:00,0.469795813,0.122603007
10/06/2015 00:00,0.508398548,0.11576596
10/06/2015 01:00,0.543226662,0.112375597
10/06/2015 02:00,0.572125221,0.108856714
10/06/2015 03:00,0.584831235,0.11295055
10/06/2015 04:00,0.56975504,0.111529067
10/06/2015 05:00,0.464900109,0.094783593
10/06/2015 06:00,0.458218187,0.116632708
10/06/2015 07:00,0.452427859,0.152248407
10/06/2015 08:00,0.423835799,0.179161555
10/06/2015 09:00,0.400957944,0.20729594
10/06/2015 10:00,0.345325691,0.229104978
10/06/2015 11:00,0.393454065,0.287535922
10/06/2015 12:00,0.4530063,0.340221406
10/06/2015 13:00,0.498783746,0.381456495
10/06/2015 14:00,0.522674324,0.392363279
10/06/2015 15:00,0.522403492,0.397642382
10/06/2015 16:00,0.520690092,0.375547473
10/06/2015 17:00,0.525287525,0.349916601
10/06/2015 18:00,0.539463405,0.318902287
10/06/2015 19:00,0.552367505,0.28354163
10/06/2015 20:00,0.567675987,0.251678218
10/06/2015 21:00,0.574469171,0.228963643
10/06/2015 22:00,0.534590228,0.210953291
10/06/2015 23:00,0.538020654,0.194485646
11/06/2015 00:00,0.532737939,0.185708529
11/06/2015 01:00,0.523349297,0.18435381
11/06/2015 02:00,0.503391938,0.186367702
11/06/2015 03:00,0.480245209,0.190925748
11/06/2015 04:00,0.435417708,0.187817021
11/06/2015 05:00,0.318612347,0.183388961
11/06/2015 06:00,0.316927417,0.204880546
11/06/2015 07:00,0.333400284,0.229585369
11/06/2015 08:00,0.33356492,0.257321151
11/06/2015 09:00,0.342949688,0.282431844
11/06/2015 10:00,0.363787429,0.268395532
11/06/2015 11:00,0.408856358,0.302250398
11/06/2015 12:00,0.468899424,0.334343965
11/06/2015 13:00,0.520680272,0.361281158
11/06/2015 14:00,0.558864457,0.393772846
11/06/2015 15:00,0.56007442,0.424123227
11/06/2015 16:00,0.527176166,0.413332867
11/06/2015 17:00,0.510828109,0.395842975
11/06/2015 18:00,0.493846958,0.374857677
11/06/2015 19:00,0.482340185,0.364312372
11/06/2015 20:00,0.467687527,0.344649317
11/06/2015 21:00,0.453633375,0.315532323
11/06/2015 22:00,0.445432824,0.275038546
11/06/2015 23:00,0.432095088,0.258843561
12/06/2015 00:00,0.425908035,0.240107137
12/06/2015 01:00,0.415142576,0.233091206
12/06/2015 02:00,0.404357685,0.21909991
12/06/2015 03:00,0.387137825,0.216228337
12/06/2015 04:00,0.358817905,0.201481968
12/06/2015 05:00,0.279610332,0.193734193
12/06/2015 06:00,0.292534121,0.206715859
12/06/2015 07:00,0.322624478,0.237987189
12/06/2015 08:00,0.350619472,0.262758156
12/06/2015 09:00,0.394895653,0.284078206
12/06/2015 10:00,0.409159653,0.280598507
12/06/2015 11:00,0.472681009,0.284182465
12/06/2015 12:00,0.524614165,0.308719702
12/06/2015 13:00,0.554990692,0.339190296
12/06/2015 14:00,0.567273902,0.36371214
12/06/2015 15:00,0.544296127,0.375260006
12/06/2015 16:00,0.510974762,0.371573528
12/06/2015 17:00,0.500192113,0.362691601
12/06/2015 18:00,0.50168478,0.333419309
12/06/2015 19:00,0.501070369,0.290257688
12/06/2015 20:00,0.495227422,0.237746285
12/06/2015 21:00,0.491385539,0.190636431
12/06/2015 22:00,0.486524006,0.14106137
12/06/2015 23:00,0.470961303,0.116733992
13/06/2015 00:00,0.458431877,0.107619335
13/06/2015 01:00,0.445227032,0.107124002
13/06/2015 02:00,0.429902285,0.11023219
13/06/2015 03:00,0.417670861,0.105150482
13/06/2015 04:00,0.389850729,0.09506183
13/06/2015 05:00,0.320430747,0.070689322
13/06/2015 06:00,0.349923865,0.070260029
13/06/2015 07:00,0.402079728,0.087678995
13/06/2015 08:00,0.437794268,0.10770217
13/06/2015 09:00,0.465634379,0.122169381
13/06/2015 10:00,0.442006624,0.142792685
13/06/2015 11:00,0.474617617,0.153431485
13/06/2015 12:00,0.496269029,0.174282582
13/06/2015 13:00,0.514963497,0.183569507
13/06/2015 14:00,0.521884995,0.198473141
13/06/2015 15:00,0.522751662,0.206524476
13/06/2015 16:00,0.512400456,0.200915242
13/06/2015 17:00,0.501332738,0.195352013
13/06/2015 18:00,0.486644324,0.175610847
13/06/2015 19:00,0.461728574,0.136669284
13/06/2015 20:00,0.447746613,0.096525088
13/06/2015 21:00,0.439427385,0.071580898
13/06/2015 22:00,0.475615849,0.075743183
13/06/2015 23:00,0.466888774,0.070293925
14/06/2015 00:00,0.456048785,0.070962201
14/06/2015 01:00,0.439871826,0.062592509
14/06/2015 02:00,0.425068598,0.052993282
14/06/2015 03:00,0.411561873,0.051060821
14/06/2015 04:00,0.393742645,0.056946852
14/06/2015 05:00,0.328310507,0.044676815
14/06/2015 06:00,0.364906448,0.0538603
14/06/2015 07:00,0.397610888,0.081889416
14/06/2015 08:00,0.403511019,0.105576056
14/06/2015 09:00,0.423318956,0.127969196
14/06/2015 10:00,0.426187928,0.139696093
14/06/2015 11:00,0.444496715,0.175778519
14/06/2015 12:00,0.456366892,0.200010226
14/06/2015 13:00,0.461209984,0.214724131
14/06/2015 14:00,0.463893748,0.219876867
14/06/2015 15:00,0.462194691,0.219943875
14/06/2015 16:00,0.471765398,0.222734344
14/06/2015 17:00,0.48841416,0.223219607
14/06/2015 18:00,0.495451041,0.212563685
14/06/2015 19:00,0.494872551,0.188639581
14/06/2015 20:00,0.48851867,0.167644715
14/06/2015 21:00,0.481681781,0.145304108
14/06/2015 22:00,0.494129532,0.128926416
14/06/2015 23:00,0.484321171,0.114114577
15/06/2015 00:00,0.477045611,0.105911677
15/06/2015 01:00,0.463821552,0.105665421
15/06/2015 02:00,0.456111902,0.105325679
15/06/2015 03:00,0.439769766,0.10749935
15/06/2015 04:00,0.401657775,0.107020083
15/06/2015 05:00,0.307671866,0.092877608
15/06/2015 06:00,0.304724465,0.108842211
15/06/2015 07:00,0.32457567,0.140802982
15/06/2015 08:00,0.303571691,0.179260498
15/06/2015 09:00,0.276103551,0.211700374
15/06/2015 10:00,0.272908823,0.234513025
15/06/2015 11:00,0.274858704,0.270929936
15/06/2015 12:00,0.289519399,0.290154137
15/06/2015 13:00,0.304178869,0.301201236
15/06/2015 14:00,0.324777488,0.305560977
15/06/2015 15:00,0.34069833,0.281515938
15/06/2015 16:00,0.355722415,0.248403983
15/06/2015 17:00,0.374716104,0.210993223
15/06/2015 18:00,0.386236844,0.170904547
15/06/2015 19:00,0.39532772,0.136605994
15/06/2015 20:00,0.397995731,0.120173008
15/06/2015 21:00,0.405166417,0.106950139
15/06/2015 22:00,0.415764755,0.095746074
15/06/2015 23:00,0.42528515,0.110347954
16/06/2015 00:00,0.430123332,0.112055977
16/06/2015 01:00,0.432228775,0.093436258
16/06/2015 02:00,0.426918382,0.084231753
16/06/2015 03:00,0.408186749,0.076605011
16/06/2015 04:00,0.376670487,0.077808402
16/06/2015 05:00,0.279477775,0.064119173
16/06/2015 06:00,0.258279738,0.08200729
16/06/2015 07:00,0.295179791,0.146085558
16/06/2015 08:00,0.312851756,0.202995911
16/06/2015 09:00,0.323808968,0.241063961
16/06/2015 10:00,0.352328414,0.233437073
16/06/2015 11:00,0.3683849,0.27804388
16/06/2015 12:00,0.387026063,0.302570478
16/06/2015 13:00,0.410256156,0.309397835
16/06/2015 14:00,0.429592454,0.299462682
16/06/2015 15:00,0.431620446,0.266417923
16/06/2015 16:00,0.420910333,0.222648351
16/06/2015 17:00,0.420948085,0.17857211
16/06/2015 18:00,0.417395138,0.150833496
16/06/2015 19:00,0.414927494,0.140364988
16/06/2015 20:00,0.414208597,0.123057846
16/06/2015 21:00,0.411778906,0.092135099
16/06/2015 22:00,0.432217007,0.084171308
16/06/2015 23:00,0.418402275,0.076067336
17/06/2015 00:00,0.416696293,0.066678705
17/06/2015 01:00,0.415541692,0.060560665
17/06/2015 02:00,0.418111591,0.060203872
17/06/2015 03:00,0.416510264,0.064232502
17/06/2015 04:00,0.404554241,0.074226382
17/06/2015 05:00,0.334711686,0.069006997
17/06/2015 06:00,0.347650317,0.123514085
17/06/2015 07:00,0.412715111,0.18207137
17/06/2015 08:00,0.433040107,0.226475167
17/06/2015 09:00,0.424821179,0.257673223
17/06/2015 10:00,0.44385245,0.27938308
17/06/2015 11:00,0.469868592,0.336958861
17/06/2015 12:00,0.49796738,0.362546657
17/06/2015 13:00,0.519402722,0.365983998
17/06/2015 14:00,0.528533078,0.355368952
17/06/2015 15:00,0.507592706,0.313249349
17/06/2015 16:00,0.474944441,0.272253708
17/06/2015 17:00,0.469137638,0.243107763
17/06/2015 18:00,0.469067889,0.218697556
17/06/2015 19:00,0.472970228,0.190533284
17/06/2015 20:00,0.472122932,0.167836983
17/06/2015 21:00,0.465585366,0.146908202
17/06/2015 22:00,0.468071694,0.139401444
17/06/2015 23:00,0.465961122,0.115588455
18/06/2015 00:00,0.462872641,0.096398965
18/06/2015 01:00,0.45920187,0.083861056
18/06/2015 02:00,0.450971163,0.080200098
18/06/2015 03:00,0.438880083,0.075766454
18/06/2015 04:00,0.418880755,0.066953288
18/06/2015 05:00,0.340372668,0.059889599
18/06/2015 06:00,0.330254101,0.084282521
18/06/2015 07:00,0.373972956,0.108521394
18/06/2015 08:00,0.389922597,0.132929218
18/06/2015 09:00,0.40627163,0.162173036
18/06/2015 10:00,0.427860452,0.178235149
18/06/2015 11:00,0.442399031,0.203200623
18/06/2015 12:00,0.464416781,0.222807776
18/06/2015 13:00,0.476221976,0.237771722
18/06/2015 14:00,0.477566099,0.238374844
18/06/2015 15:00,0.449525892,0.223755457
18/06/2015 16:00,0.411899298,0.195180748
18/06/2015 17:00,0.403180194,0.173803829
18/06/2015 18:00,0.397708725,0.155310412
18/06/2015 19:00,0.397712098,0.141727999
18/06/2015 20:00,0.39769855,0.131409273
18/06/2015 21:00,0.391598423,0.126909743
18/06/2015 22:00,0.409812826,0.135813691
18/06/2015 23:00,0.399337212,0.131783062
19/06/2015 00:00,0.382385309,0.12562808
19/06/2015 01:00,0.363301602,0.1137664
19/06/2015 02:00,0.33620772,0.105595736
19/06/2015 03:00,0.317078711,0.095735457
19/06/2015 04:00,0.285473031,0.085349342
19/06/2015 05:00,0.220330918,0.078912871
19/06/2015 06:00,0.210468074,0.085943607
19/06/2015 07:00,0.252119924,0.092753057
19/06/2015 08:00,0.279488587,0.107356023
19/06/2015 09:00,0.305065419,0.130785562
19/06/2015 10:00,0.356290093,0.137495074
19/06/2015 11:00,0.392110784,0.167937084
19/06/2015 12:00,0.421530117,0.184198027
19/06/2015 13:00,0.445660539,0.2077511
19/06/2015 14:00,0.46388796,0.229682092
19/06/2015 15:00,0.456070094,0.243426405
19/06/2015 16:00,0.454809517,0.23585232
19/06/2015 17:00,0.473001816,0.22153704
19/06/2015 18:00,0.480675543,0.205876786
19/06/2015 19:00,0.492415377,0.186340439
19/06/2015 20:00,0.495318275,0.165325341
19/06/2015 21:00,0.495878868,0.147912364
19/06/2015 22:00,0.509878993,0.127035335
19/06/2015 23:00,0.506226124,0.116452972
20/06/2015 00:00,0.493844729,0.108353341
20/06/2015 01:00,0.471900461,0.104046958
20/06/2015 02:00,0.444917084,0.105065715
20/06/2015 03:00,0.414923512,0.107132684
20/06/2015 04:00,0.374842201,0.102869997
20/06/2015 05:00,0.286795676,0.095470643
20/06/2015 06:00,0.288120705,0.109509288
20/06/2015 07:00,0.33666063,0.129875336
20/06/2015 08:00,0.373344404,0.153075071
20/06/2015 09:00,0.395152511,0.178186816
20/06/2015 10:00,0.418341057,0.181160896
20/06/2015 11:00,0.434911339,0.200391008
20/06/2015 12:00,0.460234754,0.223334028
20/06/2015 13:00,0.491531974,0.243020862
20/06/2015 14:00,0.524570202,0.254370112
20/06/2015 15:00,0.540191406,0.254015415
20/06/2015 16:00,0.557790972,0.235812455
20/06/2015 17:00,0.583743006,0.224009518
20/06/2015 18:00,0.607817601,0.209807069
20/06/2015 19:00,0.627355151,0.190244369
20/06/2015 20:00,0.634428039,0.172753396
20/06/2015 21:00,0.630835615,0.153840757
20/06/2015 22:00,0.636051515,0.130947151
20/06/2015 23:00,0.625020368,0.118017613
21/06/2015 00:00,0.605376728,0.108846951
21/06/2015 01:00,0.579297965,0.105186355
21/06/2015 02:00,0.546657299,0.101169019
21/06/2015 03:00,0.516074738,0.098008794
21/06/2015 04:00,0.467280769,0.090413847
21/06/2015 05:00,0.379631836,0.075354117
21/06/2015 06:00,0.410234824,0.074184301
21/06/2015 07:00,0.461425706,0.079596953
21/06/2015 08:00,0.478957175,0.088767127
21/06/2015 09:00,0.478248414,0.107317042
21/06/2015 10:00,0.506818346,0.121986644
21/06/2015 11:00,0.51729913,0.147268327
21/06/2015 12:00,0.550406986,0.175870078
21/06/2015 13:00,0.585623954,0.192590517
21/06/2015 14:00,0.619613515,0.202353584
21/06/2015 15:00,0.629583077,0.20086798
21/06/2015 16:00,0.62848457,0.186411594
21/06/2015 17:00,0.634868854,0.162201694
21/06/2015 18:00,0.640964289,0.14438607
21/06/2015 19:00,0.646872004,0.127640755
21/06/2015 20:00,0.647783011,0.117593453
21/06/2015 21:00,0.650857708,0.112344803
21/06/2015 22:00,0.688748512,0.113960077
21/06/2015 23:00,0.670583344,0.111406153
22/06/2015 00:00,0.659169794,0.098441299
22/06/2015 01:00,0.638887866,0.094623284
22/06/2015 02:00,0.616847887,0.089437693
22/06/2015 03:00,0.598514664,0.090609349
22/06/2015 04:00,0.5481306,0.083881788
22/06/2015 05:00,0.440895815,0.080891783
22/06/2015 06:00,0.488287009,0.093221942
22/06/2015 07:00,0.553785651,0.101791583
22/06/2015 08:00,0.563148762,0.113002948
22/06/2015 09:00,0.546482679,0.139300141
22/06/2015 10:00,0.530078203,0.130734522
22/06/2015 11:00,0.50902201,0.179175556
22/06/2015 12:00,0.501570517,0.227576376
22/06/2015 13:00,0.504856407,0.269501329
22/06/2015 14:00,0.512214785,0.284450193
22/06/2015 15:00,0.505523904,0.279902927
22/06/2015 16:00,0.501491519,0.254501699
22/06/2015 17:00,0.514591728,0.225353677
22/06/2015 18:00,0.530437881,0.200216107
22/06/2015 19:00,0.539111382,0.175527453
22/06/2015 20:00,0.545775459,0.152783455
22/06/2015 21:00,0.5460501,0.137925052
22/06/2015 22:00,0.593550229,0.114109615
22/06/2015 23:00,0.579849976,0.10830996
23/06/2015 00:00,0.563422704,0.105564616
23/06/2015 01:00,0.556727454,0.100214566
23/06/2015 02:00,0.542686042,0.095833059
23/06/2015 03:00,0.52534634,0.09502255
23/06/2015 04:00,0.484659654,0.084630069
23/06/2015 05:00,0.36925959,0.077751771
23/06/2015 06:00,0.399002985,0.090849938
23/06/2015 07:00,0.469004118,0.102626627
23/06/2015 08:00,0.485185005,0.121204399
23/06/2015 09:00,0.465484642,0.154016131
23/06/2015 10:00,0.444553989,0.141501817
23/06/2015 11:00,0.434231398,0.188691823
23/06/2015 12:00,0.444628256,0.236674351
23/06/2015 13:00,0.451655935,0.275195361
23/06/2015 14:00,0.465236092,0.306459145
23/06/2015 15:00,0.458119512,0.318448328
23/06/2015 16:00,0.447901821,0.320632319
23/06/2015 17:00,0.449118208,0.324298405
23/06/2015 18:00,0.456935213,0.316378157
23/06/2015 19:00,0.462945354,0.301484739
23/06/2015 20:00,0.457102429,0.27269298
23/06/2015 21:00,0.446191643,0.246790514
23/06/2015 22:00,0.437180047,0.219765909
23/06/2015 23:00,0.419101012,0.210313209
24/06/2015 00:00,0.409452774,0.198205831
24/06/2015 01:00,0.397191368,0.197800385
24/06/2015 02:00,0.383439949,0.1922604
24/06/2015 03:00,0.3701545,0.19256274
24/06/2015 04:00,0.338951104,0.183615988
24/06/2015 05:00,0.247413878,0.176391183
24/06/2015 06:00,0.234071078,0.19035897
24/06/2015 07:00,0.275306069,0.19053164
24/06/2015 08:00,0.295199755,0.180548193
24/06/2015 09:00,0.290971532,0.184177912
24/06/2015 10:00,0.286522989,0.19557298
24/06/2015 11:00,0.289194697,0.194848131
24/06/2015 12:00,0.29962703,0.21068398
24/06/2015 13:00,0.311236527,0.235272507
24/06/2015 14:00,0.322616288,0.267073565
24/06/2015 15:00,0.316653327,0.303806358
24/06/2015 16:00,0.325982225,0.330650248
24/06/2015 17:00,0.351892267,0.355072546
24/06/2015 18:00,0.372242747,0.35663231
24/06/2015 19:00,0.3751716,0.33115738
24/06/2015 20:00,0.371355463,0.297275998
24/06/2015 21:00,0.358485017,0.262568217
24/06/2015 22:00,0.360980012,0.209374788
24/06/2015 23:00,0.344904507,0.200581175
25/06/2015 00:00,0.330586372,0.194770154
25/06/2015 01:00,0.320114495,0.195031423
25/06/2015 02:00,0.305632344,0.194074877
25/06/2015 03:00,0.292671291,0.192235754
25/06/2015 04:00,0.271748591,0.184064647
25/06/2015 05:00,0.206451261,0.182858549
25/06/2015 06:00,0.182399215,0.196347946
25/06/2015 07:00,0.204657131,0.214809209
25/06/2015 08:00,0.214963327,0.234139323
25/06/2015 09:00,0.216644308,0.247237764
25/06/2015 10:00,0.225530069,0.24071482
25/06/2015 11:00,0.239748664,0.254473267
25/06/2015 12:00,0.257371432,0.278082564
25/06/2015 13:00,0.278502821,0.304876215
25/06/2015 14:00,0.300696146,0.335414001
25/06/2015 15:00,0.314793884,0.365631565
25/06/2015 16:00,0.336568941,0.369754373
25/06/2015 17:00,0.372987643,0.355945529
25/06/2015 18:00,0.392318627,0.32916941
25/06/2015 19:00,0.396526676,0.289416883
25/06/2015 20:00,0.38774748,0.251853127
25/06/2015 21:00,0.373471524,0.218072054
25/06/2015 22:00,0.380530468,0.19789874
25/06/2015 23:00,0.372678514,0.182668324
26/06/2015 00:00,0.366860837,0.17189811
26/06/2015 01:00,0.354732928,0.15838972
26/06/2015 02:00,0.345061861,0.145301301
26/06/2015 03:00,0.335390775,0.136562234
26/06/2015 04:00,0.31685244,0.121198148
26/06/2015 05:00,0.25888201,0.11217811
26/06/2015 06:00,0.239682906,0.120549627
26/06/2015 07:00,0.262271485,0.132148414
26/06/2015 08:00,0.276449685,0.156167986
26/06/2015 09:00,0.283280302,0.184155944
26/06/2015 10:00,0.299964666,0.203689034
26/06/2015 11:00,0.326321953,0.22648407
26/06/2015 12:00,0.362113684,0.250104504
26/06/2015 13:00,0.386707688,0.271146174
26/06/2015 14:00,0.405947064,0.283055291
26/06/2015 15:00,0.405304524,0.279919493
26/06/2015 16:00,0.401780614,0.26069113
26/06/2015 17:00,0.41076175,0.241456806
26/06/2015 18:00,0.428470768,0.212831465
26/06/2015 19:00,0.443871596,0.174720154
26/06/2015 20:00,0.448928252,0.147881159
26/06/2015 21:00,0.443860998,0.127358613
26/06/2015 22:00,0.448100164,0.124282839
26/06/2015 23:00,0.44499453,0.105469841
27/06/2015 00:00,0.451651232,0.082873861
27/06/2015 01:00,0.46090453,0.067818574
27/06/2015 02:00,0.466784859,0.060158243
27/06/2015 03:00,0.469004365,0.05890731
27/06/2015 04:00,0.458249919,0.057459646
27/06/2015 05:00,0.380847797,0.048375386
27/06/2015 06:00,0.370316206,0.04560719
27/06/2015 07:00,0.394938446,0.062347655
27/06/2015 08:00,0.401601759,0.100824078
27/06/2015 09:00,0.4015662,0.162516145
27/06/2015 10:00,0.422880754,0.183123421
27/06/2015 11:00,0.451532972,0.221478412
27/06/2015 12:00,0.489018806,0.247288447
27/06/2015 13:00,0.521314314,0.270044351
27/06/2015 14:00,0.539060791,0.283061876
27/06/2015 15:00,0.531686224,0.284057063
27/06/2015 16:00,0.512545991,0.279489674
27/06/2015 17:00,0.504392271,0.269113354
27/06/2015 18:00,0.495449266,0.242160526
27/06/2015 19:00,0.489971527,0.213872194
27/06/2015 20:00,0.481970499,0.191897096
27/06/2015 21:00,0.476555576,0.169848927
27/06/2015 22:00,0.458226245,0.173953184
27/06/2015 23:00,0.449331459,0.155298417
28/06/2015 00:00,0.445057789,0.136535264
28/06/2015 01:00,0.434865142,0.129999315
28/06/2015 02:00,0.428034493,0.1273484
28/06/2015 03:00,0.417756945,0.125846388
28/06/2015 04:00,0.38621747,0.123745533
28/06/2015 05:00,0.294786896,0.098809657
28/06/2015 06:00,0.265185135,0.12689987
28/06/2015 07:00,0.289760742,0.187784168
28/06/2015 08:00,0.319091308,0.244409896
28/06/2015 09:00,0.341950093,0.298802205
28/06/2015 10:00,0.364731483,0.32975037
28/06/2015 11:00,0.382832146,0.377187672
28/06/2015 12:00,0.410021685,0.398356706
28/06/2015 13:00,0.437301464,0.417904201
28/06/2015 14:00,0.455142739,0.42104532
28/06/2015 15:00,0.446381015,0.417725666
28/06/2015 16:00,0.434966852,0.400926298
28/06/2015 17:00,0.438076658,0.375397035
28/06/2015 18:00,0.444695376,0.332410839
28/06/2015 19:00,0.452612582,0.286755426
28/06/2015 20:00,0.454961785,0.254115013
28/06/2015 21:00,0.457782652,0.229052641
28/06/2015 22:00,0.493179581,0.254402521
28/06/2015 23:00,0.491540799,0.220537036
29/06/2015 00:00,0.487570254,0.192858078
29/06/2015 01:00,0.467938893,0.172283026
29/06/2015 02:00,0.440463337,0.156061686
29/06/2015 03:00,0.413257021,0.139867001
29/06/2015 04:00,0.368693428,0.126878358
29/06/2015 05:00,0.286300448,0.117358791
29/06/2015 06:00,0.26081623,0.134657097
29/06/2015 07:00,0.299116283,0.16797294
29/06/2015 08:00,0.321366665,0.221799552
29/06/2015 09:00,0.308773554,0.299948479
29/06/2015 10:00,0.316124053,0.34288704
29/06/2015 11:00,0.316864732,0.416068596
29/06/2015 12:00,0.334164405,0.456545529
29/06/2015 13:00,0.360840319,0.47213681
29/06/2015 14:00,0.386448905,0.473160483
29/06/2015 15:00,0.396857164,0.447673931
29/06/2015 16:00,0.425591052,0.40829039
29/06/2015 17:00,0.464955638,0.363099761
29/06/2015 18:00,0.49933247,0.314615132
29/06/2015 19:00,0.511241718,0.259539757
29/06/2015 20:00,0.507088232,0.21444281
29/06/2015 21:00,0.497272483,0.17865034
29/06/2015 22:00,0.479427948,0.149339451
29/06/2015 23:00,0.472910235,0.138888552
30/06/2015 00:00,0.463484274,0.126901606
30/06/2015 01:00,0.452862877,0.11344739
30/06/2015 02:00,0.444234628,0.102794363
30/06/2015 03:00,0.439245929,0.093826844
30/06/2015 04:00,0.412784767,0.087010463
30/06/2015 05:00,0.330370924,0.074942376
30/06/2015 06:00,0.333656849,0.104549067
30/06/2015 07:00,0.367449228,0.158065874
30/06/2015 08:00,0.37222231,0.233167428
30/06/2015 09:00,0.358383571,0.30874267
30/06/2015 10:00,0.356921737,0.320405122
30/06/2015 11:00,0.357037296,0.39675589
30/06/2015 12:00,0.37429108,0.439325865
30/06/2015 13:00,0.40813005,0.461726299
30/06/2015 14:00,0.442548217,0.465002447
30/06/2015 15:00,0.455691297,0.450163955
30/06/2015 16:00,0.466891268,0.408093077
30/06/2015 17:00,0.49371788,0.365594108
30/06/2015 18:00,0.519936129,0.312250022
30/06/2015 19:00,0.532130726,0.25683589
30/06/2015 20:00,0.527682476,0.204452158
30/06/2015 21:00,0.517602345,0.158383555
30/06/2015 22:00,0.479190656,0.140316154
30/06/2015 23:00,0.471400578,0.106144521
01/07/2015 00:00,0.461263213,0.083710399
01/07/2015 01:00,0.445127872,0.0686477
01/07/2015 02:00,0.428351633,0.05940246
01/07/2015 03:00,0.412020363,0.053075239
01/07/2015 04:00,0.367918184,0.045363278
01/07/2015 05:00,0.27840955,0.036282931
01/07/2015 06:00,0.268118021,0.048277189
01/07/2015 07:00,0.297346116,0.065769175
01/07/2015 08:00,0.311073364,0.077249264
01/07/2015 09:00,0.314534712,0.085637054
01/07/2015 10:00,0.352986064,0.076587648
01/07/2015 11:00,0.36002701,0.094110868
01/07/2015 12:00,0.375618999,0.11601866
01/07/2015 13:00,0.39772442,0.142363817
01/07/2015 14:00,0.421690644,0.174119238
01/07/2015 15:00,0.430780594,0.208722583
01/07/2015 16:00,0.437607296,0.246200493
01/07/2015 17:00,0.464629114,0.278608919
01/07/2015 18:00,0.493023671,0.286118574
01/07/2015 19:00,0.509732025,0.267988651
01/07/2015 20:00,0.507635462,0.247158942
01/07/2015 21:00,0.485150394,0.225845905
01/07/2015 22:00,0.484406837,0.198307008
01/07/2015 23:00,0.466576873,0.190156881
02/07/2015 00:00,0.449454647,0.17737268
02/07/2015 01:00,0.432607693,0.164755134
02/07/2015 02:00,0.415927996,0.148861491
02/07/2015 03:00,0.39247074,0.145604076
02/07/2015 04:00,0.345386508,0.13849245
02/07/2015 05:00,0.251082368,0.12612998
02/07/2015 06:00,0.231829605,0.125257761
02/07/2015 07:00,0.264976661,0.153280384
02/07/2015 08:00,0.271379728,0.182500282
02/07/2015 09:00,0.284556334,0.217857215
02/07/2015 10:00,0.343206143,0.18077014
02/07/2015 11:00,0.376647074,0.2121329
02/07/2015 12:00,0.408838907,0.239623304
02/07/2015 13:00,0.43477449,0.256736016
02/07/2015 14:00,0.450468516,0.289370561
02/07/2015 15:00,0.448534107,0.335963372
02/07/2015 16:00,0.430262299,0.379404459
02/07/2015 17:00,0.436990642,0.407433529
02/07/2015 18:00,0.447013998,0.409044064
02/07/2015 19:00,0.463110259,0.377968196
02/07/2015 20:00,0.466597717,0.343213156
02/07/2015 21:00,0.458442251,0.314718065
02/07/2015 22:00,0.487208256,0.283569844
02/07/2015 23:00,0.458843955,0.260180035
03/07/2015 00:00,0.433975593,0.237315354
03/07/2015 01:00,0.413203584,0.220528455
03/07/2015 02:00,0.394070919,0.203754873
03/07/2015 03:00,0.384784448,0.202704148
03/07/2015 04:00,0.369683475,0.184503503
03/07/2015 05:00,0.314963893,0.17779291
03/07/2015 06:00,0.302343708,0.180328917
03/07/2015 07:00,0.324132026,0.212548504
03/07/2015 08:00,0.320620421,0.246963375
03/07/2015 09:00,0.332576535,0.272502361
03/07/2015 10:00,0.360947445,0.24398132
03/07/2015 11:00,0.3935139,0.271024201
03/07/2015 12:00,0.4298936,0.303760083
03/07/2015 13:00,0.464342497,0.325725509
03/07/2015 14:00,0.490110349,0.35545546
03/07/2015 15:00,0.493093785,0.381803586
03/07/2015 16:00,0.463353041,0.401394651
03/07/2015 17:00,0.442176166,0.421293574
03/07/2015 18:00,0.433881876,0.419663498
03/07/2015 19:00,0.432744303,0.389530611
03/07/2015 20:00,0.430721497,0.351215583
03/07/2015 21:00,0.440544577,0.316585831
03/07/2015 22:00,0.439136695,0.265170707
03/07/2015 23:00,0.449299981,0.258379876
04/07/2015 00:00,0.46666133,0.247416596
04/07/2015 01:00,0.482394097,0.244613773
04/07/2015 02:00,0.501065852,0.24142288
04/07/2015 03:00,0.515617559,0.235733054
04/07/2015 04:00,0.501750038,0.222980451
04/07/2015 05:00,0.423698415,0.219672883
04/07/2015 06:00,0.388633877,0.242044833
04/07/2015 07:00,0.430387063,0.287251549
04/07/2015 08:00,0.448460913,0.325695829
04/07/2015 09:00,0.43872805,0.351100627
04/07/2015 10:00,0.442067398,0.311080534
04/07/2015 11:00,0.447728457,0.348915755
04/07/2015 12:00,0.458716483,0.398368275
04/07/2015 13:00,0.464577817,0.433361773
04/07/2015 14:00,0.470786661,0.470745318
04/07/2015 15:00,0.457252358,0.49213033
04/07/2015 16:00,0.428984344,0.496157023
04/07/2015 17:00,0.420580341,0.481421327
04/07/2015 18:00,0.42570311,0.461575319
04/07/2015 19:00,0.428782188,0.435647245
04/07/2015 20:00,0.439142078,0.391900301
04/07/2015 21:00,0.455306701,0.347952348
04/07/2015 22:00,0.42363403,0.288696138
04/07/2015 23:00,0.445825154,0.257829428
05/07/2015 00:00,0.465155566,0.233796421
05/07/2015 01:00,0.480213677,0.226419611
05/07/2015 02:00,0.491869598,0.21763368
05/07/2015 03:00,0.502570439,0.213660603
05/07/2015 04:00,0.48670668,0.208662661
05/07/2015 05:00,0.404814173,0.217056147
05/07/2015 06:00,0.354401468,0.251839398
05/07/2015 07:00,0.353958847,0.298172133
05/07/2015 08:00,0.330651428,0.337626468
05/07/2015 09:00,0.314164001,0.363307478
05/07/2015 10:00,0.324412269,0.373050472
05/07/2015 11:00,0.353784715,0.41384601
05/07/2015 12:00,0.384392414,0.446997002
05/07/2015 13:00,0.411925002,0.470793203
05/07/2015 14:00,0.43342681,0.495786954
05/07/2015 15:00,0.447951301,0.507504052
05/07/2015 16:00,0.454885697,0.508926821
05/07/2015 17:00,0.482040054,0.490543457
05/07/2015 18:00,0.511328972,0.471614754
05/07/2015 19:00,0.533821055,0.430491833
05/07/2015 20:00,0.538271918,0.384627792
05/07/2015 21:00,0.527717453,0.33730915
05/07/2015 22:00,0.492341995,0.289221269
05/07/2015 23:00,0.48264334,0.262102992
06/07/2015 00:00,0.476356731,0.250599287
06/07/2015 01:00,0.468677298,0.234653033
06/07/2015 02:00,0.46820921,0.223884538
06/07/2015 03:00,0.461853172,0.213884405
06/07/2015 04:00,0.441201319,0.203055991
06/07/2015 05:00,0.36740136,0.201711828
06/07/2015 06:00,0.340783043,0.237902195
06/07/2015 07:00,0.329517996,0.277241539
06/07/2015 08:00,0.30074438,0.291203213
06/07/2015 09:00,0.274899224,0.304570183
06/07/2015 10:00,0.256909512,0.332623982
06/07/2015 11:00,0.270799054,0.361442515
06/07/2015 12:00,0.297978378,0.390391194
06/07/2015 13:00,0.332639419,0.398370208
06/07/2015 14:00,0.373029738,0.419543555
06/07/2015 15:00,0.408759511,0.425636702
06/07/2015 16:00,0.447067895,0.431647835
06/07/2015 17:00,0.48860787,0.42280938
06/07/2015 18:00,0.522470871,0.411039673
06/07/2015 19:00,0.546640035,0.373733698
06/07/2015 20:00,0.553504301,0.329052051
06/07/2015 21:00,0.553901008,0.279568956
06/07/2015 22:00,0.562158931,0.241904444
06/07/2015 23:00,0.550822778,0.223215464
07/07/2015 00:00,0.543406812,0.200577841
07/07/2015 01:00,0.528683802,0.183934397
07/07/2015 02:00,0.513517281,0.174541457
07/07/2015 03:00,0.497116045,0.174057995
07/07/2015 04:00,0.467164878,0.160538222
07/07/2015 05:00,0.383923527,0.145134237
07/07/2015 06:00,0.364397545,0.158594402
07/07/2015 07:00,0.348686557,0.171717946
07/07/2015 08:00,0.311836521,0.173771251
07/07/2015 09:00,0.266400537,0.182734887
07/07/2015 10:00,0.247111111,0.167342092
07/07/2015 11:00,0.243968102,0.178633531
07/07/2015 12:00,0.261244594,0.20715054
07/07/2015 13:00,0.286079712,0.240580107
07/07/2015 14:00,0.309426742,0.270373971
07/07/2015 15:00,0.334148569,0.294813362
07/07/2015 16:00,0.366189831,0.299683405
07/07/2015 17:00,0.403289954,0.314638298
07/07/2015 18:00,0.434266705,0.312101354
07/07/2015 19:00,0.453694846,0.28269344
07/07/2015 20:00,0.458441691,0.247228531
07/07/2015 21:00,0.458974215,0.208949733
07/07/2015 22:00,0.495949723,0.139148584
07/07/2015 23:00,0.469536597,0.119459307
08/07/2015 00:00,0.447450426,0.09941294
08/07/2015 01:00,0.416557214,0.09132319
08/07/2015 02:00,0.38710838,0.085555386
08/07/2015 03:00,0.358846893,0.083937337
08/07/2015 04:00,0.318751329,0.08105956
08/07/2015 05:00,0.241257397,0.067176035
08/07/2015 06:00,0.220577653,0.072131345
08/07/2015 07:00,0.216101351,0.088488802
08/07/2015 08:00,0.199627341,0.122084743
08/07/2015 09:00,0.196435349,0.167607616
08/07/2015 10:00,0.26229888,0.191863342
08/07/2015 11:00,0.300846152,0.23244637
08/07/2015 12:00,0.325809733,0.266761061
08/07/2015 13:00,0.345685422,0.296024986
08/07/2015 14:00,0.366748272,0.316793225
08/07/2015 15:00,0.381149185,0.322076999
08/07/2015 16:00,0.391905334,0.320755396
08/07/2015 17:00,0.414530602,0.316245006
08/07/2015 18:00,0.435773307,0.291970883
08/07/2015 19:00,0.441923953,0.24377153
08/07/2015 20:00,0.438736098,0.204717524
08/07/2015 21:00,0.429618294,0.17217048
08/07/2015 22:00,0.466634848,0.144665932
08/07/2015 23:00,0.441658857,0.126475855
09/07/2015 00:00,0.434939675,0.107069452
09/07/2015 01:00,0.418944196,0.091839083
09/07/2015 02:00,0.401699155,0.081677165
09/07/2015 03:00,0.378597968,0.074432757
09/07/2015 04:00,0.339470629,0.064758334
09/07/2015 05:00,0.260520628,0.048378284
09/07/2015 06:00,0.226770853,0.051165824
09/07/2015 07:00,0.235276878,0.066776301
09/07/2015 08:00,0.240648529,0.100372804
09/07/2015 09:00,0.26323553,0.142972747
09/07/2015 10:00,0.338784073,0.150318812
09/07/2015 11:00,0.377821957,0.19257906
09/07/2015 12:00,0.407107267,0.224275608
09/07/2015 13:00,0.432273314,0.247241619
09/07/2015 14:00,0.451892253,0.264810601
09/07/2015 15:00,0.445086471,0.274338483
09/07/2015 16:00,0.433615222,0.285705252
09/07/2015 17:00,0.439319441,0.287746303
09/07/2015 18:00,0.447013177,0.261011509
09/07/2015 19:00,0.452068995,0.219899492
09/07/2015 20:00,0.450466131,0.185062273
09/07/2015 21:00,0.450883548,0.157123406
09/07/2015 22:00,0.467651595,0.129969178
09/07/2015 23:00,0.465347786,0.109844476
10/07/2015 00:00,0.45967533,0.097583156
10/07/2015 01:00,0.45092518,0.086226606
10/07/2015 02:00,0.435469585,0.074473953
10/07/2015 03:00,0.419867934,0.069918503
10/07/2015 04:00,0.38955111,0.059632069
10/07/2015 05:00,0.320758567,0.041190692
10/07/2015 06:00,0.303116591,0.042010894
10/07/2015 07:00,0.342052948,0.051932733
10/07/2015 08:00,0.363040736,0.064387721
10/07/2015 09:00,0.373797471,0.081529347
10/07/2015 10:00,0.375467773,0.084367172
10/07/2015 11:00,0.394440144,0.107096159
10/07/2015 12:00,0.425506519,0.135065611
10/07/2015 13:00,0.458257419,0.164672619
10/07/2015 14:00,0.486766261,0.199073517
10/07/2015 15:00,0.488166074,0.223152369
10/07/2015 16:00,0.490157562,0.255448176
10/07/2015 17:00,0.498905398,0.279813736
10/07/2015 18:00,0.519201448,0.273107793
10/07/2015 19:00,0.538346769,0.239238537
10/07/2015 20:00,0.555155913,0.205018041
10/07/2015 21:00,0.556135387,0.180416514
10/07/2015 22:00,0.558045572,0.15433882
10/07/2015 23:00,0.545641575,0.150191529
11/07/2015 00:00,0.541088268,0.143609521
11/07/2015 01:00,0.53101988,0.13975486
11/07/2015 02:00,0.525218854,0.135479804
11/07/2015 03:00,0.516924025,0.13332418
11/07/2015 04:00,0.494831395,0.121401873
11/07/2015 05:00,0.418554623,0.107107063
11/07/2015 06:00,0.414240184,0.117971946
11/07/2015 07:00,0.435715495,0.140529987
11/07/2015 08:00,0.422467783,0.164775128
11/07/2015 09:00,0.408800743,0.186882543
11/07/2015 10:00,0.393977456,0.193076933
11/07/2015 11:00,0.410159277,0.225838148
11/07/2015 12:00,0.435285992,0.252143903
11/07/2015 13:00,0.456279159,0.277254784
11/07/2015 14:00,0.474068909,0.301542269
11/07/2015 15:00,0.471265123,0.33705246
11/07/2015 16:00,0.467047941,0.380243046
11/07/2015 17:00,0.477963014,0.408398103
11/07/2015 18:00,0.496603281,0.401100592
11/07/2015 19:00,0.510440965,0.36393896
11/07/2015 20:00,0.518518998,0.324014435
11/07/2015 21:00,0.519117645,0.289943024
11/07/2015 22:00,0.54060122,0.22855226
11/07/2015 23:00,0.544380527,0.221521364
12/07/2015 00:00,0.554044047,0.211168064
12/07/2015 01:00,0.562466307,0.205790836
12/07/2015 02:00,0.563784654,0.19806733
12/07/2015 03:00,0.560652212,0.196726195
12/07/2015 04:00,0.533956091,0.185821217
12/07/2015 05:00,0.451534243,0.194290062
12/07/2015 06:00,0.441189231,0.221689392
12/07/2015 07:00,0.453922097,0.255454623
12/07/2015 08:00,0.448423055,0.292497857
12/07/2015 09:00,0.426649538,0.322334738
12/07/2015 10:00,0.390354428,0.312319092
12/07/2015 11:00,0.405609876,0.340544493
12/07/2015 12:00,0.432664763,0.378748736
12/07/2015 13:00,0.460911506,0.417952948
12/07/2015 14:00,0.4862339,0.455987224
12/07/2015 15:00,0.485545754,0.496230265
12/07/2015 16:00,0.480681451,0.51337003
12/07/2015 17:00,0.497836063,0.502771791
12/07/2015 18:00,0.519293287,0.488029847
12/07/2015 19:00,0.537320005,0.452983816
12/07/2015 20:00,0.549769963,0.414955277
12/07/2015 21:00,0.56192732,0.378406879
12/07/2015 22:00,0.571572487,0.329445616
12/07/2015 23:00,0.57895662,0.311800576
13/07/2015 00:00,0.576344652,0.300817786
13/07/2015 01:00,0.574469124,0.285502824
13/07/2015 02:00,0.569356152,0.278253688
13/07/2015 03:00,0.565632694,0.277373303
13/07/2015 04:00,0.542558533,0.262049903
13/07/2015 05:00,0.466485902,0.262388683
13/07/2015 06:00,0.466466585,0.297250159
13/07/2015 07:00,0.473818423,0.328950858
13/07/2015 08:00,0.469094652,0.357364804
13/07/2015 09:00,0.455262298,0.368767193
13/07/2015 10:00,0.409447115,0.379969916
13/07/2015 11:00,0.423000125,0.386367757
13/07/2015 12:00,0.449334779,0.40209515
13/07/2015 13:00,0.480862332,0.431256391
13/07/2015 14:00,0.508685596,0.456534835
13/07/2015 15:00,0.511209475,0.485073793
13/07/2015 16:00,0.509100197,0.505787241
13/07/2015 17:00,0.522460045,0.513823225
13/07/2015 18:00,0.544129883,0.516780552
13/07/2015 19:00,0.560770442,0.493902216
13/07/2015 20:00,0.575753135,0.458733614
13/07/2015 21:00,0.590791223,0.419715158
13/07/2015 22:00,0.60041375,0.400555101
13/07/2015 23:00,0.60780451,0.368880076
14/07/2015 00:00,0.608901217,0.346842244
14/07/2015 01:00,0.599803263,0.334356871
14/07/2015 02:00,0.587804545,0.323385537
14/07/2015 03:00,0.570118898,0.31968049
14/07/2015 04:00,0.5314039,0.307578743
14/07/2015 05:00,0.449571744,0.318344624
14/07/2015 06:00,0.454797319,0.379429448
14/07/2015 07:00,0.474614653,0.423515275
14/07/2015 08:00,0.469087537,0.449280141
14/07/2015 09:00,0.459618746,0.457745115
14/07/2015 10:00,0.424273418,0.431732409
14/07/2015 11:00,0.430408092,0.464695374
14/07/2015 12:00,0.440439909,0.504379197
14/07/2015 13:00,0.457553794,0.541911912
14/07/2015 14:00,0.471000211,0.573394888
14/07/2015 15:00,0.475483531,0.590622688
14/07/2015 16:00,0.474326065,0.583294667
14/07/2015 17:00,0.484743422,0.555190479
14/07/2015 18:00,0.495917479,0.530592409
14/07/2015 19:00,0.511729687,0.501090196
14/07/2015 20:00,0.523202203,0.467336433
14/07/2015 21:00,0.528383631,0.433825786
14/07/2015 22:00,0.529063883,0.37291747
14/07/2015 23:00,0.530608745,0.354423636
15/07/2015 00:00,0.519973356,0.345085888
15/07/2015 01:00,0.508045351,0.337983565
15/07/2015 02:00,0.494576359,0.326004665
15/07/2015 03:00,0.482402087,0.323363868
15/07/2015 04:00,0.461990743,0.302005311
15/07/2015 05:00,0.386919926,0.320150851
15/07/2015 06:00,0.387485732,0.370728981
15/07/2015 07:00,0.384857983,0.397358338
15/07/2015 08:00,0.360396874,0.39777353
15/07/2015 09:00,0.34728823,0.399303058
15/07/2015 10:00,0.323350162,0.439154801
15/07/2015 11:00,0.341084253,0.472638123
15/07/2015 12:00,0.366364577,0.489703892
15/07/2015 13:00,0.395010449,0.488932585
15/07/2015 14:00,0.420100484,0.484408512
15/07/2015 15:00,0.431476415,0.482072074
15/07/2015 16:00,0.443921375,0.467846751
15/07/2015 17:00,0.454738728,0.438266736
15/07/2015 18:00,0.463598714,0.423131953
15/07/2015 19:00,0.47081421,0.396854066
15/07/2015 20:00,0.472446465,0.357358087
15/07/2015 21:00,0.478019265,0.308282204
15/07/2015 22:00,0.471607471,0.28686775
15/07/2015 23:00,0.475719615,0.261495597
16/07/2015 00:00,0.478426431,0.230988629
16/07/2015 01:00,0.482997111,0.215958857
16/07/2015 02:00,0.496502251,0.198470788
16/07/2015 03:00,0.507852547,0.189494912
16/07/2015 04:00,0.505706853,0.163747158
16/07/2015 05:00,0.430777162,0.153401628
16/07/2015 06:00,0.435145538,0.165991492
16/07/2015 07:00,0.452824418,0.184455169
16/07/2015 08:00,0.4388016,0.194836721
16/07/2015 09:00,0.440163984,0.205286874
16/07/2015 10:00,0.430298098,0.228333698
16/07/2015 11:00,0.479268838,0.289529117
16/07/2015 12:00,0.536046663,0.346244891
16/07/2015 13:00,0.582915196,0.40036145
16/07/2015 14:00,0.607433503,0.435639889
16/07/2015 15:00,0.607772761,0.4579766
16/07/2015 16:00,0.589350967,0.452765011
16/07/2015 17:00,0.583534872,0.421173611
16/07/2015 18:00,0.587297839,0.385725807
16/07/2015 19:00,0.594933593,0.35904993
16/07/2015 20:00,0.601434467,0.327337252
16/07/2015 21:00,0.607854559,0.290075439
16/07/2015 22:00,0.607459663,0.267857885
16/07/2015 23:00,0.617129602,0.232107429
17/07/2015 00:00,0.626497285,0.195535639
17/07/2015 01:00,0.62552433,0.180697724
17/07/2015 02:00,0.624528256,0.16953551
17/07/2015 03:00,0.616012692,0.162692275
17/07/2015 04:00,0.584754764,0.149368667
17/07/2015 05:00,0.492431177,0.145814854
17/07/2015 06:00,0.502514574,0.164668774
17/07/2015 07:00,0.530701076,0.175613419
17/07/2015 08:00,0.53536664,0.175388224
17/07/2015 09:00,0.507967748,0.181125186
17/07/2015 10:00,0.474636703,0.169170498
17/07/2015 11:00,0.477431728,0.191422731
17/07/2015 12:00,0.493109941,0.236263619
17/07/2015 13:00,0.516074707,0.271960009
17/07/2015 14:00,0.531337928,0.308966755
17/07/2015 15:00,0.532800315,0.323295873
17/07/2015 16:00,0.519109118,0.312126593
17/07/2015 17:00,0.520730746,0.282187261
17/07/2015 18:00,0.528632362,0.246019792
17/07/2015 19:00,0.541460677,0.198760259
17/07/2015 20:00,0.550428818,0.159212205
17/07/2015 21:00,0.557301747,0.128098892
17/07/2015 22:00,0.549591287,0.123466294
17/07/2015 23:00,0.550313138,0.117148249
18/07/2015 00:00,0.548669768,0.112303172
18/07/2015 01:00,0.538773544,0.108607626
18/07/2015 02:00,0.524559523,0.108912853
18/07/2015 03:00,0.501482291,0.108632754
18/07/2015 04:00,0.459521564,0.10247334
18/07/2015 05:00,0.362928986,0.086033104
18/07/2015 06:00,0.361807544,0.111510637
18/07/2015 07:00,0.371506568,0.132279117
18/07/2015 08:00,0.378421975,0.166126616
18/07/2015 09:00,0.377261405,0.215855552
18/07/2015 10:00,0.404518663,0.212352659
18/07/2015 11:00,0.399021784,0.281850768
18/07/2015 12:00,0.403699781,0.346250072
18/07/2015 13:00,0.408195747,0.389057098
18/07/2015 14:00,0.41338336,0.42319787
18/07/2015 15:00,0.400596702,0.440645656
18/07/2015 16:00,0.382162911,0.429436088
18/07/2015 17:00,0.382602971,0.38395831
18/07/2015 18:00,0.398349859,0.331867404
18/07/2015 19:00,0.414565064,0.27590517
18/07/2015 20:00,0.433397695,0.239694287
18/07/2015 21:00,0.444840092,0.204015821
18/07/2015 22:00,0.432921921,0.183421772
18/07/2015 23:00,0.443844719,0.158341076
19/07/2015 00:00,0.449225619,0.133823534
19/07/2015 01:00,0.443199337,0.119896055
19/07/2015 02:00,0.435111507,0.105134187
19/07/2015 03:00,0.425238455,0.096124686
19/07/2015 04:00,0.408920032,0.086208617
19/07/2015 05:00,0.336008923,0.073127797
19/07/2015 06:00,0.319902576,0.087471301
19/07/2015 07:00,0.336095021,0.114155627
19/07/2015 08:00,0.340727364,0.159651575
19/07/2015 09:00,0.341677181,0.221784582
19/07/2015 10:00,0.329769116,0.254448679
19/07/2015 11:00,0.351081155,0.325233456
19/07/2015 12:00,0.376763812,0.373504202
19/07/2015 13:00,0.405067769,0.397101164
19/07/2015 14:00,0.426379432,0.409653743
19/07/2015 15:00,0.431983873,0.40855416
19/07/2015 16:00,0.418345884,0.389522048
19/07/2015 17:00,0.422321421,0.360447736
19/07/2015 18:00,0.43442077,0.319565544
19/07/2015 19:00,0.45023279,0.27968252
19/07/2015 20:00,0.45950306,0.232540225
19/07/2015 21:00,0.471517303,0.19326276
19/07/2015 22:00,0.464178671,0.171269234
19/07/2015 23:00,0.47298344,0.149972169
20/07/2015 00:00,0.485114852,0.133025545
20/07/2015 01:00,0.493752084,0.119352955
20/07/2015 02:00,0.502814543,0.10941832
20/07/2015 03:00,0.509736268,0.104644976
20/07/2015 04:00,0.503101173,0.094995967
20/07/2015 05:00,0.420928179,0.081668977
20/07/2015 06:00,0.418250658,0.100698095
20/07/2015 07:00,0.453154521,0.126475829
20/07/2015 08:00,0.461776072,0.14636359
20/07/2015 09:00,0.467747836,0.174012837
20/07/2015 10:00,0.461674814,0.199306483
20/07/2015 11:00,0.487306122,0.268620893
20/07/2015 12:00,0.511888649,0.314241948
20/07/2015 13:00,0.535203458,0.341230726
20/07/2015 14:00,0.547187644,0.358873431
20/07/2015 15:00,0.53116345,0.363408276
20/07/2015 16:00,0.503458952,0.357482344
20/07/2015 17:00,0.494157228,0.338198012
20/07/2015 18:00,0.493719258,0.322335387
20/07/2015 19:00,0.502569015,0.291842392
20/07/2015 20:00,0.517112823,0.251374139
20/07/2015 21:00,0.530834495,0.221273455
20/07/2015 22:00,0.541962783,0.186718287
20/07/2015 23:00,0.541275398,0.177709284
21/07/2015 00:00,0.547826124,0.16452521
21/07/2015 01:00,0.552937046,0.160123989
21/07/2015 02:00,0.558267701,0.158337445
21/07/2015 03:00,0.560260982,0.157861473
21/07/2015 04:00,0.544729599,0.142990552
21/07/2015 05:00,0.46535769,0.130862205
21/07/2015 06:00,0.471483836,0.152869723
21/07/2015 07:00,0.492333968,0.1676995
21/07/2015 08:00,0.48148825,0.179542766
21/07/2015 09:00,0.466025755,0.189016539
21/07/2015 10:00,0.465374254,0.222350464
21/07/2015 11:00,0.482150215,0.261950067
21/07/2015 12:00,0.507840703,0.305120989
21/07/2015 13:00,0.527958066,0.342035079
21/07/2015 14:00,0.538510115,0.373569681
21/07/2015 15:00,0.517312461,0.411143342
21/07/2015 16:00,0.497179409,0.422416638
21/07/2015 17:00,0.494150073,0.406939542
21/07/2015 18:00,0.504012594,0.388941658
21/07/2015 19:00,0.509402191,0.360126512
21/07/2015 20:00,0.514064474,0.320125683
21/07/2015 21:00,0.515509444,0.287569355
21/07/2015 22:00,0.497313018,0.253203881
21/07/2015 23:00,0.499560752,0.24888967
22/07/2015 00:00,0.505067042,0.235524137
22/07/2015 01:00,0.509223832,0.224608037
22/07/2015 02:00,0.505906465,0.21218694
22/07/2015 03:00,0.497295042,0.206215788
22/07/2015 04:00,0.473242163,0.186551345
22/07/2015 05:00,0.383715308,0.191646276
22/07/2015 06:00,0.387710214,0.216865567
22/07/2015 07:00,0.404765118,0.238751134
22/07/2015 08:00,0.400701579,0.247949929
22/07/2015 09:00,0.390746495,0.260902696
22/07/2015 10:00,0.373364185,0.252649305
22/07/2015 11:00,0.404919182,0.302358137
22/07/2015 12:00,0.447580305,0.356931879
22/07/2015 13:00,0.48494626,0.405675941
22/07/2015 14:00,0.504460347,0.445069348
22/07/2015 15:00,0.494760119,0.457866229
22/07/2015 16:00,0.48210208,0.436038029
22/07/2015 17:00,0.478625501,0.399144339
22/07/2015 18:00,0.48926202,0.368171141
22/07/2015 19:00,0.494769434,0.337757978
22/07/2015 20:00,0.505394917,0.306173499
22/07/2015 21:00,0.512257694,0.270412809
22/07/2015 22:00,0.481778338,0.238851665
22/07/2015 23:00,0.473277806,0.208645435
23/07/2015 00:00,0.470273072,0.184470967
23/07/2015 01:00,0.464737016,0.168195613
23/07/2015 02:00,0.462018584,0.155269573
23/07/2015 03:00,0.462885897,0.146016434
23/07/2015 04:00,0.450513016,0.121804841
23/07/2015 05:00,0.383350634,0.113901351
23/07/2015 06:00,0.409976869,0.124187146
23/07/2015 07:00,0.424309237,0.139207078
23/07/2015 08:00,0.414658138,0.152599497
23/07/2015 09:00,0.414519201,0.185749161
23/07/2015 10:00,0.426808166,0.220281936
23/07/2015 11:00,0.450191065,0.258245305
23/07/2015 12:00,0.471483705,0.296364715
23/07/2015 13:00,0.491611933,0.325802273
23/07/2015 14:00,0.501915292,0.337259569
23/07/2015 15:00,0.496218218,0.338950419
23/07/2015 16:00,0.484456151,0.317657727
23/07/2015 17:00,0.484673373,0.28511574
23/07/2015 18:00,0.492272161,0.25121383
23/07/2015 19:00,0.495760369,0.22065521
23/07/2015 20:00,0.499713078,0.194605
23/07/2015 21:00,0.504896101,0.168329243
23/07/2015 22:00,0.511909044,0.138068838
23/07/2015 23:00,0.524451239,0.126368533
24/07/2015 00:00,0.525844897,0.11970846
24/07/2015 01:00,0.521404361,0.114805916
24/07/2015 02:00,0.505960515,0.11129508
24/07/2015 03:00,0.487399234,0.104780004
24/07/2015 04:00,0.457357288,0.101715044
24/07/2015 05:00,0.378273629,0.078398782
24/07/2015 06:00,0.374418694,0.115808992
24/07/2015 07:00,0.3729355,0.184470533
24/07/2015 08:00,0.361252536,0.26351889
24/07/2015 09:00,0.352094897,0.336941858
24/07/2015 10:00,0.357293478,0.40360953
24/07/2015 11:00,0.367770144,0.45307663
24/07/2015 12:00,0.380067219,0.47954409
24/07/2015 13:00,0.39091809,0.478520855
24/07/2015 14:00,0.401215198,0.473672063
24/07/2015 15:00,0.399283702,0.443994798
24/07/2015 16:00,0.396640252,0.380010697
24/07/2015 17:00,0.406803325,0.3109164
24/07/2015 18:00,0.420658936,0.254635848
24/07/2015 19:00,0.437362023,0.215591681
24/07/2015 20:00,0.452182084,0.183935358
24/07/2015 21:00,0.466086837,0.164780346
24/07/2015 22:00,0.47010558,0.157974202
24/07/2015 23:00,0.490925904,0.127424539
25/07/2015 00:00,0.51227669,0.110357828
25/07/2015 01:00,0.527414665,0.10387157
25/07/2015 02:00,0.529115372,0.101862833
25/07/2015 03:00,0.51482847,0.09872572
25/07/2015 04:00,0.486161094,0.094425962
25/07/2015 05:00,0.392246417,0.091961804
25/07/2015 06:00,0.368793068,0.153620178
25/07/2015 07:00,0.374161049,0.22820385
25/07/2015 08:00,0.352990085,0.292062133
25/07/2015 09:00,0.325060923,0.347863664
25/07/2015 10:00,0.32966141,0.409111199
25/07/2015 11:00,0.320223604,0.424790594
25/07/2015 12:00,0.324882243,0.429372248
25/07/2015 13:00,0.34019677,0.424546508
25/07/2015 14:00,0.354241209,0.407852125
25/07/2015 15:00,0.357902115,0.370908412
25/07/2015 16:00,0.360178498,0.322357365
25/07/2015 17:00,0.356298466,0.274736122
25/07/2015 18:00,0.355006043,0.228292165
25/07/2015 19:00,0.355820359,0.175440865
25/07/2015 20:00,0.359258455,0.137714941
25/07/2015 21:00,0.372342352,0.112550161
25/07/2015 22:00,0.40547371,0.110040469
25/07/2015 23:00,0.416909641,0.096112594
26/07/2015 00:00,0.428449712,0.084263873
26/07/2015 01:00,0.435849566,0.071510932
26/07/2015 02:00,0.440979093,0.062988392
26/07/2015 03:00,0.43881726,0.056298349
26/07/2015 04:00,0.426485661,0.049279386
26/07/2015 05:00,0.354246385,0.036330202
26/07/2015 06:00,0.333103014,0.046700128
26/07/2015 07:00,0.373544121,0.063767689
26/07/2015 08:00,0.380424154,0.088598959
26/07/2015 09:00,0.373768987,0.125824894
26/07/2015 10:00,0.37451033,0.150643221
26/07/2015 11:00,0.394950013,0.186659548
26/07/2015 12:00,0.423425483,0.212006129
26/07/2015 13:00,0.461775762,0.231641971
26/07/2015 14:00,0.490220292,0.247013966
26/07/2015 15:00,0.497029748,0.255149849
26/07/2015 16:00,0.483360456,0.250519485
26/07/2015 17:00,0.477135036,0.242264795
26/07/2015 18:00,0.48211704,0.218127818
26/07/2015 19:00,0.490682589,0.186958012
26/07/2015 20:00,0.500201282,0.15957394
26/07/2015 21:00,0.511232557,0.136410839
26/07/2015 22:00,0.537591083,0.120256943
26/07/2015 23:00,0.54370858,0.107838397
27/07/2015 00:00,0.549823208,0.096687019
27/07/2015 01:00,0.553792016,0.087174805
27/07/2015 02:00,0.553962818,0.078676094
27/07/2015 03:00,0.551863954,0.073664056
27/07/2015 04:00,0.537426581,0.064385884
27/07/2015 05:00,0.469500552,0.057389814
27/07/2015 06:00,0.459019181,0.059226233
27/07/2015 07:00,0.503007898,0.06729231
27/07/2015 08:00,0.531988313,0.078601806
27/07/2015 09:00,0.544572974,0.098627098
27/07/2015 10:00,0.558578449,0.11626729
27/07/2015 11:00,0.580173771,0.14777798
27/07/2015 12:00,0.61412118,0.179615859
27/07/2015 13:00,0.646204716,0.200665955
27/07/2015 14:00,0.66642575,0.228999193
27/07/2015 15:00,0.65005465,0.258403632
27/07/2015 16:00,0.612189392,0.275607007
27/07/2015 17:00,0.592487075,0.290571099
27/07/2015 18:00,0.58790334,0.281912322
27/07/2015 19:00,0.591868286,0.254249742
27/07/2015 20:00,0.59861238,0.227960639
27/07/2015 21:00,0.605818692,0.204898624
27/07/2015 22:00,0.623231182,0.17624428
27/07/2015 23:00,0.63185361,0.164011082
28/07/2015 00:00,0.639438203,0.15697201
28/07/2015 01:00,0.635801915,0.147578545
28/07/2015 02:00,0.629405098,0.136601181
28/07/2015 03:00,0.617240403,0.124435298
28/07/2015 04:00,0.588269312,0.10940269
28/07/2015 05:00,0.499431908,0.100310896
28/07/2015 06:00,0.508942544,0.10287629
28/07/2015 07:00,0.546605765,0.110843688
28/07/2015 08:00,0.540951735,0.120166223
28/07/2015 09:00,0.521214822,0.132292984
28/07/2015 10:00,0.503821575,0.144854561
28/07/2015 11:00,0.508089208,0.16286308
28/07/2015 12:00,0.529560676,0.19205068
28/07/2015 13:00,0.5536612,0.224341782
28/07/2015 14:00,0.567744565,0.257389988
28/07/2015 15:00,0.556393509,0.294908002
28/07/2015 16:00,0.538122982,0.32035311
28/07/2015 17:00,0.53378788,0.32584792
28/07/2015 18:00,0.538320968,0.309749
28/07/2015 19:00,0.547366162,0.276857884
28/07/2015 20:00,0.558900638,0.241663425
28/07/2015 21:00,0.571487893,0.206090604
28/07/2015 22:00,0.568917699,0.162589834
28/07/2015 23:00,0.569809616,0.146525116
29/07/2015 00:00,0.566770093,0.1302036
29/07/2015 01:00,0.559795661,0.123634858
29/07/2015 02:00,0.548813636,0.11419505
29/07/2015 03:00,0.533429097,0.116672635
29/07/2015 04:00,0.498817976,0.110961573
29/07/2015 05:00,0.410035582,0.103449962
29/07/2015 06:00,0.413755893,0.108708101
29/07/2015 07:00,0.441969777,0.121436627
29/07/2015 08:00,0.431807688,0.133952923
29/07/2015 09:00,0.411654255,0.146268511
29/07/2015 10:00,0.419213328,0.141247097
29/07/2015 11:00,0.437248481,0.161542539
29/07/2015 12:00,0.47248589,0.190967697
29/07/2015 13:00,0.501236225,0.219064756
29/07/2015 14:00,0.52159624,0.249110193
29/07/2015 15:00,0.51277002,0.282893473
29/07/2015 16:00,0.507800687,0.306876886
29/07/2015 17:00,0.515344975,0.316078285
29/07/2015 18:00,0.52665642,0.304822733
29/07/2015 19:00,0.53770768,0.271344334
29/07/2015 20:00,0.545381687,0.228932676
29/07/2015 21:00,0.555421868,0.199093319
29/07/2015 22:00,0.562149613,0.173998448
29/07/2015 23:00,0.572188746,0.156157686
30/07/2015 00:00,0.59040537,0.143313175
30/07/2015 01:00,0.605946811,0.130653369
30/07/2015 02:00,0.61724919,0.121058445
30/07/2015 03:00,0.615969325,0.113671614
30/07/2015 04:00,0.58755211,0.107487609
30/07/2015 05:00,0.51267186,0.096558271
30/07/2015 06:00,0.520758317,0.104612675
30/07/2015 07:00,0.540611192,0.129292624
30/07/2015 08:00,0.538061012,0.155316436
30/07/2015 09:00,0.532106935,0.178834432
30/07/2015 10:00,0.527355107,0.188841606
30/07/2015 11:00,0.532959167,0.212071369
30/07/2015 12:00,0.548011951,0.242356168
30/07/2015 13:00,0.561865926,0.273071879
30/07/2015 14:00,0.558537953,0.299185351
30/07/2015 15:00,0.535361112,0.311320932
30/07/2015 16:00,0.519273291,0.311926984
30/07/2015 17:00,0.519902303,0.321493475
30/07/2015 18:00,0.535438479,0.314952967
30/07/2015 19:00,0.543755937,0.286374435
30/07/2015 20:00,0.554412243,0.247967828
30/07/2015 21:00,0.559674759,0.214917002
30/07/2015 22:00,0.591198672,0.17922319
30/07/2015 23:00,0.587342197,0.161658446
31/07/2015 00:00,0.584835119,0.149709233
31/07/2015 01:00,0.575130799,0.142661478
31/07/2015 02:00,0.56523043,0.133053676
31/07/2015 03:00,0.553250886,0.131962394
31/07/2015 04:00,0.523358885,0.124454918
31/07/2015 05:00,0.431263562,0.11157897
31/07/2015 06:00,0.44267274,0.128650928
31/07/2015 07:00,0.462004581,0.156880818
31/07/2015 08:00,0.459700344,0.185915907
31/07/2015 09:00,0.450463311,0.211632784
31/07/2015 10:00,0.446013224,0.215654596
31/07/2015 11:00,0.445781285,0.237736643
31/07/2015 12:00,0.462930238,0.275595693
31/07/2015 13:00,0.483220021,0.316848191
31/07/2015 14:00,0.501100686,0.353524934
31/07/2015 15:00,0.488633076,0.387464124
31/07/2015 16:00,0.480031655,0.39420181
31/07/2015 17:00,0.481360303,0.388772121
31/07/2015 18:00,0.488153682,0.362170431
31/07/2015 19:00,0.492727744,0.322908687
31/07/2015 20:00,0.500598606,0.284251645
31/07/2015 21:00,0.509009032,0.245514332
31/07/2015 22:00,0.521129555,0.193726039
31/07/2015 23:00,0.523280051,0.173784827
01/08/2015 00:00,0.527054033,0.160143987
01/08/2015 01:00,0.53410697,0.148177958
01/08/2015 02:00,0.532614348,0.142967828
01/08/2015 03:00,0.530740915,0.140125229
01/08/2015 04:00,0.509147328,0.130939785
01/08/2015 05:00,0.411866385,0.123865489
01/08/2015 06:00,0.420882057,0.137285196
01/08/2015 07:00,0.462748324,0.160134978
01/08/2015 08:00,0.466064499,0.185491909
01/08/2015 09:00,0.467377423,0.20182517
01/08/2015 10:00,0.439581136,0.199055406
01/08/2015 11:00,0.464140036,0.239180837
01/08/2015 12:00,0.504174818,0.287196202
01/08/2015 13:00,0.540017069,0.3319007
01/08/2015 14:00,0.566857248,0.37817182
01/08/2015 15:00,0.563833165,0.417446086
01/08/2015 16:00,0.54313673,0.442120032
01/08/2015 17:00,0.532154336,0.445353385
01/08/2015 18:00,0.532527405,0.438500397
01/08/2015 19:00,0.525874257,0.409833746
01/08/2015 20:00,0.528388134,0.368763882
01/08/2015 21:00,0.522252309,0.320541045
01/08/2015 22:00,0.515285344,0.271399761
01/08/2015 23:00,0.514808936,0.244954749
02/08/2015 00:00,0.513430412,0.230717144
02/08/2015 01:00,0.506407697,0.220053708
02/08/2015 02:00,0.494237227,0.218636758
02/08/2015 03:00,0.483026763,0.22198566
02/08/2015 04:00,0.453973372,0.219018188
02/08/2015 05:00,0.359192426,0.228588871
02/08/2015 06:00,0.355689629,0.272668247
02/08/2015 07:00,0.390795137,0.305491558
02/08/2015 08:00,0.379853439,0.33383213
02/08/2015 09:00,0.359976637,0.35378951
02/08/2015 10:00,0.351390131,0.336249201
02/08/2015 11:00,0.36822362,0.388317085
02/08/2015 12:00,0.39686255,0.426529923
02/08/2015 13:00,0.418867542,0.462254811
02/08/2015 14:00,0.431821812,0.499081642
02/08/2015 15:00,0.426686583,0.526026537
02/08/2015 16:00,0.412419591,0.534765357
02/08/2015 17:00,0.4187647,0.526029661
02/08/2015 18:00,0.429820223,0.509026416
02/08/2015 19:00,0.443284374,0.477210654
02/08/2015 20:00,0.45666406,0.438422834
02/08/2015 21:00,0.465567718,0.398314084
02/08/2015 22:00,0.445332746,0.359917007
02/08/2015 23:00,0.453979799,0.34545298
03/08/2015 00:00,0.462671401,0.328604323
03/08/2015 01:00,0.456708358,0.315644203
03/08/2015 02:00,0.454776983,0.308375494
03/08/2015 03:00,0.439226003,0.309772212
03/08/2015 04:00,0.410191586,0.293031698
03/08/2015 05:00,0.307097929,0.300087085
03/08/2015 06:00,0.270683533,0.340259975
03/08/2015 07:00,0.262029313,0.366900092
03/08/2015 08:00,0.232878863,0.381572705
03/08/2015 09:00,0.219748913,0.396421036
03/08/2015 10:00,0.218279345,0.370384442
03/08/2015 11:00,0.234947238,0.401568513
03/08/2015 12:00,0.253819611,0.430633529
03/08/2015 13:00,0.269496529,0.467791614
03/08/2015 14:00,0.278928707,0.503482128
03/08/2015 15:00,0.284458162,0.527645036
03/08/2015 16:00,0.300026201,0.524549206
03/08/2015 17:00,0.337528424,0.522895767
03/08/2015 18:00,0.379442974,0.507267806
03/08/2015 19:00,0.413581913,0.483025846
03/08/2015 20:00,0.441042144,0.435234596
03/08/2015 21:00,0.45298594,0.393102436
03/08/2015 22:00,0.434874816,0.364597926
03/08/2015 23:00,0.431347095,0.343903618
04/08/2015 00:00,0.428884754,0.332651683
04/08/2015 01:00,0.422222801,0.324341803
04/08/2015 02:00,0.419302699,0.312306332
04/08/2015 03:00,0.415465577,0.305270238
04/08/2015 04:00,0.398491055,0.278474943
04/08/2015 05:00,0.322198276,0.271613155
04/08/2015 06:00,0.309090284,0.303362188
04/08/2015 07:00,0.305612978,0.328612334
04/08/2015 08:00,0.275866162,0.348831215
04/08/2015 09:00,0.242300179,0.366759552
04/08/2015 10:00,0.200428887,0.379511078
04/08/2015 11:00,0.19289258,0.393454776
04/08/2015 12:00,0.201428226,0.412760536
04/08/2015 13:00,0.219679129,0.422821663
04/08/2015 14:00,0.235767089,0.424117467
04/08/2015 15:00,0.25822069,0.415801754
04/08/2015 16:00,0.301405371,0.400099402
04/08/2015 17:00,0.357284507,0.397655374
04/08/2015 18:00,0.405995488,0.391697577
04/08/2015 19:00,0.447796802,0.366906158
04/08/2015 20:00,0.478189844,0.341360376
04/08/2015 21:00,0.491966608,0.31530952
04/08/2015 22:00,0.499935292,0.265631343
04/08/2015 23:00,0.490295891,0.248150667
05/08/2015 00:00,0.481652608,0.22627882
05/08/2015 01:00,0.47195094,0.221391546
05/08/2015 02:00,0.463864836,0.21036998
05/08/2015 03:00,0.453169921,0.206750173
05/08/2015 04:00,0.428029935,0.1950151
05/08/2015 05:00,0.351982413,0.170097961
05/08/2015 06:00,0.338117151,0.180009853
05/08/2015 07:00,0.338649789,0.199048679
05/08/2015 08:00,0.308243513,0.213098234
05/08/2015 09:00,0.271167124,0.223283368
05/08/2015 10:00,0.236900777,0.211106625
05/08/2015 11:00,0.220888948,0.231391465
05/08/2015 12:00,0.225955284,0.250681694
05/08/2015 13:00,0.244488068,0.273428763
05/08/2015 14:00,0.269924652,0.303177019
05/08/2015 15:00,0.290306294,0.33017063
05/08/2015 16:00,0.317747467,0.348731967
05/08/2015 17:00,0.353894488,0.3546129
05/08/2015 18:00,0.390645163,0.333575302
05/08/2015 19:00,0.425937488,0.307118829
05/08/2015 20:00,0.453284705,0.278667804
05/08/2015 21:00,0.475080138,0.253305896
05/08/2015 22:00,0.469202433,0.210406042
05/08/2015 23:00,0.476924179,0.19741913
06/08/2015 00:00,0.493982007,0.183606892
06/08/2015 01:00,0.495997251,0.177315854
06/08/2015 02:00,0.496300802,0.163760457
06/08/2015 03:00,0.489219179,0.157694563
06/08/2015 04:00,0.469115,0.147738604
06/08/2015 05:00,0.385551671,0.125696322
06/08/2015 06:00,0.364888989,0.13623728
06/08/2015 07:00,0.397474918,0.157724297
06/08/2015 08:00,0.395209867,0.183935736
06/08/2015 09:00,0.367151693,0.205085741
06/08/2015 10:00,0.328990234,0.19482236
06/08/2015 11:00,0.320792666,0.226497267
06/08/2015 12:00,0.343806677,0.265077866
06/08/2015 13:00,0.379777276,0.304108087
06/08/2015 14:00,0.412792375,0.342637048
06/08/2015 15:00,0.430148225,0.363209428
06/08/2015 16:00,0.433164836,0.369689192
06/08/2015 17:00,0.446391948,0.374434963
06/08/2015 18:00,0.469256075,0.359431786
06/08/2015 19:00,0.48290652,0.325970174
06/08/2015 20:00,0.49357531,0.288813193
06/08/2015 21:00,0.502416481,0.257240523
06/08/2015 22:00,0.520143448,0.216712527
06/08/2015 23:00,0.513971899,0.206160956
07/08/2015 00:00,0.514809668,0.194268767
07/08/2015 01:00,0.514661464,0.192679481
07/08/2015 02:00,0.515248191,0.191686799
07/08/2015 03:00,0.50708411,0.195876013
07/08/2015 04:00,0.486248139,0.188416597
07/08/2015 05:00,0.399666136,0.180232247
07/08/2015 06:00,0.392997914,0.192371234
07/08/2015 07:00,0.443563077,0.21318165
07/08/2015 08:00,0.446593576,0.235023446
07/08/2015 09:00,0.43225042,0.246659123
07/08/2015 10:00,0.443382368,0.250036247
07/08/2015 11:00,0.465357352,0.289079021
07/08/2015 12:00,0.503194455,0.327027124
07/08/2015 13:00,0.544153986,0.370423432
07/08/2015 14:00,0.570971,0.416893174
07/08/2015 15:00,0.571093014,0.452268499
07/08/2015 16:00,0.547229604,0.451535097
07/08/2015 17:00,0.535357405,0.437844785
07/08/2015 18:00,0.538663099,0.435267222
07/08/2015 19:00,0.543577675,0.408444109
07/08/2015 20:00,0.549847174,0.369949388
07/08/2015 21:00,0.555917417,0.331961014
07/08/2015 22:00,0.558663826,0.312410357
07/08/2015 23:00,0.561580231,0.292445454
08/08/2015 00:00,0.560434351,0.288265132
08/08/2015 01:00,0.556071302,0.282581021
08/08/2015 02:00,0.543014485,0.285628185
08/08/2015 03:00,0.529974729,0.295590373
08/08/2015 04:00,0.50296733,0.28746382
08/08/2015 05:00,0.422706501,0.290148682
08/08/2015 06:00,0.420858559,0.332053465
08/08/2015 07:00,0.45091081,0.361076156
08/08/2015 08:00,0.460502124,0.3769943
08/08/2015 09:00,0.463196452,0.391259883
08/08/2015 10:00,0.465565952,0.395155936
08/08/2015 11:00,0.513819536,0.442917101
08/08/2015 12:00,0.569525192,0.485370285
08/08/2015 13:00,0.61411794,0.526347818
08/08/2015 14:00,0.638871264,0.571279532
08/08/2015 15:00,0.629548874,0.604853622
08/08/2015 16:00,0.588370256,0.606058659
08/08/2015 17:00,0.560812916,0.588232476
08/08/2015 18:00,0.547605803,0.563728321
08/08/2015 19:00,0.539156081,0.522414612
08/08/2015 20:00,0.541166098,0.481960112
08/08/2015 21:00,0.543871359,0.440664831
08/08/2015 22:00,0.540502143,0.436639585
08/08/2015 23:00,0.537810986,0.404481992
09/08/2015 00:00,0.538493879,0.401178592
09/08/2015 01:00,0.542431916,0.396143401
09/08/2015 02:00,0.545825567,0.394867737
09/08/2015 03:00,0.54630352,0.387733127
09/08/2015 04:00,0.527929152,0.353774744
09/08/2015 05:00,0.446278476,0.361175909
09/08/2015 06:00,0.45197762,0.395878726
09/08/2015 07:00,0.486289753,0.428763446
09/08/2015 08:00,0.479229552,0.453798255
09/08/2015 09:00,0.454623698,0.469336892
09/08/2015 10:00,0.431892795,0.489932077
09/08/2015 11:00,0.436798726,0.523585865
09/08/2015 12:00,0.459300089,0.550730858
09/08/2015 13:00,0.478563467,0.559913666
09/08/2015 14:00,0.490824068,0.576348819
09/08/2015 15:00,0.484337401,0.596061765
09/08/2015 16:00,0.459240608,0.593590544
09/08/2015 17:00,0.450114712,0.581910189
09/08/2015 18:00,0.446201199,0.559292974
09/08/2015 19:00,0.451234108,0.521161466
09/08/2015 20:00,0.465406696,0.479762278
09/08/2015 21:00,0.467511018,0.443689366
09/08/2015 22:00,0.442784693,0.425383241
09/08/2015 23:00,0.452897008,0.402876836
10/08/2015 00:00,0.460732128,0.381572491
10/08/2015 01:00,0.470173341,0.377546746
10/08/2015 02:00,0.487303957,0.358619264
10/08/2015 03:00,0.489570515,0.360713369
10/08/2015 04:00,0.46702225,0.345909571
10/08/2015 05:00,0.370641903,0.363725039
10/08/2015 06:00,0.354110758,0.409571895
10/08/2015 07:00,0.382466202,0.448771601
10/08/2015 08:00,0.365546509,0.472305317
10/08/2015 09:00,0.336899018,0.486931501
10/08/2015 10:00,0.346522293,0.507359242
10/08/2015 11:00,0.353264102,0.515683301
10/08/2015 12:00,0.370703235,0.530706166
10/08/2015 13:00,0.387443783,0.543446854
10/08/2015 14:00,0.406034153,0.557362882
10/08/2015 15:00,0.413176264,0.563781093
10/08/2015 16:00,0.412983525,0.566675093
10/08/2015 17:00,0.417106381,0.56678548
10/08/2015 18:00,0.424043936,0.565173792
10/08/2015 19:00,0.429344384,0.540118971
10/08/2015 20:00,0.42959862,0.51619986
10/08/2015 21:00,0.427633931,0.493233706
10/08/2015 22:00,0.422918866,0.442210585
10/08/2015 23:00,0.404673998,0.43021097
11/08/2015 00:00,0.392014845,0.416458432
11/08/2015 01:00,0.378851934,0.403148143
11/08/2015 02:00,0.362217896,0.391082894
11/08/2015 03:00,0.343213514,0.375130643
11/08/2015 04:00,0.311047746,0.343491312
11/08/2015 05:00,0.24014725,0.317336827
11/08/2015 06:00,0.214264764,0.329093446
11/08/2015 07:00,0.235653804,0.33119985
11/08/2015 08:00,0.236589822,0.336934447
11/08/2015 09:00,0.232529644,0.343909026
11/08/2015 10:00,0.208261976,0.323427986
11/08/2015 11:00,0.215521632,0.338055417
11/08/2015 12:00,0.231430634,0.370387334
11/08/2015 13:00,0.256108641,0.409247582
11/08/2015 14:00,0.279674926,0.453005377
11/08/2015 15:00,0.303645049,0.488559613
11/08/2015 16:00,0.333703139,0.503228012
11/08/2015 17:00,0.367334871,0.498285821
11/08/2015 18:00,0.392140476,0.480020301
11/08/2015 19:00,0.402082461,0.441300953
11/08/2015 20:00,0.408084703,0.395037804
11/08/2015 21:00,0.406992354,0.35853632
11/08/2015 22:00,0.418116581,0.32907288
11/08/2015 23:00,0.401897706,0.311312398
12/08/2015 00:00,0.38201608,0.291366058
12/08/2015 01:00,0.361140322,0.275052937
12/08/2015 02:00,0.339814022,0.266052367
12/08/2015 03:00,0.322862374,0.259332006
12/08/2015 04:00,0.303563979,0.246265858
12/08/2015 05:00,0.244388132,0.231935469
12/08/2015 06:00,0.221480559,0.262456244
12/08/2015 07:00,0.2474217,0.290519894
12/08/2015 08:00,0.268315544,0.307709277
12/08/2015 09:00,0.29329308,0.323873505
12/08/2015 10:00,0.307490082,0.284258527
12/08/2015 11:00,0.363503472,0.320963081
12/08/2015 12:00,0.429948808,0.373780162
12/08/2015 13:00,0.493195686,0.421794457
12/08/2015 14:00,0.540858899,0.464467721
12/08/2015 15:00,0.549856989,0.493693131
12/08/2015 16:00,0.54361867,0.498439259
12/08/2015 17:00,0.549616904,0.500582709
12/08/2015 18:00,0.557171051,0.485756947
12/08/2015 19:00,0.566224018,0.450202656
12/08/2015 20:00,0.579142277,0.407137108
12/08/2015 21:00,0.587040064,0.381145269
12/08/2015 22:00,0.586221438,0.349642405
12/08/2015 23:00,0.589801615,0.329773795
13/08/2015 00:00,0.59052613,0.322264334
13/08/2015 01:00,0.590881665,0.305118411
13/08/2015 02:00,0.582922714,0.300485806
13/08/2015 03:00,0.572617065,0.299470248
13/08/2015 04:00,0.549670279,0.290328101
13/08/2015 05:00,0.460388224,0.292875897
13/08/2015 06:00,0.4640586,0.331023447
13/08/2015 07:00,0.48844632,0.357475389
13/08/2015 08:00,0.47623921,0.367776791
13/08/2015 09:00,0.459563741,0.372991226
13/08/2015 10:00,0.460367467,0.344741411
13/08/2015 11:00,0.491231015,0.358172173
13/08/2015 12:00,0.538651942,0.382988559
13/08/2015 13:00,0.592333751,0.414976762
13/08/2015 14:00,0.628582596,0.453685885
13/08/2015 15:00,0.631173027,0.485375527
13/08/2015 16:00,0.609975916,0.490093275
13/08/2015 17:00,0.602343991,0.503289638
13/08/2015 18:00,0.608471575,0.485507065
13/08/2015 19:00,0.61405817,0.457228263
13/08/2015 20:00,0.621543219,0.414242084
13/08/2015 21:00,0.614455762,0.384955655
13/08/2015 22:00,0.624388636,0.313608932
13/08/2015 23:00,0.618186752,0.300252421
14/08/2015 00:00,0.611305911,0.294636382
14/08/2015 01:00,0.601706549,0.286537025
14/08/2015 02:00,0.590856572,0.28646797
14/08/2015 03:00,0.573968391,0.288743329
14/08/2015 04:00,0.542672829,0.273058558
14/08/2015 05:00,0.442367677,0.250246742
14/08/2015 06:00,0.444083827,0.270889486
14/08/2015 07:00,0.44887733,0.301910172
14/08/2015 08:00,0.418202856,0.319689888
14/08/2015 09:00,0.39537089,0.327898743
14/08/2015 10:00,0.394044784,0.333822854
14/08/2015 11:00,0.412490094,0.35605104
14/08/2015 12:00,0.439045448,0.38335187
14/08/2015 13:00,0.462285829,0.409168738
14/08/2015 14:00,0.472786075,0.429971952
14/08/2015 15:00,0.465426319,0.449583281
14/08/2015 16:00,0.457491146,0.436981186
14/08/2015 17:00,0.466505535,0.435225232
14/08/2015 18:00,0.483711671,0.409197126
14/08/2015 19:00,0.492685689,0.367045754
14/08/2015 20:00,0.503637223,0.324035821
14/08/2015 21:00,0.49869943,0.296542512
14/08/2015 22:00,0.491891248,0.233069484
14/08/2015 23:00,0.489884,0.231571094
15/08/2015 00:00,0.490243232,0.226013214
15/08/2015 01:00,0.483190628,0.220770725
15/08/2015 02:00,0.468007251,0.213775972
15/08/2015 03:00,0.4450111,0.209869854
15/08/2015 04:00,0.412815387,0.202638686
15/08/2015 05:00,0.3087708,0.178481361
15/08/2015 06:00,0.275073745,0.171277537
15/08/2015 07:00,0.276270136,0.173209745
15/08/2015 08:00,0.248746278,0.167287371
15/08/2015 09:00,0.220795478,0.163077854
15/08/2015 10:00,0.210009994,0.124339894
15/08/2015 11:00,0.224164896,0.145983097
15/08/2015 12:00,0.24762623,0.183072901
15/08/2015 13:00,0.273500016,0.216549297
15/08/2015 14:00,0.290657749,0.255403647
15/08/2015 15:00,0.303687543,0.283506178
15/08/2015 16:00,0.327775576,0.306390143
15/08/2015 17:00,0.3535494,0.314939531
15/08/2015 18:00,0.368861346,0.285163665
15/08/2015 19:00,0.380675839,0.240500828
15/08/2015 20:00,0.384627351,0.202350408
15/08/2015 21:00,0.381357799,0.175366114
15/08/2015 22:00,0.358948048,0.128964492
15/08/2015 23:00,0.356361919,0.125068038
16/08/2015 00:00,0.361378022,0.120146169
16/08/2015 01:00,0.360537863,0.114536199
16/08/2015 02:00,0.36015732,0.109031463
16/08/2015 03:00,0.351893499,0.107106108
16/08/2015 04:00,0.336942,0.101314782
16/08/2015 05:00,0.272280042,0.092649792
16/08/2015 06:00,0.224871787,0.089354031
16/08/2015 07:00,0.226770436,0.098408076
16/08/2015 08:00,0.215785148,0.113898058
16/08/2015 09:00,0.206764988,0.13833733
16/08/2015 10:00,0.224427319,0.118667993
16/08/2015 11:00,0.236928258,0.152055755
16/08/2015 12:00,0.255495497,0.194065584
16/08/2015 13:00,0.27755565,0.234739287
16/08/2015 14:00,0.301336147,0.265645915
16/08/2015 15:00,0.324304038,0.293498243
16/08/2015 16:00,0.35278393,0.3114039
16/08/2015 17:00,0.37769837,0.313117548
16/08/2015 18:00,0.388042545,0.277016476
16/08/2015 19:00,0.390481492,0.22833473
16/08/2015 20:00,0.390360819,0.188486854
16/08/2015 21:00,0.381544072,0.159334611
16/08/2015 22:00,0.357467193,0.118063802
16/08/2015 23:00,0.361664993,0.103980605
17/08/2015 00:00,0.367307673,0.095161241
17/08/2015 01:00,0.373095913,0.092678933
17/08/2015 02:00,0.370473929,0.089489367
17/08/2015 03:00,0.369157993,0.089554989
17/08/2015 04:00,0.36270573,0.088078423
17/08/2015 05:00,0.304509751,0.078986179
17/08/2015 06:00,0.252435348,0.077665925
17/08/2015 07:00,0.269125981,0.092085349
17/08/2015 08:00,0.277884935,0.113446692
17/08/2015 09:00,0.271123427,0.145787407
17/08/2015 10:00,0.26847314,0.149409114
17/08/2015 11:00,0.288786472,0.201133049
17/08/2015 12:00,0.321663585,0.250190576
17/08/2015 13:00,0.364654268,0.294678175
17/08/2015 14:00,0.400874497,0.331835039
17/08/2015 15:00,0.424499333,0.362093417
17/08/2015 16:00,0.430175064,0.369062044
17/08/2015 17:00,0.445672365,0.368198911
17/08/2015 18:00,0.444433516,0.336827827
17/08/2015 19:00,0.445665984,0.302944661
17/08/2015 20:00,0.43220102,0.27930828
17/08/2015 21:00,0.425691674,0.260833689
17/08/2015 22:00,0.431733125,0.212691709
17/08/2015 23:00,0.413601532,0.201608296
18/08/2015 00:00,0.409412322,0.19732315
18/08/2015 01:00,0.392181224,0.198008428
18/08/2015 02:00,0.378801912,0.196189451
18/08/2015 03:00,0.366777141,0.193019931
18/08/2015 04:00,0.348496146,0.192266609
18/08/2015 05:00,0.282572698,0.163927261
18/08/2015 06:00,0.22011187,0.204220382
18/08/2015 07:00,0.229429327,0.261226251
18/08/2015 08:00,0.23653017,0.292340613
18/08/2015 09:00,0.244815232,0.332484701
18/08/2015 10:00,0.256505242,0.341047839
18/08/2015 11:00,0.28165142,0.378411149
18/08/2015 12:00,0.310626216,0.429132242
18/08/2015 13:00,0.346052639,0.472703561
18/08/2015 14:00,0.372817837,0.509614091
18/08/2015 15:00,0.387267604,0.550080523
18/08/2015 16:00,0.397073216,0.554010746
18/08/2015 17:00,0.408321096,0.563220159
18/08/2015 18:00,0.418808592,0.541447561
18/08/2015 19:00,0.419073853,0.50903622
18/08/2015 20:00,0.406240636,0.468749907
18/08/2015 21:00,0.389599955,0.436284034
18/08/2015 22:00,0.404351589,0.410140783
18/08/2015 23:00,0.395664109,0.402558613
19/08/2015 00:00,0.395438668,0.390087176
19/08/2015 01:00,0.374815663,0.379469264
19/08/2015 02:00,0.352545737,0.376648273
19/08/2015 03:00,0.326599166,0.373596152
19/08/2015 04:00,0.30398508,0.362384211
19/08/2015 05:00,0.240633676,0.35292467
19/08/2015 06:00,0.183815955,0.406176033
19/08/2015 07:00,0.185915637,0.466363234
19/08/2015 08:00,0.188860971,0.507940715
19/08/2015 09:00,0.200199183,0.510409676
19/08/2015 10:00,0.249763522,0.493022972
19/08/2015 11:00,0.301890748,0.503580121
19/08/2015 12:00,0.352639155,0.510722338
19/08/2015 13:00,0.392881284,0.517729746
19/08/2015 14:00,0.426184003,0.531255028
19/08/2015 15:00,0.436399197,0.533465562
19/08/2015 16:00,0.44008807,0.516598406
19/08/2015 17:00,0.442064272,0.514079363
19/08/2015 18:00,0.439324052,0.497706707
19/08/2015 19:00,0.417321723,0.461821417
19/08/2015 20:00,0.397623611,0.418154806
19/08/2015 21:00,0.375541297,0.38067496
19/08/2015 22:00,0.374248503,0.341752768
19/08/2015 23:00,0.366585343,0.321956417
20/08/2015 00:00,0.362003983,0.312502429
20/08/2015 01:00,0.350545034,0.301180777
20/08/2015 02:00,0.329007562,0.283017928
20/08/2015 03:00,0.303559213,0.268010138
20/08/2015 04:00,0.271878245,0.253130253
20/08/2015 05:00,0.210986642,0.231756245
20/08/2015 06:00,0.155118033,0.239340272
20/08/2015 07:00,0.153963061,0.238707235
20/08/2015 08:00,0.176356977,0.233466084
20/08/2015 09:00,0.220550415,0.231409648
20/08/2015 10:00,0.319312562,0.232513717
20/08/2015 11:00,0.366758191,0.245884093
20/08/2015 12:00,0.412370711,0.273378613
20/08/2015 13:00,0.448549592,0.301096073
20/08/2015 14:00,0.472539878,0.332471378
20/08/2015 15:00,0.458619422,0.360974081
20/08/2015 16:00,0.458437291,0.383413925
20/08/2015 17:00,0.459382852,0.386569093
20/08/2015 18:00,0.460061091,0.343536046
20/08/2015 19:00,0.441833647,0.292621854
20/08/2015 20:00,0.425797219,0.249449632
20/08/2015 21:00,0.408341125,0.215305487
20/08/2015 22:00,0.393289855,0.174762456
20/08/2015 23:00,0.378014981,0.162576784
21/08/2015 00:00,0.367306233,0.150376183
21/08/2015 01:00,0.350340122,0.1448049
21/08/2015 02:00,0.330927633,0.135835342
21/08/2015 03:00,0.310815441,0.129311002
21/08/2015 04:00,0.292437862,0.125378856
21/08/2015 05:00,0.236257434,0.111388259
21/08/2015 06:00,0.196116083,0.113464664
21/08/2015 07:00,0.208859603,0.130489182
21/08/2015 08:00,0.238363004,0.143322845
21/08/2015 09:00,0.280514751,0.160265325
21/08/2015 10:00,0.36788789,0.179133486
21/08/2015 11:00,0.399519114,0.207277947
21/08/2015 12:00,0.436284338,0.245341952
21/08/2015 13:00,0.470163818,0.276184847
21/08/2015 14:00,0.487705065,0.315624533
21/08/2015 15:00,0.475985624,0.342430174
21/08/2015 16:00,0.460930928,0.349739801
21/08/2015 17:00,0.466263022,0.349409934
21/08/2015 18:00,0.464973345,0.317490512
21/08/2015 19:00,0.465684262,0.281487592
21/08/2015 20:00,0.463243799,0.24932321
21/08/2015 21:00,0.460660691,0.227026802
21/08/2015 22:00,0.444957986,0.186960927
21/08/2015 23:00,0.446435711,0.182835478
22/08/2015 00:00,0.440011726,0.183663236
22/08/2015 01:00,0.428084279,0.183529112
22/08/2015 02:00,0.40892598,0.186753627
22/08/2015 03:00,0.395047421,0.188876361
22/08/2015 04:00,0.368688453,0.187043364
22/08/2015 05:00,0.295157033,0.178177434
22/08/2015 06:00,0.252823336,0.20744826
22/08/2015 07:00,0.271510734,0.227411131
22/08/2015 08:00,0.280914511,0.244270019
22/08/2015 09:00,0.284170761,0.261474149
22/08/2015 10:00,0.311183493,0.282383221
22/08/2015 11:00,0.323778403,0.306599224
22/08/2015 12:00,0.347809319,0.347686078
22/08/2015 13:00,0.381665008,0.386359204
22/08/2015 14:00,0.406715113,0.434083108
22/08/2015 15:00,0.416635996,0.464032851
22/08/2015 16:00,0.421168126,0.462002605
22/08/2015 17:00,0.443117178,0.46490602
22/08/2015 18:00,0.459675366,0.436984561
22/08/2015 19:00,0.466309136,0.401477372
22/08/2015 20:00,0.466117546,0.361645102
22/08/2015 21:00,0.455323854,0.333723159
22/08/2015 22:00,0.441891555,0.269961336
22/08/2015 23:00,0.423947603,0.259399878
23/08/2015 00:00,0.408708881,0.255270303
23/08/2015 01:00,0.395544117,0.246118089
23/08/2015 02:00,0.385872234,0.241436756
23/08/2015 03:00,0.374276337,0.241614438
23/08/2015 04:00,0.347464696,0.23664563
23/08/2015 05:00,0.274175932,0.20803112
23/08/2015 06:00,0.22373695,0.216962991
23/08/2015 07:00,0.256336115,0.231711058
23/08/2015 08:00,0.277289504,0.24813168
23/08/2015 09:00,0.280595838,0.258699921
23/08/2015 10:00,0.300245086,0.239827701
23/08/2015 11:00,0.307095934,0.261348196
23/08/2015 12:00,0.318179133,0.284566287
23/08/2015 13:00,0.338664,0.303740949
23/08/2015 14:00,0.354118038,0.323894124
23/08/2015 15:00,0.36415119,0.348631162
23/08/2015 16:00,0.390609398,0.374026567
23/08/2015 17:00,0.423761824,0.38711591
23/08/2015 18:00,0.4451405,0.356439848
23/08/2015 19:00,0.453668943,0.311543859
23/08/2015 20:00,0.447873939,0.26877709
23/08/2015 21:00,0.432568616,0.235572606
23/08/2015 22:00,0.38572788,0.190125146
23/08/2015 23:00,0.37472718,0.176961268
24/08/2015 00:00,0.369107986,0.159707141
24/08/2015 01:00,0.361288502,0.145535143
24/08/2015 02:00,0.352521307,0.137844658
24/08/2015 03:00,0.340577918,0.137317067
24/08/2015 04:00,0.31879325,0.138723518
24/08/2015 05:00,0.25480937,0.132604911
24/08/2015 06:00,0.20771067,0.129332203
24/08/2015 07:00,0.268297371,0.13566293
24/08/2015 08:00,0.312192786,0.148643199
24/08/2015 09:00,0.324940856,0.172250962
24/08/2015 10:00,0.329871429,0.168151064
24/08/2015 11:00,0.329502482,0.195603442
24/08/2015 12:00,0.336580756,0.216806223
24/08/2015 13:00,0.352406711,0.237025197
24/08/2015 14:00,0.369624536,0.265722523
24/08/2015 15:00,0.374273742,0.298115529
24/08/2015 16:00,0.393674033,0.322063459
24/08/2015 17:00,0.416589758,0.327112258
24/08/2015 18:00,0.431617341,0.291046964
24/08/2015 19:00,0.432536535,0.246093362
24/08/2015 20:00,0.418709467,0.203989421
24/08/2015 21:00,0.408018431,0.169635572
24/08/2015 22:00,0.454166301,0.146433652
24/08/2015 23:00,0.433509382,0.123833158
25/08/2015 00:00,0.410456698,0.103017152
25/08/2015 01:00,0.391488045,0.094260425
25/08/2015 02:00,0.363927058,0.085388808
25/08/2015 03:00,0.331742967,0.07869306
25/08/2015 04:00,0.293691678,0.077605745
25/08/2015 05:00,0.227830804,0.067494233
25/08/2015 06:00,0.181255997,0.060986013
25/08/2015 07:00,0.215377288,0.069170076
25/08/2015 08:00,0.254110378,0.083079611
25/08/2015 09:00,0.286340726,0.108005398
25/08/2015 10:00,0.322025772,0.108013715
25/08/2015 11:00,0.352550489,0.13717232
25/08/2015 12:00,0.388028756,0.170770773
25/08/2015 13:00,0.424923477,0.198780469
25/08/2015 14:00,0.450126136,0.23226478
25/08/2015 15:00,0.445093083,0.264315432
25/08/2015 16:00,0.443407254,0.293748599
25/08/2015 17:00,0.446941103,0.304771424
25/08/2015 18:00,0.45223323,0.286247364
25/08/2015 19:00,0.44193549,0.259826077
25/08/2015 20:00,0.431600802,0.229857941
25/08/2015 21:00,0.428602039,0.199798397
25/08/2015 22:00,0.449652155,0.166521919
25/08/2015 23:00,0.439573256,0.142406005
26/08/2015 00:00,0.431423563,0.119913734
26/08/2015 01:00,0.413767298,0.108553854
26/08/2015 02:00,0.390917732,0.099972319
26/08/2015 03:00,0.368215397,0.091267473
26/08/2015 04:00,0.345941594,0.083968141
26/08/2015 05:00,0.287442415,0.069753882
26/08/2015 06:00,0.261908468,0.062308527
26/08/2015 07:00,0.272708841,0.075093087
26/08/2015 08:00,0.258721788,0.09345161
26/08/2015 09:00,0.253265704,0.119851819
26/08/2015 10:00,0.287032123,0.134359669
26/08/2015 11:00,0.306127223,0.16101366
26/08/2015 12:00,0.341847914,0.189486769
26/08/2015 13:00,0.379072003,0.216132664
26/08/2015 14:00,0.412289051,0.25202643
26/08/2015 15:00,0.420964261,0.293622535
26/08/2015 16:00,0.432042537,0.331398586
26/08/2015 17:00,0.449380898,0.340563922
26/08/2015 18:00,0.46895455,0.323955446
26/08/2015 19:00,0.480743153,0.29160448
26/08/2015 20:00,0.491407906,0.253882052
26/08/2015 21:00,0.488625933,0.212335943
26/08/2015 22:00,0.476815185,0.159361351
26/08/2015 23:00,0.452112654,0.142984023
27/08/2015 00:00,0.435750964,0.131176218
27/08/2015 01:00,0.417457156,0.124537372
27/08/2015 02:00,0.397375379,0.114869696
27/08/2015 03:00,0.382350977,0.106129217
27/08/2015 04:00,0.362312243,0.098891903
27/08/2015 05:00,0.291905547,0.080878777
27/08/2015 06:00,0.253902502,0.079629665
27/08/2015 07:00,0.247450381,0.095174781
27/08/2015 08:00,0.229410407,0.117846473
27/08/2015 09:00,0.212422866,0.14699711
27/08/2015 10:00,0.208718557,0.176890207
27/08/2015 11:00,0.216511672,0.212473897
27/08/2015 12:00,0.239357077,0.247623896
27/08/2015 13:00,0.27188812,0.281882666
27/08/2015 14:00,0.311079033,0.320592968
27/08/2015 15:00,0.352181488,0.357298589
27/08/2015 16:00,0.397922114,0.378212337
27/08/2015 17:00,0.449414032,0.378526082
27/08/2015 18:00,0.478603451,0.351388411
27/08/2015 19:00,0.487403254,0.304845387
27/08/2015 20:00,0.478088426,0.246782692
27/08/2015 21:00,0.460836862,0.199223682
27/08/2015 22:00,0.418915057,0.157064224
27/08/2015 23:00,0.40671182,0.144520882
28/08/2015 00:00,0.400617888,0.140020698
28/08/2015 01:00,0.388161091,0.139940023
28/08/2015 02:00,0.372791625,0.135396222
28/08/2015 03:00,0.360124172,0.132472949
28/08/2015 04:00,0.335922333,0.126917887
28/08/2015 05:00,0.264599232,0.115831386
28/08/2015 06:00,0.208413718,0.127036533
28/08/2015 07:00,0.220077372,0.156824784
28/08/2015 08:00,0.235153229,0.192089476
28/08/2015 09:00,0.244603407,0.227117622
28/08/2015 10:00,0.264956453,0.238557785
28/08/2015 11:00,0.267235544,0.259224955
28/08/2015 12:00,0.277072165,0.275922821
28/08/2015 13:00,0.299379187,0.297658509
28/08/2015 14:00,0.330479005,0.33196324
28/08/2015 15:00,0.364306163,0.350489608
28/08/2015 16:00,0.406470939,0.346148879
28/08/2015 17:00,0.451996224,0.348782584
28/08/2015 18:00,0.483666477,0.31506602
28/08/2015 19:00,0.488355579,0.275856296
28/08/2015 20:00,0.477082302,0.243553924
28/08/2015 21:00,0.452931739,0.222547445
28/08/2015 22:00,0.452816267,0.211492445
28/08/2015 23:00,0.427955199,0.199529589
29/08/2015 00:00,0.40597305,0.190355776
29/08/2015 01:00,0.385742026,0.18699443
29/08/2015 02:00,0.363727145,0.180734626
29/08/2015 03:00,0.340178894,0.178646677
29/08/2015 04:00,0.308556366,0.1788776
29/08/2015 05:00,0.240709767,0.160221816
29/08/2015 06:00,0.184829185,0.179631585
29/08/2015 07:00,0.230960748,0.2321754
29/08/2015 08:00,0.286277058,0.270103389
29/08/2015 09:00,0.317226067,0.299313517
29/08/2015 10:00,0.366008754,0.281107134
29/08/2015 11:00,0.37207957,0.306362787
29/08/2015 12:00,0.378909467,0.322539418
29/08/2015 13:00,0.386243473,0.351995013
29/08/2015 14:00,0.403000235,0.380241157
29/08/2015 15:00,0.416459626,0.388470134
29/08/2015 16:00,0.444601233,0.382768086
29/08/2015 17:00,0.483208476,0.366763059
29/08/2015 18:00,0.502062974,0.328093611
29/08/2015 19:00,0.503097,0.281168004
29/08/2015 20:00,0.488952224,0.24342966
29/08/2015 21:00,0.471910814,0.207981771
29/08/2015 22:00,0.442324164,0.180414762
29/08/2015 23:00,0.428129587,0.176081063
30/08/2015 00:00,0.420263734,0.173525572
30/08/2015 01:00,0.406331237,0.17541383
30/08/2015 02:00,0.388953115,0.16869104
30/08/2015 03:00,0.371606844,0.159935292
30/08/2015 04:00,0.33840139,0.146918908
30/08/2015 05:00,0.264947691,0.129396725
30/08/2015 06:00,0.219787649,0.130227731
30/08/2015 07:00,0.274053813,0.143439712
30/08/2015 08:00,0.319788398,0.166986785
30/08/2015 09:00,0.335641197,0.206701324
30/08/2015 10:00,0.335518996,0.191360712
30/08/2015 11:00,0.343654237,0.231124634
30/08/2015 12:00,0.365360262,0.265260565
30/08/2015 13:00,0.393903819,0.295152758
30/08/2015 14:00,0.4181856,0.317193705
30/08/2015 15:00,0.420146199,0.341575632
30/08/2015 16:00,0.423436403,0.349341735
30/08/2015 17:00,0.442137716,0.355338221
30/08/2015 18:00,0.454077407,0.325255157
30/08/2015 19:00,0.450783988,0.28537979
30/08/2015 20:00,0.435838801,0.242663093
30/08/2015 21:00,0.413049584,0.211797701
30/08/2015 22:00,0.387496926,0.182304946
30/08/2015 23:00,0.356156301,0.171519055
31/08/2015 00:00,0.329492486,0.154659501
31/08/2015 01:00,0.312751614,0.149505746
31/08/2015 02:00,0.301782403,0.147086675
31/08/2015 03:00,0.29060429,0.151433236
31/08/2015 04:00,0.27238101,0.153761897
31/08/2015 05:00,0.219923826,0.140943823
31/08/2015 06:00,0.169159318,0.139665661
31/08/2015 07:00,0.190264547,0.158909267
31/08/2015 08:00,0.197383569,0.18366307
31/08/2015 09:00,0.208115306,0.209863893
31/08/2015 10:00,0.257496168,0.193471554
31/08/2015 11:00,0.285802989,0.233700607
31/08/2015 12:00,0.311400684,0.270013429
31/08/2015 13:00,0.340629126,0.31167023
31/08/2015 14:00,0.362091492,0.350652289
31/08/2015 15:00,0.369816123,0.381824003
31/08/2015 16:00,0.366442931,0.391320753
31/08/2015 17:00,0.373767815,0.405440167
31/08/2015 18:00,0.383547596,0.384308688
31/08/2015 19:00,0.387699366,0.340750731
31/08/2015 20:00,0.386689539,0.305961084
31/08/2015 21:00,0.379929232,0.275893062
31/08/2015 22:00,0.37283137,0.230984965
31/08/2015 23:00,0.364981659,0.216645118
01/09/2015 00:00,0.368553566,0.20046221
01/09/2015 01:00,0.366354042,0.202191772
01/09/2015 02:00,0.367468712,0.20086958
01/09/2015 03:00,0.358781428,0.201557685
01/09/2015 04:00,0.342824196,0.201066423
01/09/2015 05:00,0.287814148,0.181380245
01/09/2015 06:00,0.237115607,0.168727957
01/09/2015 07:00,0.279682648,0.197292521
01/09/2015 08:00,0.299982039,0.210329834
01/09/2015 09:00,0.29194037,0.203606852
01/09/2015 10:00,0.304774377,0.184511566
01/09/2015 11:00,0.316777126,0.190456732
01/09/2015 12:00,0.336008134,0.205070749
01/09/2015 13:00,0.359031949,0.233158232
01/09/2015 14:00,0.372987934,0.268474736
01/09/2015 15:00,0.379029599,0.304326811
01/09/2015 16:00,0.378338704,0.332153947
01/09/2015 17:00,0.400811514,0.33334143
01/09/2015 18:00,0.420844742,0.308787544
01/09/2015 19:00,0.423963264,0.272920602
01/09/2015 20:00,0.423409876,0.242091567
01/09/2015 21:00,0.412990787,0.217453239
01/09/2015 22:00,0.416982869,0.181223396
01/09/2015 23:00,0.409768295,0.16859244
02/09/2015 00:00,0.404636933,0.162429472
02/09/2015 01:00,0.400427605,0.155532054
02/09/2015 02:00,0.397069578,0.152145077
02/09/2015 03:00,0.390721807,0.1544675
02/09/2015 04:00,0.371376683,0.162784702
02/09/2015 05:00,0.318829317,0.157789704
02/09/2015 06:00,0.262315617,0.153542648
02/09/2015 07:00,0.29565066,0.188858058
02/09/2015 08:00,0.302959695,0.218797015
02/09/2015 09:00,0.290468424,0.24899393
02/09/2015 10:00,0.305317775,0.28614265
02/09/2015 11:00,0.318044128,0.315115508
02/09/2015 12:00,0.327928703,0.350118325
02/09/2015 13:00,0.343428582,0.384089511
02/09/2015 14:00,0.356652039,0.421934592
02/09/2015 15:00,0.354755149,0.445606564
02/09/2015 16:00,0.355174519,0.443317038
02/09/2015 17:00,0.373846867,0.439475901
02/09/2015 18:00,0.392974296,0.417684981
02/09/2015 19:00,0.401283167,0.373773959
02/09/2015 20:00,0.397168238,0.344269912
02/09/2015 21:00,0.389067213,0.316660941
02/09/2015 22:00,0.357401751,0.263038182
02/09/2015 23:00,0.349064397,0.252532234
03/09/2015 00:00,0.338986629,0.236603769
03/09/2015 01:00,0.333229269,0.22818841
03/09/2015 02:00,0.324697964,0.219855692
03/09/2015 03:00,0.314362396,0.215360432
03/09/2015 04:00,0.296387738,0.208993167
03/09/2015 05:00,0.24396912,0.193964365
03/09/2015 06:00,0.171846584,0.191604902
03/09/2015 07:00,0.177855185,0.205451855
03/09/2015 08:00,0.183638782,0.216240063
03/09/2015 09:00,0.172450136,0.230433758
03/09/2015 10:00,0.182221575,0.227102778
03/09/2015 11:00,0.197957896,0.260845404
03/09/2015 12:00,0.217635072,0.289816901
03/09/2015 13:00,0.235820023,0.310113672
03/09/2015 14:00,0.247133393,0.328748952
03/09/2015 15:00,0.251987109,0.341461788
03/09/2015 16:00,0.268652496,0.340544519
03/09/2015 17:00,0.294691805,0.339762999
03/09/2015 18:00,0.316957077,0.30231303
03/09/2015 19:00,0.324809799,0.251047644
03/09/2015 20:00,0.322231207,0.206020087
03/09/2015 21:00,0.30869756,0.172882953
03/09/2015 22:00,0.272331443,0.139908704
03/09/2015 23:00,0.266905507,0.12960435
04/09/2015 00:00,0.263349217,0.115485577
04/09/2015 01:00,0.267943106,0.110373841
04/09/2015 02:00,0.274348747,0.10794172
04/09/2015 03:00,0.280663517,0.107275655
04/09/2015 04:00,0.274865581,0.103764315
04/09/2015 05:00,0.254223156,0.08262045
04/09/2015 06:00,0.20066352,0.075816002
04/09/2015 07:00,0.211559899,0.083286711
04/09/2015 08:00,0.215988184,0.085387709
04/09/2015 09:00,0.198961109,0.098762233
04/09/2015 10:00,0.162322777,0.100423766
04/09/2015 11:00,0.160743894,0.128106068
04/09/2015 12:00,0.177246544,0.154790573
04/09/2015 13:00,0.205029616,0.179728715
04/09/2015 14:00,0.230770876,0.201683065
04/09/2015 15:00,0.262262492,0.219897872
04/09/2015 16:00,0.313032206,0.229322353
04/09/2015 17:00,0.361979613,0.223032777
04/09/2015 18:00,0.398061021,0.194652721
04/09/2015 19:00,0.421033277,0.165215247
04/09/2015 20:00,0.439848004,0.142883704
04/09/2015 21:00,0.456247768,0.12324795
04/09/2015 22:00,0.454620513,0.099949795
04/09/2015 23:00,0.457414731,0.082184642
05/09/2015 00:00,0.453247688,0.067979268
05/09/2015 01:00,0.442841851,0.060043926
05/09/2015 02:00,0.433263238,0.054288786
05/09/2015 03:00,0.422103397,0.048723813
05/09/2015 04:00,0.404053476,0.047460033
05/09/2015 05:00,0.333910478,0.047398859
05/09/2015 06:00,0.29049121,0.037947567
05/09/2015 07:00,0.288100459,0.054887854
05/09/2015 08:00,0.285817718,0.089214897
05/09/2015 09:00,0.2729244,0.137242563
05/09/2015 10:00,0.247489151,0.189717836
05/09/2015 11:00,0.25212093,0.229973394
05/09/2015 12:00,0.269400454,0.253728008
05/09/2015 13:00,0.297707563,0.27545404
05/09/2015 14:00,0.337160641,0.294809801
05/09/2015 15:00,0.367604416,0.322325071
05/09/2015 16:00,0.404755057,0.317247595
05/09/2015 17:00,0.438613419,0.293825994
05/09/2015 18:00,0.45221382,0.261517976
05/09/2015 19:00,0.456658531,0.236275574
05/09/2015 20:00,0.449793704,0.212382005
05/09/2015 21:00,0.434685172,0.194931226
05/09/2015 22:00,0.418624635,0.221655249
05/09/2015 23:00,0.401322414,0.204486416
06/09/2015 00:00,0.397028116,0.189988208
06/09/2015 01:00,0.399115535,0.172962098
06/09/2015 02:00,0.405180508,0.161520746
06/09/2015 03:00,0.403919615,0.159249385
06/09/2015 04:00,0.387319306,0.147482226
06/09/2015 05:00,0.313382336,0.132337937
06/09/2015 06:00,0.258190352,0.156773789
06/09/2015 07:00,0.254588565,0.219146222
06/09/2015 08:00,0.246372601,0.278776027
06/09/2015 09:00,0.257943756,0.331611397
06/09/2015 10:00,0.285592351,0.354741442
06/09/2015 11:00,0.299014579,0.415565805
06/09/2015 12:00,0.312475178,0.449150788
06/09/2015 13:00,0.333469519,0.473958632
06/09/2015 14:00,0.345955223,0.469469662
06/09/2015 15:00,0.344638998,0.449957108
06/09/2015 16:00,0.354107876,0.400538888
06/09/2015 17:00,0.372661979,0.355312834
06/09/2015 18:00,0.383514566,0.309237487
06/09/2015 19:00,0.393867933,0.260428986
06/09/2015 20:00,0.399367962,0.217172049
06/09/2015 21:00,0.396949517,0.178757917
06/09/2015 22:00,0.400212038,0.17540893
06/09/2015 23:00,0.400479992,0.14650986
07/09/2015 00:00,0.392621954,0.128250255
07/09/2015 01:00,0.379956678,0.114638895
07/09/2015 02:00,0.359141267,0.113199455
07/09/2015 03:00,0.333817779,0.113849515
07/09/2015 04:00,0.302941139,0.106667721
07/09/2015 05:00,0.232663584,0.10027229
07/09/2015 06:00,0.188725119,0.131252541
07/09/2015 07:00,0.215954208,0.180404783
07/09/2015 08:00,0.243539246,0.222752139
07/09/2015 09:00,0.265186776,0.271043461
07/09/2015 10:00,0.301199215,0.286359021
07/09/2015 11:00,0.308783198,0.340581252
07/09/2015 12:00,0.321193204,0.371611827
07/09/2015 13:00,0.339520171,0.377326418
07/09/2015 14:00,0.36319116,0.365565616
07/09/2015 15:00,0.374073962,0.337502023
07/09/2015 16:00,0.402459699,0.288765453
07/09/2015 17:00,0.431157503,0.25000875
07/09/2015 18:00,0.449058815,0.214157631
07/09/2015 19:00,0.4556108,0.185787879
07/09/2015 20:00,0.459937422,0.160980768
07/09/2015 21:00,0.447670977,0.140497944
07/09/2015 22:00,0.439749741,0.172362088
07/09/2015 23:00,0.419744079,0.14592789
08/09/2015 00:00,0.390754979,0.128161769
08/09/2015 01:00,0.361773713,0.109164681
08/09/2015 02:00,0.330584647,0.103904133
08/09/2015 03:00,0.304740444,0.099325709
08/09/2015 04:00,0.282706532,0.091423502
08/09/2015 05:00,0.227603794,0.074700559
08/09/2015 06:00,0.183905407,0.079502882
08/09/2015 07:00,0.209972711,0.092177573
08/09/2015 08:00,0.223920561,0.097828663
08/09/2015 09:00,0.208810201,0.113567158
08/09/2015 10:00,0.212224264,0.121636947
08/09/2015 11:00,0.215648108,0.148068367
08/09/2015 12:00,0.230487073,0.173638024
08/09/2015 13:00,0.254542632,0.198482042
08/09/2015 14:00,0.279335682,0.223360018
08/09/2015 15:00,0.301678136,0.240533074
08/09/2015 16:00,0.333959876,0.248109585
08/09/2015 17:00,0.362924073,0.248331379
08/09/2015 18:00,0.379766994,0.22000681
08/09/2015 19:00,0.383498957,0.189599789
08/09/2015 20:00,0.386540541,0.165698563
08/09/2015 21:00,0.377054631,0.144807345
08/09/2015 22:00,0.36668494,0.113234666
08/09/2015 23:00,0.347389123,0.109249508
09/09/2015 00:00,0.331421451,0.110401697
09/09/2015 01:00,0.313858368,0.111186904
09/09/2015 02:00,0.297690815,0.111151095
09/09/2015 03:00,0.28060476,0.11376744
09/09/2015 04:00,0.26119784,0.115353432
09/09/2015 05:00,0.209558278,0.107050812
09/09/2015 06:00,0.145384745,0.097287432
09/09/2015 07:00,0.143485155,0.121317188
09/09/2015 08:00,0.145988311,0.136527966
09/09/2015 09:00,0.1425182,0.148072578
09/09/2015 10:00,0.157550348,0.130147856
09/09/2015 11:00,0.18757529,0.163095883
09/09/2015 12:00,0.227284877,0.199256067
09/09/2015 13:00,0.263712921,0.228075531
09/09/2015 14:00,0.291146646,0.255444978
09/09/2015 15:00,0.317187507,0.27507573
09/09/2015 16:00,0.349424209,0.281448247
09/09/2015 17:00,0.37779752,0.273242881
09/09/2015 18:00,0.38825275,0.243059326
09/09/2015 19:00,0.39081047,0.214526163
09/09/2015 20:00,0.38491108,0.193094969
09/09/2015 21:00,0.372711107,0.174043522
09/09/2015 22:00,0.342418665,0.152828611
09/09/2015 23:00,0.327699672,0.156796393
10/09/2015 00:00,0.318438742,0.159349518
10/09/2015 01:00,0.3062737,0.159710555
10/09/2015 02:00,0.290569885,0.149236412
10/09/2015 03:00,0.274398152,0.14306376
10/09/2015 04:00,0.250531575,0.139628575
10/09/2015 05:00,0.20166048,0.124625325
10/09/2015 06:00,0.158056087,0.115710336
10/09/2015 07:00,0.183692071,0.137180393
10/09/2015 08:00,0.211226335,0.159277324
10/09/2015 09:00,0.233267195,0.180164203
10/09/2015 10:00,0.273933145,0.175451443
10/09/2015 11:00,0.293257498,0.207961673
10/09/2015 12:00,0.313034433,0.231088133
10/09/2015 13:00,0.340015328,0.240870829
10/09/2015 14:00,0.369798638,0.24673401
10/09/2015 15:00,0.397860635,0.249829911
10/09/2015 16:00,0.450326205,0.245767184
10/09/2015 17:00,0.498776393,0.243106845
10/09/2015 18:00,0.520623747,0.224078278
10/09/2015 19:00,0.525991078,0.191481313
10/09/2015 20:00,0.514307112,0.157173848
10/09/2015 21:00,0.493934158,0.129416276
10/09/2015 22:00,0.465351642,0.11383515
10/09/2015 23:00,0.442098132,0.101380052
11/09/2015 00:00,0.422246007,0.09135046
11/09/2015 01:00,0.396825239,0.090310194
11/09/2015 02:00,0.374580562,0.087403848
11/09/2015 03:00,0.349067301,0.082543975
11/09/2015 04:00,0.317991407,0.080355859
11/09/2015 05:00,0.255510691,0.069098042
11/09/2015 06:00,0.201758741,0.054567409
11/09/2015 07:00,0.254726398,0.072036054
11/09/2015 08:00,0.288793268,0.102730484
11/09/2015 09:00,0.285506901,0.130025496
11/09/2015 10:00,0.282237549,0.104140995
11/09/2015 11:00,0.275050751,0.145575122
11/09/2015 12:00,0.28331306,0.179953595
11/09/2015 13:00,0.306415744,0.200592283
11/09/2015 14:00,0.335493327,0.209081209
11/09/2015 15:00,0.354278892,0.211099962
11/09/2015 16:00,0.379077837,0.217517357
11/09/2015 17:00,0.417674265,0.215066754
11/09/2015 18:00,0.440158539,0.201974371
11/09/2015 19:00,0.449216887,0.174142763
11/09/2015 20:00,0.445741953,0.152695573
11/09/2015 21:00,0.422008511,0.139560041
11/09/2015 22:00,0.406739869,0.121061789
11/09/2015 23:00,0.373086587,0.126272961
12/09/2015 00:00,0.341157249,0.128721218
12/09/2015 01:00,0.314921912,0.127627764
12/09/2015 02:00,0.286757688,0.128095703
12/09/2015 03:00,0.259431356,0.128924233
12/09/2015 04:00,0.232890848,0.137679099
12/09/2015 05:00,0.191789007,0.140586822
12/09/2015 06:00,0.145207704,0.122669751
12/09/2015 07:00,0.164183549,0.180386964
12/09/2015 08:00,0.186055781,0.239028451
12/09/2015 09:00,0.214461227,0.260945734
12/09/2015 10:00,0.287462007,0.216238395
12/09/2015 11:00,0.307455061,0.211760573
12/09/2015 12:00,0.327709272,0.217063584
12/09/2015 13:00,0.342931082,0.239448728
12/09/2015 14:00,0.354453757,0.266147755
12/09/2015 15:00,0.357383518,0.293401113
12/09/2015 16:00,0.364390245,0.299124648
12/09/2015 17:00,0.390625809,0.308805374
12/09/2015 18:00,0.414299021,0.307876191
12/09/2015 19:00,0.422635408,0.305800825
12/09/2015 20:00,0.412828887,0.299716844
12/09/2015 21:00,0.392208899,0.292943483
12/09/2015 22:00,0.375180845,0.283455735
12/09/2015 23:00,0.355547577,0.280765107
13/09/2015 00:00,0.344144967,0.277930188
13/09/2015 01:00,0.332819171,0.28639334
13/09/2015 02:00,0.322193635,0.291960107
13/09/2015 03:00,0.317720665,0.299073306
13/09/2015 04:00,0.304284263,0.304783201
13/09/2015 05:00,0.269215107,0.299760919
13/09/2015 06:00,0.203295754,0.281050603
13/09/2015 07:00,0.229630056,0.355173145
13/09/2015 08:00,0.261986755,0.396775792
13/09/2015 09:00,0.303571961,0.417669633
13/09/2015 10:00,0.366933258,0.432705264
13/09/2015 11:00,0.388583733,0.465907293
13/09/2015 12:00,0.399660667,0.479050021
13/09/2015 13:00,0.412136464,0.475990076
13/09/2015 14:00,0.414510473,0.45142335
13/09/2015 15:00,0.399716123,0.407365391
13/09/2015 16:00,0.391459913,0.356772856
13/09/2015 17:00,0.398691092,0.314880321
13/09/2015 18:00,0.40573511,0.275055222
13/09/2015 19:00,0.41053552,0.247012539
13/09/2015 20:00,0.403269514,0.231334753
13/09/2015 21:00,0.398238762,0.213404475
13/09/2015 22:00,0.386064184,0.221097403
13/09/2015 23:00,0.389738439,0.209891136
14/09/2015 00:00,0.397498965,0.195268416
14/09/2015 01:00,0.402770217,0.176935202
14/09/2015 02:00,0.403408216,0.15993106
14/09/2015 03:00,0.399491756,0.153769791
14/09/2015 04:00,0.388036737,0.152598249
14/09/2015 05:00,0.338787405,0.141494028
14/09/2015 06:00,0.250724914,0.126064056
14/09/2015 07:00,0.271208317,0.174877503
14/09/2015 08:00,0.290530079,0.246904354
14/09/2015 09:00,0.296245878,0.321264631
14/09/2015 10:00,0.32452371,0.403568124
14/09/2015 11:00,0.326902796,0.435697103
14/09/2015 12:00,0.334582567,0.438805496
14/09/2015 13:00,0.352134891,0.434361491
14/09/2015 14:00,0.364024023,0.405886865
14/09/2015 15:00,0.365743145,0.361082182
14/09/2015 16:00,0.375857336,0.328335669
14/09/2015 17:00,0.396693559,0.291752505
14/09/2015 18:00,0.407658886,0.254155762
14/09/2015 19:00,0.408454299,0.230468478
14/09/2015 20:00,0.4049872,0.208025282
14/09/2015 21:00,0.399678508,0.187104165
14/09/2015 22:00,0.387435278,0.184303126
14/09/2015 23:00,0.3812015,0.155953258
15/09/2015 00:00,0.380801752,0.136934538
15/09/2015 01:00,0.379502595,0.122713097
15/09/2015 02:00,0.369216242,0.121963512
15/09/2015 03:00,0.358460175,0.11923913
15/09/2015 04:00,0.339078491,0.113859723
15/09/2015 05:00,0.282998943,0.10561537
15/09/2015 06:00,0.208665474,0.108858215
15/09/2015 07:00,0.212581172,0.141263441
15/09/2015 08:00,0.202555775,0.162949385
15/09/2015 09:00,0.18341123,0.184104335
15/09/2015 10:00,0.202371114,0.217290166
15/09/2015 11:00,0.219610057,0.251198293
15/09/2015 12:00,0.237939795,0.272510415
15/09/2015 13:00,0.263008517,0.289142706
15/09/2015 14:00,0.287678525,0.294334208
15/09/2015 15:00,0.31278983,0.288546078
15/09/2015 16:00,0.351243337,0.28184079
15/09/2015 17:00,0.391868742,0.263298064
15/09/2015 18:00,0.418136453,0.233423458
15/09/2015 19:00,0.424054497,0.203449771
15/09/2015 20:00,0.420235105,0.174682756
15/09/2015 21:00,0.406128266,0.153147831
15/09/2015 22:00,0.371335987,0.160684481
15/09/2015 23:00,0.366783706,0.138575219
16/09/2015 00:00,0.358819734,0.122109576
16/09/2015 01:00,0.356992125,0.109452897
16/09/2015 02:00,0.349022013,0.109696642
16/09/2015 03:00,0.340016819,0.111638223
16/09/2015 04:00,0.322529668,0.115629048
16/09/2015 05:00,0.265635957,0.123562793
16/09/2015 06:00,0.204723223,0.118026224
16/09/2015 07:00,0.216088983,0.160881276
16/09/2015 08:00,0.228450072,0.201260912
16/09/2015 09:00,0.22436598,0.229661282
16/09/2015 10:00,0.200421261,0.20315547
16/09/2015 11:00,0.204839181,0.230698802
16/09/2015 12:00,0.213649257,0.277587754
16/09/2015 13:00,0.234247338,0.311414234
16/09/2015 14:00,0.26351017,0.350596597
16/09/2015 15:00,0.301419034,0.375554501
16/09/2015 16:00,0.353343987,0.384831001
16/09/2015 17:00,0.397471692,0.378393512
16/09/2015 18:00,0.430226269,0.370882793
16/09/2015 19:00,0.441149092,0.356613738
16/09/2015 20:00,0.440876974,0.341091787
16/09/2015 21:00,0.42924574,0.334063947
16/09/2015 22:00,0.394450412,0.351237606
16/09/2015 23:00,0.3856527,0.348078209
17/09/2015 00:00,0.387272731,0.340670285
17/09/2015 01:00,0.39058455,0.345960296
17/09/2015 02:00,0.392673588,0.334556868
17/09/2015 03:00,0.390182376,0.33216301
17/09/2015 04:00,0.367727976,0.323810606
17/09/2015 05:00,0.30862814,0.304177003
17/09/2015 06:00,0.228095106,0.313798807
17/09/2015 07:00,0.243427441,0.355588044
17/09/2015 08:00,0.264077196,0.371043281
17/09/2015 09:00,0.260953728,0.3791253
17/09/2015 10:00,0.261595429,0.367154022
17/09/2015 11:00,0.247900794,0.367182558
17/09/2015 12:00,0.246075644,0.387413245
17/09/2015 13:00,0.24658869,0.414805667
17/09/2015 14:00,0.254359327,0.445009775
17/09/2015 15:00,0.271034022,0.464100946
17/09/2015 16:00,0.305785218,0.466899898
17/09/2015 17:00,0.337695012,0.471954115
17/09/2015 18:00,0.357665175,0.462038573
17/09/2015 19:00,0.362001415,0.43615778
17/09/2015 20:00,0.366627429,0.413266552
17/09/2015 21:00,0.363532619,0.389228092
17/09/2015 22:00,0.331547006,0.348293892
17/09/2015 23:00,0.322599085,0.355538743
18/09/2015 00:00,0.319898153,0.359585673
18/09/2015 01:00,0.31738986,0.361655915
18/09/2015 02:00,0.314633046,0.359376274
18/09/2015 03:00,0.30925729,0.364251543
18/09/2015 04:00,0.298561103,0.362255773
18/09/2015 05:00,0.26332369,0.346728883
18/09/2015 06:00,0.192449143,0.344692428
18/09/2015 07:00,0.219266174,0.360175136
18/09/2015 08:00,0.258269212,0.357857341
18/09/2015 09:00,0.259457279,0.341657985
18/09/2015 10:00,0.227115274,0.31262874
18/09/2015 11:00,0.223865886,0.313072597
18/09/2015 12:00,0.226848674,0.339646647
18/09/2015 13:00,0.241897947,0.355007122
18/09/2015 14:00,0.259905849,0.387605486
18/09/2015 15:00,0.287358254,0.414427294
18/09/2015 16:00,0.319819942,0.430302737
18/09/2015 17:00,0.362363145,0.429023243
18/09/2015 18:00,0.386069624,0.405082312
18/09/2015 19:00,0.405353563,0.374604039
18/09/2015 20:00,0.407683563,0.342873593
18/09/2015 21:00,0.397400933,0.320130456
18/09/2015 22:00,0.369064388,0.28590917
18/09/2015 23:00,0.348734554,0.276497188
19/09/2015 00:00,0.330057451,0.269653526
19/09/2015 01:00,0.306950635,0.262184692
19/09/2015 02:00,0.286419269,0.26159948
19/09/2015 03:00,0.266768565,0.264599281
19/09/2015 04:00,0.244249801,0.26981558
19/09/2015 05:00,0.194141243,0.256109047
19/09/2015 06:00,0.138116751,0.227092214
19/09/2015 07:00,0.134570825,0.252363609
19/09/2015 08:00,0.151801153,0.26052668
19/09/2015 09:00,0.155427403,0.257042085
19/09/2015 10:00,0.148649804,0.243053966
19/09/2015 11:00,0.150026768,0.271431236
19/09/2015 12:00,0.164925287,0.310248771
19/09/2015 13:00,0.195420959,0.340238195
19/09/2015 14:00,0.231931668,0.375191796
19/09/2015 15:00,0.280407022,0.394963358
19/09/2015 16:00,0.338598767,0.420331231
19/09/2015 17:00,0.378469626,0.402987697
19/09/2015 18:00,0.406967964,0.367470562
19/09/2015 19:00,0.413319227,0.322694631
19/09/2015 20:00,0.409489433,0.279854032
19/09/2015 21:00,0.391237823,0.255971123
19/09/2015 22:00,0.328924513,0.219033618
19/09/2015 23:00,0.31132854,0.211456671
20/09/2015 00:00,0.301201259,0.213157655
20/09/2015 01:00,0.293120694,0.212668705
20/09/2015 02:00,0.288866017,0.21029374
20/09/2015 03:00,0.288194483,0.208522793
20/09/2015 04:00,0.28069014,0.20549072
20/09/2015 05:00,0.245306304,0.195657946
20/09/2015 06:00,0.166308732,0.161426192
20/09/2015 07:00,0.18081462,0.164110727
20/09/2015 08:00,0.189084238,0.170623705
20/09/2015 09:00,0.184235057,0.176344966
20/09/2015 10:00,0.206097786,0.174040254
20/09/2015 11:00,0.208928831,0.193293371
20/09/2015 12:00,0.222479317,0.219228373
20/09/2015 13:00,0.238098412,0.24370958
20/09/2015 14:00,0.25496624,0.27399935
20/09/2015 15:00,0.277880239,0.30537243
20/09/2015 16:00,0.319187946,0.331595456
20/09/2015 17:00,0.357838911,0.30852842
20/09/2015 18:00,0.37715462,0.268439724
20/09/2015 19:00,0.379483023,0.230657112
20/09/2015 20:00,0.366811971,0.198854857
20/09/2015 21:00,0.355486998,0.174877356
20/09/2015 22:00,0.336931792,0.138273505
20/09/2015 23:00,0.312637977,0.128060672
21/09/2015 00:00,0.293020775,0.121351006
21/09/2015 01:00,0.277020696,0.120283705
21/09/2015 02:00,0.265724212,0.119654131
21/09/2015 03:00,0.24992754,0.119019485
21/09/2015 04:00,0.23179655,0.115589974
21/09/2015 05:00,0.195248855,0.118407456
21/09/2015 06:00,0.132484514,0.105416556
21/09/2015 07:00,0.135069978,0.113313916
21/09/2015 08:00,0.150661798,0.127870711
21/09/2015 09:00,0.16663682,0.147796268
21/09/2015 10:00,0.188242216,0.143056733
21/09/2015 11:00,0.215395337,0.162079273
21/09/2015 12:00,0.2402632,0.187439482
21/09/2015 13:00,0.260936323,0.216062105
21/09/2015 14:00,0.284777425,0.245623324
21/09/2015 15:00,0.309176484,0.261683775
21/09/2015 16:00,0.350981045,0.282710698
21/09/2015 17:00,0.391655388,0.253664839
21/09/2015 18:00,0.422819388,0.2053821
21/09/2015 19:00,0.440844362,0.166922548
21/09/2015 20:00,0.444031934,0.136192701
21/09/2015 21:00,0.437932491,0.116622543
21/09/2015 22:00,0.385645899,0.101864542
21/09/2015 23:00,0.362504956,0.093951301
22/09/2015 00:00,0.33960174,0.083017861
22/09/2015 01:00,0.318080597,0.077707382
22/09/2015 02:00,0.300783326,0.072984987
22/09/2015 03:00,0.289304081,0.070673069
22/09/2015 04:00,0.273454091,0.074058068
22/09/2015 05:00,0.230498525,0.077816751
22/09/2015 06:00,0.167021297,0.063708866
22/09/2015 07:00,0.198767512,0.062317458
22/09/2015 08:00,0.217615959,0.060606051
22/09/2015 09:00,0.221524377,0.067902492
22/09/2015 10:00,0.247943667,0.082001663
22/09/2015 11:00,0.248550128,0.110662606
22/09/2015 12:00,0.252101792,0.141919489
22/09/2015 13:00,0.259765146,0.170622029
22/09/2015 14:00,0.264469589,0.196988175
22/09/2015 15:00,0.266105583,0.207520016
22/09/2015 16:00,0.275988672,0.224790124
22/09/2015 17:00,0.296875309,0.205176536
22/09/2015 18:00,0.301768332,0.175063676
22/09/2015 19:00,0.296031878,0.142881951
22/09/2015 20:00,0.27720951,0.121204505
22/09/2015 21:00,0.260545389,0.106006602
22/09/2015 22:00,0.239975021,0.094070362
22/09/2015 23:00,0.229924333,0.085709515
23/09/2015 00:00,0.218049556,0.077639601
23/09/2015 01:00,0.212706685,0.077812054
23/09/2015 02:00,0.200657943,0.075443748
23/09/2015 03:00,0.190809467,0.078671796
23/09/2015 04:00,0.181565169,0.08204478
23/09/2015 05:00,0.157661045,0.090171598
23/09/2015 06:00,0.105141217,0.075944703
23/09/2015 07:00,0.124651085,0.095166025
23/09/2015 08:00,0.176221236,0.115555045
23/09/2015 09:00,0.217354787,0.130961655
23/09/2015 10:00,0.223244802,0.14576746
23/09/2015 11:00,0.240646173,0.1793993
23/09/2015 12:00,0.256258967,0.220921566
23/09/2015 13:00,0.275313817,0.249361014
23/09/2015 14:00,0.289968189,0.272621627
23/09/2015 15:00,0.305536506,0.26000587
23/09/2015 16:00,0.335177695,0.270966068
23/09/2015 17:00,0.373238172,0.246703283
23/09/2015 18:00,0.398558148,0.216842467
23/09/2015 19:00,0.406897527,0.188038793
23/09/2015 20:00,0.39734367,0.164509889
23/09/2015 21:00,0.384400479,0.150778447
23/09/2015 22:00,0.381874864,0.130459365
23/09/2015 23:00,0.363361945,0.116771818
24/09/2015 00:00,0.353604265,0.107722433
24/09/2015 01:00,0.344548552,0.101356393
24/09/2015 02:00,0.33497209,0.09639108
24/09/2015 03:00,0.318787594,0.093388843
24/09/2015 04:00,0.296488797,0.091849383
24/09/2015 05:00,0.240540625,0.08901528
24/09/2015 06:00,0.17798157,0.070606846
24/09/2015 07:00,0.220383287,0.054161805
24/09/2015 08:00,0.256373788,0.056763321
24/09/2015 09:00,0.253761953,0.077100854
24/09/2015 10:00,0.254149898,0.06811909
24/09/2015 11:00,0.259341159,0.098124484
24/09/2015 12:00,0.268823136,0.121499572
24/09/2015 13:00,0.288748341,0.138615819
24/09/2015 14:00,0.307849993,0.144492277
24/09/2015 15:00,0.330942232,0.137833844
24/09/2015 16:00,0.362334153,0.125422674
24/09/2015 17:00,0.389936494,0.102866788
24/09/2015 18:00,0.404216059,0.082861506
24/09/2015 19:00,0.403888697,0.076743953
24/09/2015 20:00,0.392224796,0.081600279
24/09/2015 21:00,0.372183282,0.092041674
24/09/2015 22:00,0.344954758,0.090679954
24/09/2015 23:00,0.320959298,0.109697763
25/09/2015 00:00,0.301229808,0.133193953
25/09/2015 01:00,0.288874592,0.15479055
25/09/2015 02:00,0.279244763,0.167549001
25/09/2015 03:00,0.271163437,0.174854204
25/09/2015 04:00,0.267051583,0.180926536
25/09/2015 05:00,0.233394203,0.190133738
25/09/2015 06:00,0.180242751,0.186322141
25/09/2015 07:00,0.197692943,0.206291738
25/09/2015 08:00,0.219016259,0.238622759
25/09/2015 09:00,0.205426998,0.270282428
25/09/2015 10:00,0.19023808,0.273559913
25/09/2015 11:00,0.182790155,0.302952687
25/09/2015 12:00,0.182225429,0.339124794
25/09/2015 13:00,0.189829848,0.377800806
25/09/2015 14:00,0.20057902,0.425027489
25/09/2015 15:00,0.22698995,0.465208593
25/09/2015 16:00,0.262570425,0.487951089
25/09/2015 17:00,0.299832386,0.490753223
25/09/2015 18:00,0.322761226,0.483653199
25/09/2015 19:00,0.334465894,0.477582109
25/09/2015 20:00,0.34452889,0.471968365
25/09/2015 21:00,0.35196712,0.47398316
25/09/2015 22:00,0.387606373,0.444146417
25/09/2015 23:00,0.389236868,0.470108345
26/09/2015 00:00,0.389240647,0.48278866
26/09/2015 01:00,0.378053424,0.494493076
26/09/2015 02:00,0.367346289,0.498166721
26/09/2015 03:00,0.354805042,0.495569885
26/09/2015 04:00,0.333956014,0.496312793
26/09/2015 05:00,0.268048462,0.49563253
26/09/2015 06:00,0.187636324,0.506369974
26/09/2015 07:00,0.192578406,0.509307677
26/09/2015 08:00,0.187084614,0.51135818
26/09/2015 09:00,0.161360951,0.514133472
26/09/2015 10:00,0.137566752,0.50990876
26/09/2015 11:00,0.141989528,0.518214802
26/09/2015 12:00,0.156578953,0.545271697
26/09/2015 13:00,0.178552505,0.572045789
26/09/2015 14:00,0.196805027,0.596386959
26/09/2015 15:00,0.234820844,0.611820811
26/09/2015 16:00,0.275558205,0.614241831
26/09/2015 17:00,0.308073572,0.605212079
26/09/2015 18:00,0.331589102,0.583170951
26/09/2015 19:00,0.343981011,0.560061407
26/09/2015 20:00,0.346322023,0.537745304
26/09/2015 21:00,0.342357412,0.519806465
26/09/2015 22:00,0.295515021,0.481113459
26/09/2015 23:00,0.290438822,0.474882737
27/09/2015 00:00,0.288362228,0.468700262
27/09/2015 01:00,0.284270318,0.467243171
27/09/2015 02:00,0.282447535,0.463226847
27/09/2015 03:00,0.278808522,0.458982388
27/09/2015 04:00,0.268544506,0.457393293
27/09/2015 05:00,0.221441158,0.44957705
27/09/2015 06:00,0.164044688,0.441386679
27/09/2015 07:00,0.175799182,0.428396181
27/09/2015 08:00,0.183863594,0.405662484
27/09/2015 09:00,0.167741088,0.373368563
27/09/2015 10:00,0.165353872,0.306057543
27/09/2015 11:00,0.175579732,0.293296479
27/09/2015 12:00,0.203814459,0.30000836
27/09/2015 13:00,0.236382677,0.316770722
27/09/2015 14:00,0.277478358,0.342076022
27/09/2015 15:00,0.33406809,0.361973607
27/09/2015 16:00,0.40110071,0.361253818
27/09/2015 17:00,0.44410339,0.335064343
27/09/2015 18:00,0.46931287,0.304115052
27/09/2015 19:00,0.474919609,0.276378023
27/09/2015 20:00,0.479781686,0.250023795
27/09/2015 21:00,0.462611087,0.23005806
27/09/2015 22:00,0.425047828,0.207313466
27/09/2015 23:00,0.400060191,0.201266829
28/09/2015 00:00,0.378390521,0.194985584
28/09/2015 01:00,0.355428176,0.190839051
28/09/2015 02:00,0.338514131,0.178392009
28/09/2015 03:00,0.321338748,0.171494655
28/09/2015 04:00,0.304984699,0.167246868
28/09/2015 05:00,0.257465775,0.162358885
28/09/2015 06:00,0.205093262,0.137094949
28/09/2015 07:00,0.248444813,0.132318344
28/09/2015 08:00,0.307767344,0.141291069
28/09/2015 09:00,0.335018764,0.159113927
28/09/2015 10:00,0.377180455,0.16675213
28/09/2015 11:00,0.38243486,0.194482282
28/09/2015 12:00,0.399122048,0.219957976
28/09/2015 13:00,0.419429846,0.236254675
28/09/2015 14:00,0.430457487,0.237801807
28/09/2015 15:00,0.433385069,0.232342196
28/09/2015 16:00,0.449460356,0.219691098
28/09/2015 17:00,0.479066263,0.190497512
28/09/2015 18:00,0.497417045,0.164304347
28/09/2015 19:00,0.499197803,0.144984977
28/09/2015 20:00,0.488034073,0.130796882
28/09/2015 21:00,0.466049032,0.119716828
28/09/2015 22:00,0.44772073,0.111710132
28/09/2015 23:00,0.418085956,0.101425237
29/09/2015 00:00,0.393241806,0.097519564
29/09/2015 01:00,0.37271333,0.096970218
29/09/2015 02:00,0.350300373,0.096931613
29/09/2015 03:00,0.326078863,0.094382095
29/09/2015 04:00,0.300169901,0.095237848
29/09/2015 05:00,0.244374812,0.101040128
29/09/2015 06:00,0.186177582,0.094656029
29/09/2015 07:00,0.230344785,0.12863228
29/09/2015 08:00,0.261678341,0.206309767
29/09/2015 09:00,0.261771309,0.269803834
29/09/2015 10:00,0.271500707,0.292710353
29/09/2015 11:00,0.268133164,0.350776256
29/09/2015 12:00,0.27622736,0.368799177
29/09/2015 13:00,0.299676399,0.368747557
29/09/2015 14:00,0.328756356,0.342837162
29/09/2015 15:00,0.352959544,0.309547855
29/09/2015 16:00,0.393182986,0.292482235
29/09/2015 17:00,0.425519767,0.264471641
29/09/2015 18:00,0.448446987,0.250836103
29/09/2015 19:00,0.454992433,0.23650525
29/09/2015 20:00,0.451546043,0.233337547
29/09/2015 21:00,0.438586613,0.216601336
29/09/2015 22:00,0.436329433,0.195568521
29/09/2015 23:00,0.425330109,0.174797632
30/09/2015 00:00,0.412093612,0.161482683
30/09/2015 01:00,0.399760555,0.150974936
30/09/2015 02:00,0.383579054,0.143414126
30/09/2015 03:00,0.36211788,0.139492688
30/09/2015 04:00,0.329567052,0.137451808
30/09/2015 05:00,0.270106669,0.145074898
30/09/2015 06:00,0.202260519,0.136483963
30/09/2015 07:00,0.218761213,0.168400071
30/09/2015 08:00,0.227615796,0.223907951
30/09/2015 09:00,0.212098735,0.272688301
30/09/2015 10:00,0.220266125,0.31435366
30/09/2015 11:00,0.22459788,0.352364478
30/09/2015 12:00,0.241149762,0.378421168
30/09/2015 13:00,0.255096463,0.3906286
30/09/2015 14:00,0.278384417,0.384233899
30/09/2015 15:00,0.310136607,0.34682631
30/09/2015 16:00,0.357973906,0.308117764
30/09/2015 17:00,0.402935118,0.276842675
30/09/2015 18:00,0.437769925,0.256564386
30/09/2015 19:00,0.452966753,0.23840061
30/09/2015 20:00,0.463836803,0.231615181
30/09/2015 21:00,0.46632724,0.223717856
30/09/2015 22:00,0.479886252,0.197428572
30/09/2015 23:00,0.465213007,0.194716291
01/10/2015 00:00,0.451152133,0.198797705
01/10/2015 01:00,0.435043064,0.20178604
01/10/2015 02:00,0.41764291,0.191852901
01/10/2015 03:00,0.39942066,0.193407821
01/10/2015 04:00,0.376801561,0.196313283
01/10/2015 05:00,0.316844399,0.201724088
01/10/2015 06:00,0.251395503,0.178946659
01/10/2015 07:00,0.274438418,0.242939291
01/10/2015 08:00,0.278927606,0.356260055
01/10/2015 09:00,0.258676698,0.441372427
01/10/2015 10:00,0.26397565,0.487678517
01/10/2015 11:00,0.264046547,0.519025417
01/10/2015 12:00,0.28161634,0.512175142
01/10/2015 13:00,0.305899891,0.473328943
01/10/2015 14:00,0.320546361,0.422125245
01/10/2015 15:00,0.32926057,0.340845731
01/10/2015 16:00,0.35067072,0.296326285
01/10/2015 17:00,0.38284774,0.267420354
01/10/2015 18:00,0.404876704,0.249831072
01/10/2015 19:00,0.409028918,0.240683655
01/10/2015 20:00,0.411985572,0.225399949
01/10/2015 21:00,0.404940146,0.212802483
01/10/2015 22:00,0.382253188,0.215407831
01/10/2015 23:00,0.362697671,0.19258795
02/10/2015 00:00,0.344298115,0.158976616
02/10/2015 01:00,0.327474936,0.131169531
02/10/2015 02:00,0.31558201,0.108678252
02/10/2015 03:00,0.303873539,0.095821657
02/10/2015 04:00,0.295185396,0.086673793
02/10/2015 05:00,0.251625389,0.090221523
02/10/2015 06:00,0.185637455,0.081986051
02/10/2015 07:00,0.218832619,0.148428625
02/10/2015 08:00,0.248545266,0.223366441
02/10/2015 09:00,0.244025372,0.280603785
02/10/2015 10:00,0.243841478,0.260161509
02/10/2015 11:00,0.239721705,0.316946837
02/10/2015 12:00,0.241896124,0.324743896
02/10/2015 13:00,0.255147105,0.303375664
02/10/2015 14:00,0.273943021,0.258214734
02/10/2015 15:00,0.292359791,0.200559184
02/10/2015 16:00,0.313727381,0.169206488
02/10/2015 17:00,0.34762261,0.124882389
02/10/2015 18:00,0.368470878,0.089944864
02/10/2015 19:00,0.372820305,0.065871484
02/10/2015 20:00,0.375185047,0.050835443
02/10/2015 21:00,0.368427845,0.040762637
02/10/2015 22:00,0.364947907,0.034402635
02/10/2015 23:00,0.349479461,0.029106837
03/10/2015 00:00,0.322752878,0.026193079
03/10/2015 01:00,0.293042683,0.022757656
03/10/2015 02:00,0.264994079,0.020703542
03/10/2015 03:00,0.245401866,0.019141053
03/10/2015 04:00,0.22844023,0.01821269
03/10/2015 05:00,0.197078815,0.019653181
03/10/2015 06:00,0.137845401,0.020658569
03/10/2015 07:00,0.146018843,0.034061732
03/10/2015 08:00,0.153700216,0.056414676
03/10/2015 09:00,0.139383454,0.080728453
03/10/2015 10:00,0.135059307,0.100451766
03/10/2015 11:00,0.123921271,0.124711727
03/10/2015 12:00,0.13300239,0.136639153
03/10/2015 13:00,0.151590296,0.14381968
03/10/2015 14:00,0.18395965,0.13942323
03/10/2015 15:00,0.22479276,0.138243201
03/10/2015 16:00,0.275015967,0.130407412
03/10/2015 17:00,0.310631827,0.106496454
03/10/2015 18:00,0.332954048,0.083125045
03/10/2015 19:00,0.338108424,0.06919569
03/10/2015 20:00,0.341848062,0.057955917
03/10/2015 21:00,0.332811733,0.050920687
03/10/2015 22:00,0.326102971,0.042290777
03/10/2015 23:00,0.304048204,0.042951541
04/10/2015 00:00,0.288459002,0.048762736
04/10/2015 01:00,0.283484952,0.060726647
04/10/2015 02:00,0.281078432,0.074953187
04/10/2015 03:00,0.277215481,0.090044193
04/10/2015 04:00,0.270410486,0.102138896
04/10/2015 05:00,0.243026384,0.109467714
04/10/2015 06:00,0.172833841,0.108537887
04/10/2015 07:00,0.179505988,0.134841099
04/10/2015 08:00,0.206247242,0.176285589
04/10/2015 09:00,0.205626754,0.206340799
04/10/2015 10:00,0.214903743,0.195255013
04/10/2015 11:00,0.216915435,0.245170039
04/10/2015 12:00,0.22472253,0.294008268
04/10/2015 13:00,0.238846611,0.343544587
04/10/2015 14:00,0.248867704,0.393159243
04/10/2015 15:00,0.263639762,0.398294669
04/10/2015 16:00,0.283815222,0.404685492
04/10/2015 17:00,0.29660479,0.380642485
04/10/2015 18:00,0.301730637,0.361753798
04/10/2015 19:00,0.298915788,0.338502906
04/10/2015 20:00,0.294481252,0.32554728
04/10/2015 21:00,0.281850849,0.323470593
04/10/2015 22:00,0.260277473,0.295832405
04/10/2015 23:00,0.248063689,0.315511629
05/10/2015 00:00,0.244025529,0.336422194
05/10/2015 01:00,0.242834755,0.354004846
05/10/2015 02:00,0.246076789,0.366967659
05/10/2015 03:00,0.250176667,0.378487977
05/10/2015 04:00,0.252463761,0.387126783
05/10/2015 05:00,0.235773787,0.381233167
05/10/2015 06:00,0.168095426,0.389470911
05/10/2015 07:00,0.179390203,0.41179446
05/10/2015 08:00,0.203292576,0.412722788
05/10/2015 09:00,0.19859282,0.394571998
05/10/2015 10:00,0.213676597,0.384317724
05/10/2015 11:00,0.225662547,0.398067912
05/10/2015 12:00,0.243165144,0.441943461
05/10/2015 13:00,0.256061064,0.490257111
05/10/2015 14:00,0.260106079,0.535511159
05/10/2015 15:00,0.263136963,0.544717719
05/10/2015 16:00,0.275684128,0.566872454
05/10/2015 17:00,0.29252284,0.557741843
05/10/2015 18:00,0.292978491,0.525798948
05/10/2015 19:00,0.291212804,0.491509885
05/10/2015 20:00,0.287999298,0.465242536
05/10/2015 21:00,0.283532235,0.448627714
05/10/2015 22:00,0.291376672,0.440693352
05/10/2015 23:00,0.288876505,0.430065793
06/10/2015 00:00,0.28819575,0.421944082
06/10/2015 01:00,0.284885153,0.422780054
06/10/2015 02:00,0.288025321,0.419486535
06/10/2015 03:00,0.290416232,0.41547708
06/10/2015 04:00,0.297540691,0.407706713
06/10/2015 05:00,0.275769945,0.379113441
06/10/2015 06:00,0.199610125,0.354041498
06/10/2015 07:00,0.231226415,0.351074034
06/10/2015 08:00,0.258298276,0.353307134
06/10/2015 09:00,0.223551537,0.34205367
06/10/2015 10:00,0.212064789,0.301700426
06/10/2015 11:00,0.203299766,0.299452453
06/10/2015 12:00,0.209920846,0.315811405
06/10/2015 13:00,0.221105096,0.340820935
06/10/2015 14:00,0.235392677,0.36132906
06/10/2015 15:00,0.255367892,0.369448418
06/10/2015 16:00,0.287699853,0.379023194
06/10/2015 17:00,0.324059083,0.353155296
06/10/2015 18:00,0.350575942,0.318465834
06/10/2015 19:00,0.361426459,0.283391034
06/10/2015 20:00,0.366137829,0.250612334
06/10/2015 21:00,0.356270372,0.228260673
06/10/2015 22:00,0.361705663,0.190692198
06/10/2015 23:00,0.345711785,0.194312229
07/10/2015 00:00,0.337040896,0.193064437
07/10/2015 01:00,0.326755823,0.190589776
07/10/2015 02:00,0.322724241,0.186188086
07/10/2015 03:00,0.314457712,0.177819764
07/10/2015 04:00,0.309465951,0.171625678
07/10/2015 05:00,0.268540199,0.166738508
07/10/2015 06:00,0.190523445,0.130620206
07/10/2015 07:00,0.217909582,0.123329357
07/10/2015 08:00,0.241395627,0.13566611
07/10/2015 09:00,0.231219579,0.157157241
07/10/2015 10:00,0.235810323,0.146185685
07/10/2015 11:00,0.244378342,0.151675404
07/10/2015 12:00,0.254525749,0.159162252
07/10/2015 13:00,0.272602307,0.164150709
07/10/2015 14:00,0.292318051,0.16809861
07/10/2015 15:00,0.316578754,0.173324911
07/10/2015 16:00,0.352175306,0.167725229
07/10/2015 17:00,0.385178422,0.145719217
07/10/2015 18:00,0.405766574,0.122500515
07/10/2015 19:00,0.411607352,0.108214713
07/10/2015 20:00,0.413606054,0.097066615
07/10/2015 21:00,0.40403789,0.086041555
07/10/2015 22:00,0.374219445,0.071139673
07/10/2015 23:00,0.351082039,0.06865661
08/10/2015 00:00,0.336368541,0.070305374
08/10/2015 01:00,0.316581788,0.071653478
08/10/2015 02:00,0.295848274,0.074925856
08/10/2015 03:00,0.278981436,0.077912312
08/10/2015 04:00,0.264313481,0.084216702
08/10/2015 05:00,0.228075537,0.09614587
08/10/2015 06:00,0.150824952,0.089065066
08/10/2015 07:00,0.162058482,0.102652419
08/10/2015 08:00,0.189726527,0.143309559
08/10/2015 09:00,0.21147644,0.172530552
08/10/2015 10:00,0.248553577,0.166288376
08/10/2015 11:00,0.25779233,0.170313564
08/10/2015 12:00,0.261838551,0.177851513
08/10/2015 13:00,0.262603384,0.176646136
08/10/2015 14:00,0.26764624,0.178839511
08/10/2015 15:00,0.284028328,0.194204051
08/10/2015 16:00,0.305549419,0.206692561
08/10/2015 17:00,0.335807964,0.199109281
08/10/2015 18:00,0.356357413,0.18599963
08/10/2015 19:00,0.368037549,0.178422233
08/10/2015 20:00,0.371790138,0.172859681
08/10/2015 21:00,0.371766006,0.168099799
08/10/2015 22:00,0.34617996,0.171469518
08/10/2015 23:00,0.340650714,0.180374778
09/10/2015 00:00,0.33322424,0.186777872
09/10/2015 01:00,0.329220585,0.193636988
09/10/2015 02:00,0.3231294,0.201586044
09/10/2015 03:00,0.3210202,0.20044789
09/10/2015 04:00,0.321569913,0.19394001
09/10/2015 05:00,0.289231516,0.195067762
09/10/2015 06:00,0.2276638,0.171735743
09/10/2015 07:00,0.260637905,0.174449807
09/10/2015 08:00,0.302906347,0.18465102
09/10/2015 09:00,0.295483919,0.197326636
09/10/2015 10:00,0.275200243,0.191151873
09/10/2015 11:00,0.258150235,0.221619124
09/10/2015 12:00,0.250591047,0.25621278
09/10/2015 13:00,0.252518629,0.277771746
09/10/2015 14:00,0.253019437,0.289060767
09/10/2015 15:00,0.263393761,0.280102844
09/10/2015 16:00,0.285552103,0.272392204
09/10/2015 17:00,0.313344964,0.256814067
09/10/2015 18:00,0.334028582,0.23654571
09/10/2015 19:00,0.342047776,0.217070723
09/10/2015 20:00,0.339951793,0.205148947
09/10/2015 21:00,0.334780418,0.19811156
09/10/2015 22:00,0.328513688,0.1822775
09/10/2015 23:00,0.31865461,0.186619457
10/10/2015 00:00,0.30979993,0.181629336
10/10/2015 01:00,0.301455681,0.177997032
10/10/2015 02:00,0.294881862,0.177512549
10/10/2015 03:00,0.290558932,0.184903553
10/10/2015 04:00,0.291671177,0.191877348
10/10/2015 05:00,0.268726015,0.194320715
10/10/2015 06:00,0.199380883,0.17087289
10/10/2015 07:00,0.221759188,0.189850154
10/10/2015 08:00,0.264658026,0.230181965
10/10/2015 09:00,0.280333864,0.250511288
10/10/2015 10:00,0.256761941,0.235695438
10/10/2015 11:00,0.258343286,0.260905366
10/10/2015 12:00,0.261393868,0.289903918
10/10/2015 13:00,0.262640557,0.315137859
10/10/2015 14:00,0.263372773,0.326445153
10/10/2015 15:00,0.269868113,0.31941623
10/10/2015 16:00,0.285543107,0.310078141
10/10/2015 17:00,0.307459488,0.284087579
10/10/2015 18:00,0.320691302,0.253976986
10/10/2015 19:00,0.320642053,0.228043146
10/10/2015 20:00,0.305705884,0.205112661
10/10/2015 21:00,0.281570572,0.192307925
10/10/2015 22:00,0.242812101,0.199777726
10/10/2015 23:00,0.226392295,0.191742478
11/10/2015 00:00,0.214082288,0.183815809
11/10/2015 01:00,0.199103864,0.183481038
11/10/2015 02:00,0.189978297,0.178473098
11/10/2015 03:00,0.184027909,0.175707212
11/10/2015 04:00,0.185386708,0.176784711
11/10/2015 05:00,0.175460062,0.182192637
11/10/2015 06:00,0.130649324,0.156240019
11/10/2015 07:00,0.137266617,0.152846205
11/10/2015 08:00,0.178471471,0.156807631
11/10/2015 09:00,0.219393399,0.154685418
11/10/2015 10:00,0.250735667,0.142797632
11/10/2015 11:00,0.259052271,0.158715676
11/10/2015 12:00,0.259037148,0.181566052
11/10/2015 13:00,0.26402487,0.198651028
11/10/2015 14:00,0.270835954,0.214121872
11/10/2015 15:00,0.290328721,0.221490825
11/10/2015 16:00,0.320802574,0.214055811
11/10/2015 17:00,0.349399034,0.204310008
11/10/2015 18:00,0.376090676,0.195332096
11/10/2015 19:00,0.380388864,0.187715244
11/10/2015 20:00,0.37246081,0.179597965
11/10/2015 21:00,0.355823627,0.168649987
11/10/2015 22:00,0.322072029,0.129785093
11/10/2015 23:00,0.30605016,0.146081069
12/10/2015 00:00,0.293933733,0.148591271
12/10/2015 01:00,0.2811842,0.158931669
12/10/2015 02:00,0.27084245,0.159964483
12/10/2015 03:00,0.259664701,0.161056763
12/10/2015 04:00,0.249654853,0.166327618
12/10/2015 05:00,0.21733335,0.181936016
12/10/2015 06:00,0.160340841,0.170998366
12/10/2015 07:00,0.178015562,0.181641876
12/10/2015 08:00,0.209870576,0.206450516
12/10/2015 09:00,0.238331735,0.228586979
12/10/2015 10:00,0.246004358,0.224383875
12/10/2015 11:00,0.242744719,0.260930027
12/10/2015 12:00,0.241086434,0.301849982
12/10/2015 13:00,0.246342271,0.328816967
12/10/2015 14:00,0.263899396,0.340936779
12/10/2015 15:00,0.304701342,0.320913339
12/10/2015 16:00,0.358665169,0.303806094
12/10/2015 17:00,0.403552358,0.283350601
12/10/2015 18:00,0.432225183,0.265106161
12/10/2015 19:00,0.448756812,0.252644506
12/10/2015 20:00,0.44964641,0.240366088
12/10/2015 21:00,0.438026311,0.228223091
12/10/2015 22:00,0.478671613,0.219648177
12/10/2015 23:00,0.452506789,0.215827957
13/10/2015 00:00,0.427462234,0.214529978
13/10/2015 01:00,0.407334196,0.209951873
13/10/2015 02:00,0.387606042,0.210864664
13/10/2015 03:00,0.372464472,0.215966016
13/10/2015 04:00,0.358048469,0.220593409
13/10/2015 05:00,0.304156141,0.235362451
13/10/2015 06:00,0.249842553,0.21234597
13/10/2015 07:00,0.291661195,0.227582524
13/10/2015 08:00,0.306707062,0.263308807
13/10/2015 09:00,0.285477687,0.28670557
13/10/2015 10:00,0.254777604,0.266823
13/10/2015 11:00,0.248985582,0.270371755
13/10/2015 12:00,0.266214363,0.273102683
13/10/2015 13:00,0.291751546,0.273814965
13/10/2015 14:00,0.323047226,0.253489934
13/10/2015 15:00,0.366215019,0.233627335
13/10/2015 16:00,0.414229134,0.211814814
13/10/2015 17:00,0.461250576,0.196999707
13/10/2015 18:00,0.493679101,0.182957567
13/10/2015 19:00,0.508070147,0.173877372
13/10/2015 20:00,0.515204056,0.158042797
13/10/2015 21:00,0.499615363,0.145215919
13/10/2015 22:00,0.501527429,0.146787771
13/10/2015 23:00,0.474675436,0.143305797
14/10/2015 00:00,0.454041041,0.142786291
14/10/2015 01:00,0.432205581,0.14430482
14/10/2015 02:00,0.412460754,0.14538376
14/10/2015 03:00,0.397000882,0.142960033
14/10/2015 04:00,0.38389044,0.137280069
14/10/2015 05:00,0.330975594,0.139501129
14/10/2015 06:00,0.282442078,0.121784703
14/10/2015 07:00,0.32889875,0.123596333
14/10/2015 08:00,0.368374626,0.132774567
14/10/2015 09:00,0.369119798,0.144703693
14/10/2015 10:00,0.353873467,0.140807967
14/10/2015 11:00,0.354332817,0.15647369
14/10/2015 12:00,0.36174674,0.179148531
14/10/2015 13:00,0.371862324,0.191726415
14/10/2015 14:00,0.381166221,0.198992711
14/10/2015 15:00,0.396141014,0.203562495
14/10/2015 16:00,0.431817683,0.199055905
14/10/2015 17:00,0.46962111,0.193389897
14/10/2015 18:00,0.497479693,0.179320041
14/10/2015 19:00,0.51040154,0.172927281
14/10/2015 20:00,0.514709462,0.16434139
14/10/2015 21:00,0.498375548,0.160304395
14/10/2015 22:00,0.516470789,0.150656207
14/10/2015 23:00,0.480175478,0.149063507
15/10/2015 00:00,0.449133116,0.151004423
15/10/2015 01:00,0.422811273,0.151004192
15/10/2015 02:00,0.405065366,0.153312079
15/10/2015 03:00,0.393493602,0.154544859
15/10/2015 04:00,0.383525747,0.152094756
15/10/2015 05:00,0.339385004,0.156768071
15/10/2015 06:00,0.287838146,0.144232232
15/10/2015 07:00,0.322077058,0.144896211
15/10/2015 08:00,0.334225411,0.170611594
15/10/2015 09:00,0.322886909,0.194870254
15/10/2015 10:00,0.385590751,0.189048676
15/10/2015 11:00,0.381429957,0.187488305
15/10/2015 12:00,0.373017851,0.185411298
15/10/2015 13:00,0.372514983,0.191104336
15/10/2015 14:00,0.379062205,0.196587032
15/10/2015 15:00,0.395373337,0.207917886
15/10/2015 16:00,0.422395582,0.201871959
15/10/2015 17:00,0.448726196,0.190399063
15/10/2015 18:00,0.467964249,0.172104958
15/10/2015 19:00,0.476407162,0.159408787
15/10/2015 20:00,0.475613698,0.14765306
15/10/2015 21:00,0.460129493,0.143313615
15/10/2015 22:00,0.436339194,0.116240835
15/10/2015 23:00,0.417970476,0.118654449
16/10/2015 00:00,0.41072287,0.120373077
16/10/2015 01:00,0.401214975,0.126184862
16/10/2015 02:00,0.395484611,0.134079183
16/10/2015 03:00,0.39212602,0.137760818
16/10/2015 04:00,0.386985499,0.140132921
16/10/2015 05:00,0.338971706,0.147393722
16/10/2015 06:00,0.295577829,0.141724488
16/10/2015 07:00,0.308095959,0.143471777
16/10/2015 08:00,0.304804988,0.17299299
16/10/2015 09:00,0.2726002,0.196313984
16/10/2015 10:00,0.245501511,0.166165365
16/10/2015 11:00,0.246799909,0.179601906
16/10/2015 12:00,0.254290862,0.192363781
16/10/2015 13:00,0.261303941,0.206401915
16/10/2015 14:00,0.278646583,0.214953317
16/10/2015 15:00,0.301619064,0.219849971
16/10/2015 16:00,0.34474488,0.208275108
16/10/2015 17:00,0.385959769,0.186569803
16/10/2015 18:00,0.41290423,0.168763206
16/10/2015 19:00,0.427273054,0.153936556
16/10/2015 20:00,0.421113091,0.138938558
16/10/2015 21:00,0.411578878,0.138832969
16/10/2015 22:00,0.360365088,0.153672905
16/10/2015 23:00,0.351812366,0.164177479
17/10/2015 00:00,0.349797686,0.169306253
17/10/2015 01:00,0.341019357,0.171931415
17/10/2015 02:00,0.344962705,0.175090287
17/10/2015 03:00,0.340597039,0.187148029
17/10/2015 04:00,0.342982785,0.188406497
17/10/2015 05:00,0.297821188,0.194706454
17/10/2015 06:00,0.270899667,0.180156241
17/10/2015 07:00,0.301855057,0.175036934
17/10/2015 08:00,0.310040777,0.189906783
17/10/2015 09:00,0.295876544,0.195283531
17/10/2015 10:00,0.260250509,0.165893227
17/10/2015 11:00,0.25947215,0.181142149
17/10/2015 12:00,0.251300342,0.195481459
17/10/2015 13:00,0.247721382,0.21259097
17/10/2015 14:00,0.254558302,0.206669222
17/10/2015 15:00,0.276682382,0.193773232
17/10/2015 16:00,0.312144486,0.189925713
17/10/2015 17:00,0.350781313,0.173472254
17/10/2015 18:00,0.369823112,0.154959393
17/10/2015 19:00,0.369019143,0.1350631
17/10/2015 20:00,0.361231291,0.114310735
17/10/2015 21:00,0.34469311,0.101593493
17/10/2015 22:00,0.311196805,0.096532014
17/10/2015 23:00,0.310926026,0.091367579
18/10/2015 00:00,0.303463393,0.085014974
18/10/2015 01:00,0.28888259,0.07988716
18/10/2015 02:00,0.277008553,0.076466314
18/10/2015 03:00,0.263844806,0.079129749
18/10/2015 04:00,0.258104425,0.086031196
18/10/2015 05:00,0.214824491,0.096759118
18/10/2015 06:00,0.185514553,0.094701174
18/10/2015 07:00,0.214102891,0.078263718
18/10/2015 08:00,0.233236303,0.086571163
18/10/2015 09:00,0.228604479,0.09940066
18/10/2015 10:00,0.190644394,0.089450591
18/10/2015 11:00,0.184884343,0.102123874
18/10/2015 12:00,0.177927075,0.110588641
18/10/2015 13:00,0.173373117,0.111592806
18/10/2015 14:00,0.185450905,0.107563713
18/10/2015 15:00,0.22812195,0.101626499
18/10/2015 16:00,0.283597201,0.093388361
18/10/2015 17:00,0.34021323,0.088204081
18/10/2015 18:00,0.379141066,0.080925911
18/10/2015 19:00,0.394517408,0.070982754
18/10/2015 20:00,0.393912509,0.063367434
18/10/2015 21:00,0.378009572,0.056595084
18/10/2015 22:00,0.35550294,0.036021508
18/10/2015 23:00,0.326449642,0.038740492
19/10/2015 00:00,0.297506009,0.040485144
19/10/2015 01:00,0.264356854,0.044869141
19/10/2015 02:00,0.236713426,0.047074817
19/10/2015 03:00,0.213211964,0.049363585
19/10/2015 04:00,0.199241316,0.051189716
19/10/2015 05:00,0.163173263,0.055938675
19/10/2015 06:00,0.139624439,0.05421804
19/10/2015 07:00,0.153259102,0.036202848
19/10/2015 08:00,0.153053433,0.050456968
19/10/2015 09:00,0.138553334,0.071481147
19/10/2015 10:00,0.124920613,0.085743232
19/10/2015 11:00,0.123458908,0.087131483
19/10/2015 12:00,0.120274695,0.087818313
19/10/2015 13:00,0.125617979,0.092297097
19/10/2015 14:00,0.143586345,0.092233321
19/10/2015 15:00,0.184200812,0.092376419
19/10/2015 16:00,0.238895162,0.080804254
19/10/2015 17:00,0.296240265,0.072323078
19/10/2015 18:00,0.339259362,0.065435853
19/10/2015 19:00,0.363758007,0.062076464
19/10/2015 20:00,0.375380146,0.058758201
19/10/2015 21:00,0.369758139,0.054124417
19/10/2015 22:00,0.343737721,0.056615552
19/10/2015 23:00,0.323699063,0.058796822
20/10/2015 00:00,0.301479187,0.056116586
20/10/2015 01:00,0.277562013,0.065380098
20/10/2015 02:00,0.257002873,0.075717537
20/10/2015 03:00,0.242899628,0.07897873
20/10/2015 04:00,0.230037675,0.080902206
20/10/2015 05:00,0.18630742,0.086704404
20/10/2015 06:00,0.159674734,0.077062175
20/10/2015 07:00,0.177558451,0.077188258
20/10/2015 08:00,0.181787282,0.097915343
20/10/2015 09:00,0.168180379,0.124964916
20/10/2015 10:00,0.162946077,0.131730903
20/10/2015 11:00,0.173353982,0.141811778
20/10/2015 12:00,0.174868613,0.150650824
20/10/2015 13:00,0.186262023,0.168319543
20/10/2015 14:00,0.210488115,0.175137202
20/10/2015 15:00,0.253330146,0.180335521
20/10/2015 16:00,0.28847165,0.179539512
20/10/2015 17:00,0.328331437,0.161021948
20/10/2015 18:00,0.344989939,0.141831182
20/10/2015 19:00,0.359414323,0.124832617
20/10/2015 20:00,0.368081313,0.112663378
20/10/2015 21:00,0.369006539,0.109517287
20/10/2015 22:00,0.348406755,0.124789806
20/10/2015 23:00,0.324804478,0.125999663
21/10/2015 00:00,0.30089624,0.124838906
21/10/2015 01:00,0.276029164,0.119930502
21/10/2015 02:00,0.254155664,0.125519701
21/10/2015 03:00,0.238678387,0.132254001
21/10/2015 04:00,0.229761146,0.134131624
21/10/2015 05:00,0.191038273,0.137057338
21/10/2015 06:00,0.174640358,0.131023326
21/10/2015 07:00,0.183610067,0.152313828
21/10/2015 08:00,0.20237955,0.163369497
21/10/2015 09:00,0.221592158,0.167209085
21/10/2015 10:00,0.210786197,0.161728974
21/10/2015 11:00,0.216658299,0.158953529
21/10/2015 12:00,0.211832546,0.162927926
21/10/2015 13:00,0.215503576,0.161445406
21/10/2015 14:00,0.225945229,0.157621955
21/10/2015 15:00,0.242952492,0.155200231
21/10/2015 16:00,0.2708584,0.14660237
21/10/2015 17:00,0.301700372,0.140490322
21/10/2015 18:00,0.317773342,0.133246741
21/10/2015 19:00,0.325127468,0.128929451
21/10/2015 20:00,0.314414523,0.123051454
21/10/2015 21:00,0.299918916,0.121553886
21/10/2015 22:00,0.30517338,0.120864641
21/10/2015 23:00,0.269328057,0.120064664
22/10/2015 00:00,0.245608223,0.119161105
22/10/2015 01:00,0.231014,0.119629003
22/10/2015 02:00,0.21632485,0.117530001
22/10/2015 03:00,0.197367116,0.12050102
22/10/2015 04:00,0.185078338,0.128036929
22/10/2015 05:00,0.145974181,0.133522689
22/10/2015 06:00,0.127939887,0.133489364
22/10/2015 07:00,0.139713219,0.151192601
22/10/2015 08:00,0.149778727,0.168765756
22/10/2015 09:00,0.138362522,0.190306544
22/10/2015 10:00,0.108884072,0.185941095
22/10/2015 11:00,0.097485345,0.196033121
22/10/2015 12:00,0.097628723,0.194664886
22/10/2015 13:00,0.11226215,0.192171587
22/10/2015 14:00,0.14648942,0.176690456
22/10/2015 15:00,0.206104064,0.174809671
22/10/2015 16:00,0.266301911,0.170137614
22/10/2015 17:00,0.319348233,0.160846411
22/10/2015 18:00,0.346632983,0.150651371
22/10/2015 19:00,0.352679604,0.146340872
22/10/2015 20:00,0.345397747,0.141000415
22/10/2015 21:00,0.330196826,0.135788948
22/10/2015 22:00,0.310072342,0.118836768
22/10/2015 23:00,0.284181492,0.116147183
23/10/2015 00:00,0.267635203,0.118028754
23/10/2015 01:00,0.257122098,0.122021632
23/10/2015 02:00,0.251436449,0.122187503
23/10/2015 03:00,0.250179212,0.120752189
23/10/2015 04:00,0.249034523,0.12664475
23/10/2015 05:00,0.214033936,0.135160934
23/10/2015 06:00,0.165313241,0.137015038
23/10/2015 07:00,0.182847223,0.144129073
23/10/2015 08:00,0.197543428,0.156483945
23/10/2015 09:00,0.184547745,0.176089307
23/10/2015 10:00,0.149649253,0.184353534
23/10/2015 11:00,0.136430755,0.19886586
23/10/2015 12:00,0.13074968,0.190942527
23/10/2015 13:00,0.137256883,0.184543956
23/10/2015 14:00,0.16501035,0.157600109
23/10/2015 15:00,0.224924617,0.146955681
23/10/2015 16:00,0.285089472,0.140660804
23/10/2015 17:00,0.333758911,0.132194956
23/10/2015 18:00,0.357047946,0.12567822
23/10/2015 19:00,0.363482016,0.121786082
23/10/2015 20:00,0.368604866,0.116812213
23/10/2015 21:00,0.37060081,0.114796165
23/10/2015 22:00,0.339712653,0.097302396
23/10/2015 23:00,0.325786022,0.109524778
24/10/2015 00:00,0.308665607,0.119556731
24/10/2015 01:00,0.288472741,0.130860762
24/10/2015 02:00,0.270712549,0.142846339
24/10/2015 03:00,0.259742051,0.158221015
24/10/2015 04:00,0.256544632,0.172768751
24/10/2015 05:00,0.234915421,0.188664154
24/10/2015 06:00,0.202587526,0.200997009
24/10/2015 07:00,0.233428707,0.224666241
24/10/2015 08:00,0.252547668,0.320690746
24/10/2015 09:00,0.246629026,0.421235327
24/10/2015 10:00,0.26543896,0.449070713
24/10/2015 11:00,0.242593858,0.517072809
24/10/2015 12:00,0.221683921,0.563430507
24/10/2015 13:00,0.20184898,0.567023303
24/10/2015 14:00,0.192932011,0.541801467
24/10/2015 15:00,0.208936401,0.521663027
24/10/2015 16:00,0.228420463,0.508291477
24/10/2015 17:00,0.248066313,0.507446029
24/10/2015 18:00,0.265676877,0.509303409
24/10/2015 19:00,0.28168416,0.517892672
24/10/2015 20:00,0.289886023,0.529400044
24/10/2015 21:00,0.29477022,0.536860543
24/10/2015 22:00,0.314913673,0.561634311
24/10/2015 23:00,0.325797398,0.55765464
25/10/2015 00:00,0.331401263,0.55909541
25/10/2015 01:00,0.338428035,0.560667064
25/10/2015 02:00,0.341504466,0.56446433
25/10/2015 03:00,0.341566685,0.563124869
25/10/2015 04:00,0.349347478,0.559091538
25/10/2015 05:00,0.323652503,0.564905952
25/10/2015 06:00,0.27594432,0.554173264
25/10/2015 07:00,0.321514525,0.599564572
25/10/2015 08:00,0.351852723,0.641722339
25/10/2015 09:00,0.348131034,0.671120093
25/10/2015 10:00,0.349677056,0.667108492
25/10/2015 11:00,0.323749857,0.668680996
25/10/2015 12:00,0.305564116,0.679427862
25/10/2015 13:00,0.29916397,0.686669936
25/10/2015 14:00,0.29900413,0.671070254
25/10/2015 15:00,0.317075248,0.6274207
25/10/2015 16:00,0.352702523,0.599715366
25/10/2015 17:00,0.382648339,0.588085587
25/10/2015 18:00,0.393845255,0.574913289
25/10/2015 19:00,0.405177423,0.553584383
25/10/2015 20:00,0.409208719,0.532420841
25/10/2015 21:00,0.413903926,0.519027484
25/10/2015 22:00,0.423784882,0.470791789
25/10/2015 23:00,0.412788747,0.447584505
26/10/2015 00:00,0.398183172,0.423194307
26/10/2015 01:00,0.388114719,0.408614861
26/10/2015 02:00,0.37126095,0.396538981
26/10/2015 03:00,0.352796428,0.393154614
26/10/2015 04:00,0.340080568,0.387029371
26/10/2015 05:00,0.295068774,0.377099915
26/10/2015 06:00,0.244469656,0.362135612
26/10/2015 07:00,0.287502146,0.370777127
26/10/2015 08:00,0.33285929,0.386052561
26/10/2015 09:00,0.348853673,0.403071535
26/10/2015 10:00,0.330771725,0.433739282
26/10/2015 11:00,0.320374753,0.429622175
26/10/2015 12:00,0.312906695,0.427371898
26/10/2015 13:00,0.30302978,0.41290355
26/10/2015 14:00,0.302829,0.376535662
26/10/2015 15:00,0.3227003,0.344358504
26/10/2015 16:00,0.353171919,0.324779091
26/10/2015 17:00,0.381406309,0.302859674
26/10/2015 18:00,0.390168986,0.284623129
26/10/2015 19:00,0.390648647,0.27296572
26/10/2015 20:00,0.388902125,0.260579909
26/10/2015 21:00,0.383846413,0.244595384
26/10/2015 22:00,0.375077473,0.252361125
26/10/2015 23:00,0.367474151,0.230241903
27/10/2015 00:00,0.361770065,0.213514231
27/10/2015 01:00,0.356807667,0.201297537
27/10/2015 02:00,0.357679035,0.187281746
27/10/2015 03:00,0.36318416,0.176897855
27/10/2015 04:00,0.359701103,0.171643589
27/10/2015 05:00,0.320294693,0.165218968
27/10/2015 06:00,0.287541929,0.156107398
27/10/2015 07:00,0.299607159,0.132569657
27/10/2015 08:00,0.282289383,0.13138773
27/10/2015 09:00,0.25275074,0.130898155
27/10/2015 10:00,0.246299682,0.112451341
27/10/2015 11:00,0.232141954,0.110723381
27/10/2015 12:00,0.234543926,0.114839996
27/10/2015 13:00,0.254416497,0.116829173
27/10/2015 14:00,0.299076373,0.116240371
27/10/2015 15:00,0.370343487,0.120990491
27/10/2015 16:00,0.447305101,0.115168066
27/10/2015 17:00,0.502141298,0.115120886
27/10/2015 18:00,0.533571798,0.116930156
27/10/2015 19:00,0.541371338,0.122194598
27/10/2015 20:00,0.548065504,0.127086068
27/10/2015 21:00,0.55015705,0.128712364
27/10/2015 22:00,0.534532995,0.140082569
27/10/2015 23:00,0.540356041,0.139157656
28/10/2015 00:00,0.544639293,0.14220056
28/10/2015 01:00,0.556334356,0.141932504
28/10/2015 02:00,0.559611928,0.143984037
28/10/2015 03:00,0.560725729,0.141838813
28/10/2015 04:00,0.548980506,0.140553001
28/10/2015 05:00,0.513202601,0.141271758
28/10/2015 06:00,0.48947425,0.144575597
28/10/2015 07:00,0.483601025,0.118058061
28/10/2015 08:00,0.466235485,0.110203715
28/10/2015 09:00,0.436276048,0.121641012
28/10/2015 10:00,0.407850102,0.11630218
28/10/2015 11:00,0.390566188,0.116699708
28/10/2015 12:00,0.384408215,0.116777673
28/10/2015 13:00,0.405531832,0.112824315
28/10/2015 14:00,0.434778117,0.109441656
28/10/2015 15:00,0.493253407,0.099467629
28/10/2015 16:00,0.545991074,0.0906614
28/10/2015 17:00,0.580914805,0.086496626
28/10/2015 18:00,0.59621865,0.08704518
28/10/2015 19:00,0.595752087,0.084327137
28/10/2015 20:00,0.590170957,0.08217511
28/10/2015 21:00,0.574708332,0.080675034
28/10/2015 22:00,0.560075008,0.09141174
28/10/2015 23:00,0.555231203,0.090534626
29/10/2015 00:00,0.552759046,0.093888249
29/10/2015 01:00,0.548985982,0.093035892
29/10/2015 02:00,0.53535327,0.093544558
29/10/2015 03:00,0.520595944,0.091015574
29/10/2015 04:00,0.488107149,0.089372652
29/10/2015 05:00,0.438960017,0.092510949
29/10/2015 06:00,0.429400742,0.101098133
29/10/2015 07:00,0.41805062,0.085518399
29/10/2015 08:00,0.394506616,0.067087683
29/10/2015 09:00,0.363722771,0.066230881
29/10/2015 10:00,0.343391076,0.06653276
29/10/2015 11:00,0.322525202,0.069037004
29/10/2015 12:00,0.314155715,0.071984329
29/10/2015 13:00,0.318736437,0.069580758
29/10/2015 14:00,0.339346993,0.068148761
29/10/2015 15:00,0.382613056,0.055570033
29/10/2015 16:00,0.416331286,0.050532226
29/10/2015 17:00,0.437963204,0.049300131
29/10/2015 18:00,0.45016169,0.04426495
29/10/2015 19:00,0.449619631,0.038453069
29/10/2015 20:00,0.444828337,0.036977033
29/10/2015 21:00,0.439422177,0.037541641
29/10/2015 22:00,0.416904373,0.052456912
29/10/2015 23:00,0.40774945,0.056373528
30/10/2015 00:00,0.404650994,0.060026118
30/10/2015 01:00,0.407506722,0.061729603
30/10/2015 02:00,0.408191302,0.064935268
30/10/2015 03:00,0.407920684,0.064995711
30/10/2015 04:00,0.395916319,0.066064054
30/10/2015 05:00,0.351264287,0.066950238
30/10/2015 06:00,0.330934405,0.074327119
30/10/2015 07:00,0.319761477,0.066506055
30/10/2015 08:00,0.30531633,0.045296563
30/10/2015 09:00,0.275642345,0.044350985
30/10/2015 10:00,0.261905358,0.042753145
30/10/2015 11:00,0.248765224,0.042777541
30/10/2015 12:00,0.249024077,0.042843645
30/10/2015 13:00,0.25998385,0.042473569
30/10/2015 14:00,0.283772004,0.044747067
30/10/2015 15:00,0.331069603,0.044419222
30/10/2015 16:00,0.37957962,0.045680258
30/10/2015 17:00,0.404067068,0.042489282
30/10/2015 18:00,0.411211631,0.03751411
30/10/2015 19:00,0.415135078,0.03227862
30/10/2015 20:00,0.415795424,0.031035252
30/10/2015 21:00,0.408217261,0.032058308
30/10/2015 22:00,0.405862293,0.039553531
30/10/2015 23:00,0.41027859,0.04426769
31/10/2015 00:00,0.41711133,0.047493675
31/10/2015 01:00,0.425545984,0.047250902
31/10/2015 02:00,0.43590231,0.046347631
31/10/2015 03:00,0.44640299,0.043941302
31/10/2015 04:00,0.441171616,0.041396956
31/10/2015 05:00,0.398478411,0.044307106
31/10/2015 06:00,0.382025653,0.051748841
31/10/2015 07:00,0.388234153,0.046890983
31/10/2015 08:00,0.389901922,0.028170808
31/10/2015 09:00,0.373688669,0.021256659
31/10/2015 10:00,0.361449909,0.020414628
31/10/2015 11:00,0.348300118,0.0232405
31/10/2015 12:00,0.35669498,0.032393124
31/10/2015 13:00,0.368689109,0.044556573
31/10/2015 14:00,0.383605635,0.057403334
31/10/2015 15:00,0.413790596,0.050217227
31/10/2015 16:00,0.451227425,0.04439806
31/10/2015 17:00,0.472660465,0.042705903
31/10/2015 18:00,0.48898325,0.039871435
31/10/2015 19:00,0.493712649,0.039002543
31/10/2015 20:00,0.493602838,0.039819635
31/10/2015 21:00,0.489604388,0.042757606
31/10/2015 22:00,0.483564893,0.044678994
31/10/2015 23:00,0.48139317,0.051609028
01/11/2015 00:00,0.480994358,0.058620362
01/11/2015 01:00,0.487463466,0.063279016
01/11/2015 02:00,0.49204691,0.068754136
01/11/2015 03:00,0.494407495,0.076965485
01/11/2015 04:00,0.480444085,0.083132784
01/11/2015 05:00,0.423576837,0.093243912
01/11/2015 06:00,0.407014712,0.112236602
01/11/2015 07:00,0.415103515,0.097598615
01/11/2015 08:00,0.413213689,0.074538394
01/11/2015 09:00,0.406503492,0.081043536
01/11/2015 10:00,0.35607585,0.089259784
01/11/2015 11:00,0.346148124,0.095688167
01/11/2015 12:00,0.346338074,0.106242924
01/11/2015 13:00,0.35342944,0.120735395
01/11/2015 14:00,0.373646117,0.144100322
01/11/2015 15:00,0.418208288,0.158071376
01/11/2015 16:00,0.467008993,0.156106242
01/11/2015 17:00,0.502764098,0.154090962
01/11/2015 18:00,0.520075193,0.149833285
01/11/2015 19:00,0.52134919,0.144053246
01/11/2015 20:00,0.515651531,0.138210084
01/11/2015 21:00,0.502545124,0.135202082
01/11/2015 22:00,0.468084536,0.11897797
01/11/2015 23:00,0.465080792,0.131625458
02/11/2015 00:00,0.463589683,0.141113398
02/11/2015 01:00,0.461219811,0.145772117
02/11/2015 02:00,0.461281843,0.146431854
02/11/2015 03:00,0.460288009,0.149881519
02/11/2015 04:00,0.44958725,0.150562953
02/11/2015 05:00,0.391685745,0.153603848
02/11/2015 06:00,0.355044637,0.161062808
02/11/2015 07:00,0.381828763,0.142392228
02/11/2015 08:00,0.383213847,0.129799524
02/11/2015 09:00,0.363120477,0.141350508
02/11/2015 10:00,0.30575027,0.158146008
02/11/2015 11:00,0.301604045,0.169421727
02/11/2015 12:00,0.300968535,0.18502622
02/11/2015 13:00,0.314471726,0.199121311
02/11/2015 14:00,0.342690405,0.213598345
02/11/2015 15:00,0.402279933,0.218742045
02/11/2015 16:00,0.464717156,0.209100673
02/11/2015 17:00,0.50144303,0.202501403
02/11/2015 18:00,0.526300923,0.192850783
02/11/2015 19:00,0.538982231,0.188694773
02/11/2015 20:00,0.542506604,0.180134669
02/11/2015 21:00,0.53487269,0.178315807
02/11/2015 22:00,0.489915727,0.179538079
02/11/2015 23:00,0.485820088,0.184580317
03/11/2015 00:00,0.478908175,0.199835997
03/11/2015 01:00,0.473394202,0.209926806
03/11/2015 02:00,0.468703604,0.21724745
03/11/2015 03:00,0.470056116,0.218444929
03/11/2015 04:00,0.466763587,0.223490685
03/11/2015 05:00,0.419772573,0.233668606
03/11/2015 06:00,0.384077109,0.239503123
03/11/2015 07:00,0.427002059,0.219847432
03/11/2015 08:00,0.449208281,0.241058606
03/11/2015 09:00,0.436661467,0.269062803
03/11/2015 10:00,0.424587192,0.272623234
03/11/2015 11:00,0.411627914,0.27485972
03/11/2015 12:00,0.402252398,0.297617334
03/11/2015 13:00,0.380058904,0.314541305
03/11/2015 14:00,0.371998956,0.327177476
03/11/2015 15:00,0.382490372,0.347512798
03/11/2015 16:00,0.407107051,0.35472704
03/11/2015 17:00,0.436046698,0.343548101
03/11/2015 18:00,0.459002781,0.322759231
03/11/2015 19:00,0.472346372,0.305762182
03/11/2015 20:00,0.477422996,0.285663178
03/11/2015 21:00,0.476089639,0.270230097
03/11/2015 22:00,0.420462932,0.253335831
03/11/2015 23:00,0.411489894,0.253159864
04/11/2015 00:00,0.397395373,0.253607437
04/11/2015 01:00,0.38594235,0.256269777
04/11/2015 02:00,0.375276569,0.263028081
04/11/2015 03:00,0.379519818,0.263118877
04/11/2015 04:00,0.381274845,0.255533404
04/11/2015 05:00,0.336633289,0.258952866
04/11/2015 06:00,0.314169854,0.251798911
04/11/2015 07:00,0.373732289,0.205059562
04/11/2015 08:00,0.414128681,0.220565945
04/11/2015 09:00,0.416187117,0.254393761
04/11/2015 10:00,0.354884049,0.324224191
04/11/2015 11:00,0.331108038,0.362667068
04/11/2015 12:00,0.287223474,0.392260901
04/11/2015 13:00,0.244605663,0.402857333
04/11/2015 14:00,0.211490339,0.381205662
04/11/2015 15:00,0.21022054,0.380676752
04/11/2015 16:00,0.227915196,0.363433624
04/11/2015 17:00,0.24830541,0.35031344
04/11/2015 18:00,0.2644383,0.324922032
04/11/2015 19:00,0.269034983,0.303913222
04/11/2015 20:00,0.273733394,0.289055641
04/11/2015 21:00,0.27028653,0.273963638
04/11/2015 22:00,0.259991695,0.306153657
04/11/2015 23:00,0.261032799,0.295435567
05/11/2015 00:00,0.261164946,0.287888066
05/11/2015 01:00,0.262044904,0.279932738
05/11/2015 02:00,0.271034454,0.277351207
05/11/2015 03:00,0.284951871,0.283095676
05/11/2015 04:00,0.2935376,0.285461948
05/11/2015 05:00,0.263618864,0.28447665
05/11/2015 06:00,0.247342234,0.274876394
05/11/2015 07:00,0.290109218,0.266206598
05/11/2015 08:00,0.349456432,0.279096288
05/11/2015 09:00,0.386768837,0.294915613
05/11/2015 10:00,0.379475335,0.355604811
05/11/2015 11:00,0.37806831,0.35938305
05/11/2015 12:00,0.363095963,0.372787566
05/11/2015 13:00,0.333971384,0.371749144
05/11/2015 14:00,0.319376265,0.351343202
05/11/2015 15:00,0.345748167,0.349207733
05/11/2015 16:00,0.375626138,0.33599155
05/11/2015 17:00,0.398413611,0.310496484
05/11/2015 18:00,0.40453654,0.277510118
05/11/2015 19:00,0.403955478,0.24974645
05/11/2015 20:00,0.388795683,0.226829873
05/11/2015 21:00,0.378507036,0.212422941
05/11/2015 22:00,0.342462614,0.207294504
05/11/2015 23:00,0.331853386,0.202481467
06/11/2015 00:00,0.305166782,0.201735446
06/11/2015 01:00,0.276354778,0.1990247
06/11/2015 02:00,0.251234347,0.197585484
06/11/2015 03:00,0.23222204,0.201215833
06/11/2015 04:00,0.211197144,0.201396264
06/11/2015 05:00,0.167676397,0.201866089
06/11/2015 06:00,0.127466884,0.188191329
06/11/2015 07:00,0.137840733,0.183177546
06/11/2015 08:00,0.157632331,0.19510008
06/11/2015 09:00,0.16442408,0.207120038
06/11/2015 10:00,0.140628476,0.221129599
06/11/2015 11:00,0.128781168,0.22659696
06/11/2015 12:00,0.115999931,0.242612725
06/11/2015 13:00,0.107339811,0.254288742
06/11/2015 14:00,0.119262664,0.255613244
06/11/2015 15:00,0.162511052,0.259756539
06/11/2015 16:00,0.213145117,0.239019955
06/11/2015 17:00,0.256951903,0.215286738
06/11/2015 18:00,0.287283552,0.189362083
06/11/2015 19:00,0.298875422,0.166221988
06/11/2015 20:00,0.299260755,0.150399294
06/11/2015 21:00,0.292612279,0.13992872
06/11/2015 22:00,0.289982654,0.130879291
06/11/2015 23:00,0.276544467,0.124093823
07/11/2015 00:00,0.266237009,0.122972786
07/11/2015 01:00,0.24970007,0.121831899
07/11/2015 02:00,0.235748721,0.117237992
07/11/2015 03:00,0.227357605,0.119486112
07/11/2015 04:00,0.221881415,0.116929879
07/11/2015 05:00,0.193084397,0.118885435
07/11/2015 06:00,0.158438192,0.116868359
07/11/2015 07:00,0.186752861,0.102325661
07/11/2015 08:00,0.214167203,0.095237072
07/11/2015 09:00,0.217030358,0.089224165
07/11/2015 10:00,0.207316401,0.078961
07/11/2015 11:00,0.198521926,0.079648666
07/11/2015 12:00,0.189076026,0.087781519
07/11/2015 13:00,0.187283746,0.100070302
07/11/2015 14:00,0.208371925,0.119093324
07/11/2015 15:00,0.254688965,0.127552576
07/11/2015 16:00,0.29320955,0.109828855
07/11/2015 17:00,0.31949585,0.095400439
07/11/2015 18:00,0.327498005,0.082577194
07/11/2015 19:00,0.324135575,0.072680548
07/11/2015 20:00,0.30967385,0.063549548
07/11/2015 21:00,0.289934197,0.057044617
07/11/2015 22:00,0.270831947,0.041573764
07/11/2015 23:00,0.24059794,0.041246223
08/11/2015 00:00,0.224151384,0.043477089
08/11/2015 01:00,0.212713351,0.046284279
08/11/2015 02:00,0.210531446,0.048124523
08/11/2015 03:00,0.210466867,0.048525192
08/11/2015 04:00,0.208851669,0.048156582
08/11/2015 05:00,0.177750628,0.048178934
08/11/2015 06:00,0.15410332,0.04900031
08/11/2015 07:00,0.181076755,0.042795677
08/11/2015 08:00,0.204956766,0.044777774
08/11/2015 09:00,0.208301785,0.0497145
08/11/2015 10:00,0.183568246,0.046738519
08/11/2015 11:00,0.178715169,0.058072442
08/11/2015 12:00,0.175292185,0.068295115
08/11/2015 13:00,0.174383121,0.082990759
08/11/2015 14:00,0.196769872,0.104257346
08/11/2015 15:00,0.243651935,0.119725044
08/11/2015 16:00,0.290215798,0.110498332
08/11/2015 17:00,0.328651379,0.097210853
08/11/2015 18:00,0.348547241,0.089548527
08/11/2015 19:00,0.348048551,0.085598358
08/11/2015 20:00,0.334270239,0.081217988
08/11/2015 21:00,0.320971655,0.08010675
08/11/2015 22:00,0.297129869,0.070633353
08/11/2015 23:00,0.295927521,0.075966123
09/11/2015 00:00,0.297702182,0.081474598
09/11/2015 01:00,0.293760603,0.084466799
09/11/2015 02:00,0.283799728,0.088480108
09/11/2015 03:00,0.274160815,0.0911781
09/11/2015 04:00,0.262684074,0.096440808
09/11/2015 05:00,0.224160486,0.102637442
09/11/2015 06:00,0.195383015,0.10823239
09/11/2015 07:00,0.200658533,0.09643702
09/11/2015 08:00,0.207806347,0.100502936
09/11/2015 09:00,0.20761813,0.107621997
09/11/2015 10:00,0.186002248,0.095838823
09/11/2015 11:00,0.187118793,0.107459839
09/11/2015 12:00,0.201178822,0.12172556
09/11/2015 13:00,0.220286177,0.142946145
09/11/2015 14:00,0.256091175,0.166264369
09/11/2015 15:00,0.308062681,0.185064244
09/11/2015 16:00,0.348922673,0.170104594
09/11/2015 17:00,0.368710719,0.14477967
09/11/2015 18:00,0.373525923,0.124502952
09/11/2015 19:00,0.366944107,0.112109771
09/11/2015 20:00,0.355685651,0.100043783
09/11/2015 21:00,0.334964763,0.094317538
09/11/2015 22:00,0.2873017,0.088684746
09/11/2015 23:00,0.279967487,0.089787743
10/11/2015 00:00,0.268510176,0.089827393
10/11/2015 01:00,0.263017788,0.092907764
10/11/2015 02:00,0.255156983,0.096238069
10/11/2015 03:00,0.244647515,0.099784556
10/11/2015 04:00,0.223153309,0.100581239
10/11/2015 05:00,0.181229564,0.101312493
10/11/2015 06:00,0.168794975,0.10613942
10/11/2015 07:00,0.173133058,0.091355331
10/11/2015 08:00,0.181660921,0.109511573
10/11/2015 09:00,0.192813683,0.127080957
10/11/2015 10:00,0.207493494,0.114509816
10/11/2015 11:00,0.213294781,0.120914182
10/11/2015 12:00,0.211969846,0.130706443
10/11/2015 13:00,0.207141364,0.137926308
10/11/2015 14:00,0.216153931,0.135986965
10/11/2015 15:00,0.240117953,0.132021876
10/11/2015 16:00,0.270801099,0.119691274
10/11/2015 17:00,0.288875928,0.101746233
10/11/2015 18:00,0.284482295,0.091747426
10/11/2015 19:00,0.270794519,0.081009183
10/11/2015 20:00,0.251313018,0.07063565
10/11/2015 21:00,0.232687095,0.061250418
10/11/2015 22:00,0.209870738,0.051074494
10/11/2015 23:00,0.194839237,0.047720125
11/11/2015 00:00,0.189607534,0.047007407
11/11/2015 01:00,0.181804679,0.047633595
11/11/2015 02:00,0.176199068,0.050770069
11/11/2015 03:00,0.169364521,0.051480054
11/11/2015 04:00,0.159313662,0.053308419
11/11/2015 05:00,0.124740502,0.054023743
11/11/2015 06:00,0.097133672,0.061909977
11/11/2015 07:00,0.092574904,0.04970598
11/11/2015 08:00,0.091505609,0.049604309
11/11/2015 09:00,0.095162113,0.058646358
11/11/2015 10:00,0.135369284,0.068631039
11/11/2015 11:00,0.131732623,0.073624675
11/11/2015 12:00,0.130949686,0.088286937
11/11/2015 13:00,0.131989713,0.104238002
11/11/2015 14:00,0.151919039,0.121789444
11/11/2015 15:00,0.195985007,0.128420587
11/11/2015 16:00,0.240916871,0.115574601
11/11/2015 17:00,0.279856357,0.10106156
11/11/2015 18:00,0.29896594,0.092433334
11/11/2015 19:00,0.315190623,0.085307095
11/11/2015 20:00,0.322391442,0.079220987
11/11/2015 21:00,0.322899632,0.075168639
11/11/2015 22:00,0.316588501,0.071246383
11/11/2015 23:00,0.302027274,0.072701514
12/11/2015 00:00,0.288652474,0.077649106
12/11/2015 01:00,0.276854088,0.083862177
12/11/2015 02:00,0.268144828,0.09348113
12/11/2015 03:00,0.261973546,0.10024715
12/11/2015 04:00,0.247684125,0.103412117
12/11/2015 05:00,0.208709382,0.103929494
12/11/2015 06:00,0.177868565,0.113170564
12/11/2015 07:00,0.174178978,0.099168384
12/11/2015 08:00,0.178689176,0.101948348
12/11/2015 09:00,0.181539693,0.112979379
12/11/2015 10:00,0.187786945,0.110139481
12/11/2015 11:00,0.18368509,0.130812177
12/11/2015 12:00,0.193658631,0.151616872
12/11/2015 13:00,0.206409138,0.177199346
12/11/2015 14:00,0.250873144,0.20589934
12/11/2015 15:00,0.325312756,0.231486199
12/11/2015 16:00,0.408446024,0.227588775
12/11/2015 17:00,0.457451483,0.206100384
12/11/2015 18:00,0.480650008,0.192265279
12/11/2015 19:00,0.488777295,0.178903046
12/11/2015 20:00,0.488948132,0.172666365
12/11/2015 21:00,0.480636451,0.170362985
12/11/2015 22:00,0.44090893,0.157993647
12/11/2015 23:00,0.413843274,0.162847718
13/11/2015 00:00,0.392842153,0.172775704
13/11/2015 01:00,0.379073887,0.185136331
13/11/2015 02:00,0.363305749,0.199254818
13/11/2015 03:00,0.349147722,0.209444008
13/11/2015 04:00,0.334741938,0.220077866
13/11/2015 05:00,0.3101073,0.225007774
13/11/2015 06:00,0.283614066,0.231972656
13/11/2015 07:00,0.279927232,0.219080108
13/11/2015 08:00,0.285700721,0.221012179
13/11/2015 09:00,0.294415304,0.224227603
13/11/2015 10:00,0.292393898,0.224848559
13/11/2015 11:00,0.305422194,0.247266665
13/11/2015 12:00,0.317685838,0.282208252
13/11/2015 13:00,0.335824522,0.322096024
13/11/2015 14:00,0.381609212,0.345611276
13/11/2015 15:00,0.442702259,0.363399546
13/11/2015 16:00,0.479999762,0.354751885
13/11/2015 17:00,0.494364194,0.340720899
13/11/2015 18:00,0.490856232,0.313766376
13/11/2015 19:00,0.486419833,0.287445053
13/11/2015 20:00,0.478392734,0.259967802
13/11/2015 21:00,0.46466054,0.244183936
13/11/2015 22:00,0.454257119,0.237934753
13/11/2015 23:00,0.439705649,0.252900147
14/11/2015 00:00,0.432574132,0.255796718
14/11/2015 01:00,0.426712405,0.256376322
14/11/2015 02:00,0.422031961,0.263180266
14/11/2015 03:00,0.425906426,0.271641486
14/11/2015 04:00,0.422193196,0.269433584
14/11/2015 05:00,0.390449531,0.266100045
14/11/2015 06:00,0.368465924,0.260267378
14/11/2015 07:00,0.413851123,0.259208748
14/11/2015 08:00,0.460051497,0.28531691
14/11/2015 09:00,0.503713263,0.309618521
14/11/2015 10:00,0.555841164,0.277966069
14/11/2015 11:00,0.559343052,0.320609747
14/11/2015 12:00,0.557622623,0.344828961
14/11/2015 13:00,0.549128293,0.365270027
14/11/2015 14:00,0.535331741,0.369581045
14/11/2015 15:00,0.528339457,0.379556504
14/11/2015 16:00,0.53107103,0.371408333
14/11/2015 17:00,0.522053056,0.357546424
14/11/2015 18:00,0.509823766,0.339729953
14/11/2015 19:00,0.489007365,0.317609565
14/11/2015 20:00,0.468479317,0.306164017
14/11/2015 21:00,0.45038277,0.291632794
14/11/2015 22:00,0.455059908,0.29449194
14/11/2015 23:00,0.431139504,0.271471393
15/11/2015 00:00,0.41373619,0.256545682
15/11/2015 01:00,0.396752378,0.243110096
15/11/2015 02:00,0.383084488,0.235112846
15/11/2015 03:00,0.365048051,0.233922643
15/11/2015 04:00,0.354745304,0.231463321
15/11/2015 05:00,0.320979689,0.228652262
15/11/2015 06:00,0.280860261,0.208940194
15/11/2015 07:00,0.30693484,0.195602285
15/11/2015 08:00,0.350189809,0.192157219
15/11/2015 09:00,0.392012653,0.19016277
15/11/2015 10:00,0.42070101,0.184346588
15/11/2015 11:00,0.44066452,0.185936333
15/11/2015 12:00,0.457216044,0.192517487
15/11/2015 13:00,0.455333049,0.201107535
15/11/2015 14:00,0.459498254,0.213040649
15/11/2015 15:00,0.46882326,0.221231201
15/11/2015 16:00,0.482220648,0.216777224
15/11/2015 17:00,0.481647412,0.206286768
15/11/2015 18:00,0.471205491,0.200943793
15/11/2015 19:00,0.466892376,0.191761863
15/11/2015 20:00,0.460584209,0.190589018
15/11/2015 21:00,0.453575605,0.187031951
15/11/2015 22:00,0.42623976,0.178648362
15/11/2015 23:00,0.417573997,0.181512295
16/11/2015 00:00,0.399086289,0.184435344
16/11/2015 01:00,0.384880659,0.186229636
16/11/2015 02:00,0.37027006,0.190758513
16/11/2015 03:00,0.353567989,0.200920515
16/11/2015 04:00,0.327312912,0.204714461
16/11/2015 05:00,0.266510882,0.207403065
16/11/2015 06:00,0.201600099,0.210306385
16/11/2015 07:00,0.180200722,0.223701767
16/11/2015 08:00,0.163017761,0.253365518
16/11/2015 09:00,0.145555306,0.282614346
16/11/2015 10:00,0.14530068,0.269476999
16/11/2015 11:00,0.135691683,0.26371838
16/11/2015 12:00,0.132268682,0.262314682
16/11/2015 13:00,0.136983998,0.259794258
16/11/2015 14:00,0.163506057,0.248357378
16/11/2015 15:00,0.220982874,0.25138305
16/11/2015 16:00,0.278977561,0.251107592
16/11/2015 17:00,0.323272679,0.25539072
16/11/2015 18:00,0.351829703,0.257581027
16/11/2015 19:00,0.381010295,0.253446203
16/11/2015 20:00,0.3978687,0.237360847
16/11/2015 21:00,0.401502038,0.222991334
16/11/2015 22:00,0.415421255,0.225970221
16/11/2015 23:00,0.412281462,0.21986111
17/11/2015 00:00,0.403977403,0.218063163
17/11/2015 01:00,0.403375456,0.212968003
17/11/2015 02:00,0.407860146,0.212893143
17/11/2015 03:00,0.409555606,0.216400914
17/11/2015 04:00,0.41162767,0.217483146
17/11/2015 05:00,0.375429514,0.217608969
17/11/2015 06:00,0.336835192,0.215278489
17/11/2015 07:00,0.350656258,0.198016184
17/11/2015 08:00,0.359805052,0.192749068
17/11/2015 09:00,0.34880039,0.201473041
17/11/2015 10:00,0.335173647,0.201323195
17/11/2015 11:00,0.337496704,0.201259972
17/11/2015 12:00,0.354868609,0.206791454
17/11/2015 13:00,0.378757811,0.209017941
17/11/2015 14:00,0.419272941,0.217406719
17/11/2015 15:00,0.475695035,0.227194758
17/11/2015 16:00,0.525373899,0.231382752
17/11/2015 17:00,0.549942535,0.227548871
17/11/2015 18:00,0.568292739,0.221944083
17/11/2015 19:00,0.575448578,0.213158684
17/11/2015 20:00,0.579058241,0.205061106
17/11/2015 21:00,0.573539865,0.194251578
17/11/2015 22:00,0.564098077,0.181846356
17/11/2015 23:00,0.545107088,0.16960786
18/11/2015 00:00,0.527144618,0.161119056
18/11/2015 01:00,0.515683875,0.156941369
18/11/2015 02:00,0.501568095,0.14824082
18/11/2015 03:00,0.501475819,0.15113079
18/11/2015 04:00,0.490755708,0.153928027
18/11/2015 05:00,0.451717781,0.158975154
18/11/2015 06:00,0.440977314,0.162505463
18/11/2015 07:00,0.436436038,0.151868191
18/11/2015 08:00,0.426866683,0.14376227
18/11/2015 09:00,0.410678458,0.149230307
18/11/2015 10:00,0.370585243,0.152099655
18/11/2015 11:00,0.356913121,0.164437496
18/11/2015 12:00,0.350076938,0.171204057
18/11/2015 13:00,0.352900338,0.17342815
18/11/2015 14:00,0.387266862,0.17133129
18/11/2015 15:00,0.446593306,0.178307378
18/11/2015 16:00,0.506977139,0.189772867
18/11/2015 17:00,0.549981939,0.19615631
18/11/2015 18:00,0.57228892,0.206536659
18/11/2015 19:00,0.575146216,0.213047992
18/11/2015 20:00,0.569909857,0.216556646
18/11/2015 21:00,0.556174867,0.217443521
18/11/2015 22:00,0.543543939,0.239725182
18/11/2015 23:00,0.527083712,0.232249239
19/11/2015 00:00,0.512739255,0.234337926
19/11/2015 01:00,0.498920697,0.242445652
19/11/2015 02:00,0.484932111,0.250605801
19/11/2015 03:00,0.471493793,0.25308392
19/11/2015 04:00,0.451530475,0.246765893
19/11/2015 05:00,0.393101295,0.246044308
19/11/2015 06:00,0.365877041,0.257300333
19/11/2015 07:00,0.373817783,0.249567373
19/11/2015 08:00,0.38096702,0.230056708
19/11/2015 09:00,0.373553932,0.253450517
19/11/2015 10:00,0.324052844,0.278375649
19/11/2015 11:00,0.325705875,0.294627113
19/11/2015 12:00,0.3245316,0.298925044
19/11/2015 13:00,0.322572599,0.280001308
19/11/2015 14:00,0.345034597,0.246520059
19/11/2015 15:00,0.390064957,0.208249139
19/11/2015 16:00,0.428696423,0.180444703
19/11/2015 17:00,0.446594217,0.165693177
19/11/2015 18:00,0.44563488,0.16476376
19/11/2015 19:00,0.429182175,0.160162509
19/11/2015 20:00,0.408304581,0.155131243
19/11/2015 21:00,0.376687517,0.146059422
19/11/2015 22:00,0.351111187,0.136539348
19/11/2015 23:00,0.328598609,0.119986531
20/11/2015 00:00,0.313768697,0.104621732
20/11/2015 01:00,0.299893856,0.102186506
20/11/2015 02:00,0.288819099,0.100368725
20/11/2015 03:00,0.282195448,0.096132345
20/11/2015 04:00,0.271810174,0.097482802
20/11/2015 05:00,0.226762569,0.098693497
20/11/2015 06:00,0.190100792,0.10344848
20/11/2015 07:00,0.196822741,0.097329652
20/11/2015 08:00,0.197386301,0.080023447
20/11/2015 09:00,0.189203451,0.100995359
20/11/2015 10:00,0.172709883,0.09820877
20/11/2015 11:00,0.168708416,0.115926725
20/11/2015 12:00,0.175249158,0.129387688
20/11/2015 13:00,0.20324982,0.124239633
20/11/2015 14:00,0.264816999,0.113289163
20/11/2015 15:00,0.360592429,0.101520821
20/11/2015 16:00,0.435784267,0.095146227
20/11/2015 17:00,0.478865577,0.091354738
20/11/2015 18:00,0.493255515,0.087560658
20/11/2015 19:00,0.490747148,0.082802707
20/11/2015 20:00,0.482765684,0.080589728
20/11/2015 21:00,0.471312037,0.079074265
20/11/2015 22:00,0.468177594,0.082150856
20/11/2015 23:00,0.462290962,0.081432613
21/11/2015 00:00,0.453017558,0.083180584
21/11/2015 01:00,0.447101868,0.081569423
21/11/2015 02:00,0.444939567,0.086577942
21/11/2015 03:00,0.441519876,0.092218155
21/11/2015 04:00,0.431056303,0.100438308
21/11/2015 05:00,0.365163748,0.106645353
21/11/2015 06:00,0.344410069,0.115730633
21/11/2015 07:00,0.335329338,0.128356849
21/11/2015 08:00,0.321894266,0.120211337
21/11/2015 09:00,0.291105945,0.14524992
21/11/2015 10:00,0.24905557,0.163900797
21/11/2015 11:00,0.221174579,0.18422475
21/11/2015 12:00,0.204000503,0.189563189
21/11/2015 13:00,0.202252635,0.167287907
21/11/2015 14:00,0.226570599,0.158783502
21/11/2015 15:00,0.285315629,0.154421171
21/11/2015 16:00,0.352224234,0.147178165
21/11/2015 17:00,0.403810935,0.145024933
21/11/2015 18:00,0.440689754,0.134626874
21/11/2015 19:00,0.459958531,0.12578887
21/11/2015 20:00,0.467000307,0.123261589
21/11/2015 21:00,0.461304018,0.115348297
21/11/2015 22:00,0.449542799,0.124392809
21/11/2015 23:00,0.437115384,0.108867451
22/11/2015 00:00,0.425564053,0.10924994
22/11/2015 01:00,0.410247189,0.106541901
22/11/2015 02:00,0.403062333,0.110706495
22/11/2015 03:00,0.396482145,0.113772502
22/11/2015 04:00,0.390785158,0.111007448
22/11/2015 05:00,0.355847375,0.111173698
22/11/2015 06:00,0.335333649,0.115272072
22/11/2015 07:00,0.351233021,0.113514963
22/11/2015 08:00,0.371710038,0.120950844
22/11/2015 09:00,0.380188268,0.134192937
22/11/2015 10:00,0.371375393,0.134842156
22/11/2015 11:00,0.38147721,0.143794198
22/11/2015 12:00,0.392624262,0.150312594
22/11/2015 13:00,0.400397957,0.158119429
22/11/2015 14:00,0.417291831,0.169846417
22/11/2015 15:00,0.450987287,0.178823319
22/11/2015 16:00,0.474209127,0.183765382
22/11/2015 17:00,0.47769648,0.192029176
22/11/2015 18:00,0.466106147,0.19916957
22/11/2015 19:00,0.450841889,0.201581294
22/11/2015 20:00,0.451931598,0.202680944
22/11/2015 21:00,0.454818974,0.208965221
22/11/2015 22:00,0.446864203,0.214729258
22/11/2015 23:00,0.431871685,0.224967545
23/11/2015 00:00,0.421561775,0.233040631
23/11/2015 01:00,0.411748803,0.239490916
23/11/2015 02:00,0.410745787,0.244348858
23/11/2015 03:00,0.401953146,0.251859351
23/11/2015 04:00,0.394727639,0.255657429
23/11/2015 05:00,0.360146263,0.259622206
23/11/2015 06:00,0.325712136,0.26181677
23/11/2015 07:00,0.359730043,0.264120532
23/11/2015 08:00,0.39976451,0.289540769
23/11/2015 09:00,0.42603834,0.310091474
23/11/2015 10:00,0.459976959,0.327938361
23/11/2015 11:00,0.448825641,0.343048788
23/11/2015 12:00,0.436981137,0.361753907
23/11/2015 13:00,0.422161287,0.389723309
23/11/2015 14:00,0.411590897,0.395350978
23/11/2015 15:00,0.427597916,0.399130811
23/11/2015 16:00,0.454428539,0.388799911
23/11/2015 17:00,0.480542664,0.365032016
23/11/2015 18:00,0.489659774,0.347415414
23/11/2015 19:00,0.492588316,0.329510418
23/11/2015 20:00,0.487283428,0.320486942
23/11/2015 21:00,0.485457328,0.30723089
23/11/2015 22:00,0.481528698,0.313691431
23/11/2015 23:00,0.478593299,0.318521426
24/11/2015 00:00,0.469365032,0.309987894
24/11/2015 01:00,0.460284103,0.297820795
24/11/2015 02:00,0.450333369,0.28290419
24/11/2015 03:00,0.436428451,0.2727192
24/11/2015 04:00,0.417191795,0.260546004
24/11/2015 05:00,0.381252852,0.242274918
24/11/2015 06:00,0.318865056,0.221307196
24/11/2015 07:00,0.334916814,0.188552691
24/11/2015 08:00,0.373278385,0.180023325
24/11/2015 09:00,0.411190528,0.166331476
24/11/2015 10:00,0.505918509,0.126077847
24/11/2015 11:00,0.494617306,0.112768906
24/11/2015 12:00,0.469376616,0.113189904
24/11/2015 13:00,0.434533399,0.11651157
24/11/2015 14:00,0.40144358,0.122931612
24/11/2015 15:00,0.391423793,0.128681796
24/11/2015 16:00,0.396997526,0.108270904
24/11/2015 17:00,0.406537769,0.081354242
24/11/2015 18:00,0.413164256,0.066534087
24/11/2015 19:00,0.420136293,0.063107775
24/11/2015 20:00,0.427241039,0.054790475
24/11/2015 21:00,0.423277259,0.046951977
24/11/2015 22:00,0.450182362,0.045125578
24/11/2015 23:00,0.433974508,0.043830567
25/11/2015 00:00,0.405563757,0.041848601
25/11/2015 01:00,0.383085972,0.040603519
25/11/2015 02:00,0.365546311,0.04091563
25/11/2015 03:00,0.35464838,0.044108908
25/11/2015 04:00,0.34696607,0.042762972
25/11/2015 05:00,0.312833471,0.04282977
25/11/2015 06:00,0.273632533,0.046422094
25/11/2015 07:00,0.274070244,0.039821159
25/11/2015 08:00,0.274741126,0.035923066
25/11/2015 09:00,0.287266548,0.0471276
25/11/2015 10:00,0.330928472,0.063574503
25/11/2015 11:00,0.332636857,0.073519166
25/11/2015 12:00,0.333529905,0.076833466
25/11/2015 13:00,0.32219478,0.08002281
25/11/2015 14:00,0.313155238,0.082835675
25/11/2015 15:00,0.328550784,0.076030067
25/11/2015 16:00,0.340281735,0.066297365
25/11/2015 17:00,0.354391291,0.059773158
25/11/2015 18:00,0.370585841,0.0585648
25/11/2015 19:00,0.383446101,0.0573863
25/11/2015 20:00,0.395943719,0.059790627
25/11/2015 21:00,0.401773696,0.065017679
25/11/2015 22:00,0.40865069,0.074612951
25/11/2015 23:00,0.41314704,0.088395798
26/11/2015 00:00,0.411694628,0.099455008
26/11/2015 01:00,0.405267393,0.111621468
26/11/2015 02:00,0.399959726,0.120040107
26/11/2015 03:00,0.395641922,0.129246293
26/11/2015 04:00,0.388316622,0.14102762
26/11/2015 05:00,0.358441589,0.161766312
26/11/2015 06:00,0.328458034,0.184490322
26/11/2015 07:00,0.334616004,0.203565894
26/11/2015 08:00,0.334546577,0.205204967
26/11/2015 09:00,0.318614026,0.240802846
26/11/2015 10:00,0.285881503,0.238882056
26/11/2015 11:00,0.272103199,0.280022959
26/11/2015 12:00,0.26476633,0.307192709
26/11/2015 13:00,0.276643696,0.332335437
26/11/2015 14:00,0.313570168,0.348172784
26/11/2015 15:00,0.386226468,0.352868879
26/11/2015 16:00,0.452336189,0.365235455
26/11/2015 17:00,0.500165414,0.384125906
26/11/2015 18:00,0.525450079,0.40589149
26/11/2015 19:00,0.536332307,0.419474377
26/11/2015 20:00,0.537970636,0.428897975
26/11/2015 21:00,0.533436395,0.432938277
26/11/2015 22:00,0.518833058,0.44186371
26/11/2015 23:00,0.509935415,0.438298656
27/11/2015 00:00,0.498360158,0.43906051
27/11/2015 01:00,0.492461595,0.432967902
27/11/2015 02:00,0.492389524,0.42284358
27/11/2015 03:00,0.492959574,0.410300597
27/11/2015 04:00,0.489703254,0.397514333
27/11/2015 05:00,0.454731627,0.397197688
27/11/2015 06:00,0.436749726,0.39106358
27/11/2015 07:00,0.433042725,0.381208605
27/11/2015 08:00,0.424157332,0.384272315
27/11/2015 09:00,0.404285021,0.441408293
27/11/2015 10:00,0.358957181,0.487313642
27/11/2015 11:00,0.346727125,0.51068365
27/11/2015 12:00,0.342662428,0.491861722
27/11/2015 13:00,0.355836859,0.458588578
27/11/2015 14:00,0.389976463,0.435949419
27/11/2015 15:00,0.452920601,0.423296476
27/11/2015 16:00,0.508559953,0.42531701
27/11/2015 17:00,0.53749769,0.437632836
27/11/2015 18:00,0.548774845,0.451694358
27/11/2015 19:00,0.543475887,0.461262898
27/11/2015 20:00,0.535341256,0.472986396
27/11/2015 21:00,0.521179508,0.478535958
27/11/2015 22:00,0.506167722,0.488248726
27/11/2015 23:00,0.488323917,0.477015474
28/11/2015 00:00,0.470341377,0.474988243
28/11/2015 01:00,0.45669275,0.471633202
28/11/2015 02:00,0.442903712,0.475948057
28/11/2015 03:00,0.434910477,0.474323819
28/11/2015 04:00,0.427156845,0.477981522
28/11/2015 05:00,0.380440279,0.483355678
28/11/2015 06:00,0.343357614,0.497806803
28/11/2015 07:00,0.340153041,0.504622841
28/11/2015 08:00,0.332274094,0.512165737
28/11/2015 09:00,0.319889961,0.529760006
28/11/2015 10:00,0.308016148,0.557104312
28/11/2015 11:00,0.301409261,0.538977187
28/11/2015 12:00,0.301167869,0.519123393
28/11/2015 13:00,0.313384164,0.494753773
28/11/2015 14:00,0.348521291,0.481898056
28/11/2015 15:00,0.415900486,0.467570097
28/11/2015 16:00,0.475992224,0.464280659
28/11/2015 17:00,0.518166626,0.464849809
28/11/2015 18:00,0.540178447,0.459733449
28/11/2015 19:00,0.54568416,0.454853239
28/11/2015 20:00,0.541913671,0.444644597
28/11/2015 21:00,0.531597941,0.434736911
28/11/2015 22:00,0.533636391,0.448151032
28/11/2015 23:00,0.524153431,0.426216282
29/11/2015 00:00,0.514028327,0.395857213
29/11/2015 01:00,0.505101524,0.372384402
29/11/2015 02:00,0.499231153,0.361999192
29/11/2015 03:00,0.495079848,0.361268563
29/11/2015 04:00,0.491476406,0.353982687
29/11/2015 05:00,0.452684265,0.352907111
29/11/2015 06:00,0.420807642,0.352981409
29/11/2015 07:00,0.422972108,0.350719692
29/11/2015 08:00,0.433675627,0.362778862
29/11/2015 09:00,0.444112343,0.379163869
29/11/2015 10:00,0.451428223,0.369562452
29/11/2015 11:00,0.455404722,0.375906193
29/11/2015 12:00,0.459807478,0.385633682
29/11/2015 13:00,0.477184779,0.388704028
29/11/2015 14:00,0.504546458,0.402400109
29/11/2015 15:00,0.540955557,0.418555005
29/11/2015 16:00,0.57485066,0.429559629
29/11/2015 17:00,0.600539785,0.444856723
29/11/2015 18:00,0.609943086,0.453802763
29/11/2015 19:00,0.605767556,0.457260133
29/11/2015 20:00,0.600747225,0.463841933
29/11/2015 21:00,0.591047285,0.472087895
29/11/2015 22:00,0.580354399,0.49152065
29/11/2015 23:00,0.567196541,0.484959693
30/11/2015 00:00,0.550335933,0.479644036
30/11/2015 01:00,0.536440047,0.468913021
30/11/2015 02:00,0.521151032,0.464113249
30/11/2015 03:00,0.515549429,0.45969877
30/11/2015 04:00,0.509212968,0.458734483
30/11/2015 05:00,0.483773163,0.45690405
30/11/2015 06:00,0.435422303,0.450245671
30/11/2015 07:00,0.431661076,0.43516742
30/11/2015 08:00,0.449825277,0.448858385
30/11/2015 09:00,0.456753913,0.458078471
30/11/2015 10:00,0.438901403,0.435549918
30/11/2015 11:00,0.448241938,0.432135148
30/11/2015 12:00,0.461796558,0.428119499
30/11/2015 13:00,0.486940102,0.414832368
30/11/2015 14:00,0.518333864,0.404493416
30/11/2015 15:00,0.552220097,0.391915313
30/11/2015 16:00,0.578874922,0.380620885
30/11/2015 17:00,0.599063811,0.366995151
30/11/2015 18:00,0.604091634,0.352215897
30/11/2015 19:00,0.593850393,0.334982011
30/11/2015 20:00,0.58065947,0.31101893
30/11/2015 21:00,0.564102803,0.286910085
30/11/2015 22:00,0.547544857,0.253824903
30/11/2015 23:00,0.525436675,0.235939516
01/12/2015 00:00,0.505239338,0.22371447
01/12/2015 01:00,0.488688548,0.204925052
01/12/2015 02:00,0.469234791,0.188934448
01/12/2015 03:00,0.450242611,0.181037411
01/12/2015 04:00,0.43238789,0.172793214
01/12/2015 05:00,0.398718726,0.162330394
01/12/2015 06:00,0.330409844,0.156442421
01/12/2015 07:00,0.316095333,0.136852593
01/12/2015 08:00,0.309459395,0.124280781
01/12/2015 09:00,0.284181747,0.119269535
01/12/2015 10:00,0.267902804,0.112987308
01/12/2015 11:00,0.23103754,0.123407131
01/12/2015 12:00,0.195041336,0.123612265
01/12/2015 13:00,0.174271508,0.115123613
01/12/2015 14:00,0.18691181,0.106577409
01/12/2015 15:00,0.233798453,0.102269722
01/12/2015 16:00,0.274629671,0.087785491
01/12/2015 17:00,0.311001119,0.076705817
01/12/2015 18:00,0.333772964,0.071170216
01/12/2015 19:00,0.348591386,0.068533928
01/12/2015 20:00,0.351613852,0.067948901
01/12/2015 21:00,0.351208969,0.067495576
01/12/2015 22:00,0.340880663,0.062929939
01/12/2015 23:00,0.328718819,0.061690755
02/12/2015 00:00,0.31796757,0.065600625
02/12/2015 01:00,0.306187815,0.068306152
02/12/2015 02:00,0.300224082,0.073709072
02/12/2015 03:00,0.291728168,0.079071405
02/12/2015 04:00,0.28961431,0.083990545
02/12/2015 05:00,0.276344233,0.084718092
02/12/2015 06:00,0.220808837,0.087575397
02/12/2015 07:00,0.207020154,0.080628035
02/12/2015 08:00,0.207725036,0.067636223
02/12/2015 09:00,0.195847688,0.077499885
02/12/2015 10:00,0.173105999,0.084182954
02/12/2015 11:00,0.173787121,0.088577388
02/12/2015 12:00,0.178927208,0.087763174
02/12/2015 13:00,0.198379731,0.085339093
02/12/2015 14:00,0.238320768,0.09267183
02/12/2015 15:00,0.304780027,0.09842217
02/12/2015 16:00,0.353675524,0.100223627
02/12/2015 17:00,0.386261512,0.098814092
02/12/2015 18:00,0.395475143,0.096254936
02/12/2015 19:00,0.393261434,0.093073364
02/12/2015 20:00,0.384959086,0.087972259
02/12/2015 21:00,0.375343022,0.083797115
02/12/2015 22:00,0.363000472,0.091551841
02/12/2015 23:00,0.354017848,0.086814115
03/12/2015 00:00,0.344724388,0.089258587
03/12/2015 01:00,0.339366287,0.091880157
03/12/2015 02:00,0.333859299,0.088857806
03/12/2015 03:00,0.332073973,0.088899926
03/12/2015 04:00,0.329753105,0.090038791
03/12/2015 05:00,0.31370048,0.095164872
03/12/2015 06:00,0.268198672,0.100193742
03/12/2015 07:00,0.270935062,0.09009427
03/12/2015 08:00,0.29415345,0.072228713
03/12/2015 09:00,0.300821935,0.073989774
03/12/2015 10:00,0.302228589,0.074936604
03/12/2015 11:00,0.304554261,0.079270867
03/12/2015 12:00,0.30906399,0.08675773
03/12/2015 13:00,0.314634907,0.099448595
03/12/2015 14:00,0.342511601,0.126949179
03/12/2015 15:00,0.397549651,0.152587903
03/12/2015 16:00,0.455003356,0.162337998
03/12/2015 17:00,0.491590919,0.166521262
03/12/2015 18:00,0.507906319,0.169384614
03/12/2015 19:00,0.514488715,0.178722174
03/12/2015 20:00,0.515067,0.17965202
03/12/2015 21:00,0.508964513,0.181472739
03/12/2015 22:00,0.50380125,0.186535542
03/12/2015 23:00,0.500351192,0.202379783
04/12/2015 00:00,0.490881238,0.210700984
04/12/2015 01:00,0.48322892,0.220724503
04/12/2015 02:00,0.473498251,0.231645935
04/12/2015 03:00,0.464129322,0.241583234
04/12/2015 04:00,0.453111205,0.252456329
04/12/2015 05:00,0.427113663,0.258287901
04/12/2015 06:00,0.371813509,0.272172568
04/12/2015 07:00,0.373210292,0.270855805
04/12/2015 08:00,0.387985784,0.249761215
04/12/2015 09:00,0.386497191,0.274274657
04/12/2015 10:00,0.401266717,0.258127702
04/12/2015 11:00,0.395556973,0.280314352
04/12/2015 12:00,0.381774954,0.297309582
04/12/2015 13:00,0.372310561,0.308099839
04/12/2015 14:00,0.376437043,0.323070275
04/12/2015 15:00,0.413873962,0.321501981
04/12/2015 16:00,0.456368542,0.322897334
04/12/2015 17:00,0.485963382,0.319414194
04/12/2015 18:00,0.499243602,0.313686524
04/12/2015 19:00,0.500491814,0.30351637
04/12/2015 20:00,0.49521486,0.292173537
04/12/2015 21:00,0.482394754,0.280694674
04/12/2015 22:00,0.467207941,0.262754074
04/12/2015 23:00,0.451234235,0.253064789
05/12/2015 00:00,0.438883058,0.246233878
05/12/2015 01:00,0.424816874,0.24468083
05/12/2015 02:00,0.407511746,0.240826549
05/12/2015 03:00,0.385747404,0.236178932
05/12/2015 04:00,0.363894789,0.226977135
05/12/2015 05:00,0.328552722,0.222909014
05/12/2015 06:00,0.267357546,0.221217548
05/12/2015 07:00,0.267217388,0.212715189
05/12/2015 08:00,0.278789745,0.212351414
05/12/2015 09:00,0.276307456,0.229661991
05/12/2015 10:00,0.287239415,0.221073314
05/12/2015 11:00,0.28102095,0.221956365
05/12/2015 12:00,0.277234332,0.232411231
05/12/2015 13:00,0.271638377,0.241823987
05/12/2015 14:00,0.288904503,0.25915019
05/12/2015 15:00,0.315985649,0.277002731
05/12/2015 16:00,0.348356445,0.285865834
05/12/2015 17:00,0.377698706,0.286777035
05/12/2015 18:00,0.399820637,0.289033727
05/12/2015 19:00,0.41271305,0.285615213
05/12/2015 20:00,0.421524547,0.289841485
05/12/2015 21:00,0.418625622,0.29764124
05/12/2015 22:00,0.440366199,0.326912675
05/12/2015 23:00,0.445571953,0.334602146
06/12/2015 00:00,0.44572578,0.351348069
06/12/2015 01:00,0.447823354,0.370326589
06/12/2015 02:00,0.448421444,0.379886705
06/12/2015 03:00,0.441857054,0.396923365
06/12/2015 04:00,0.438404162,0.407266775
06/12/2015 05:00,0.407722032,0.421803145
06/12/2015 06:00,0.333014735,0.429895643
06/12/2015 07:00,0.361806684,0.423665706
06/12/2015 08:00,0.409962647,0.428452853
06/12/2015 09:00,0.446983826,0.436279316
06/12/2015 10:00,0.471568681,0.437702828
06/12/2015 11:00,0.495222567,0.45966696
06/12/2015 12:00,0.507171866,0.474568457
06/12/2015 13:00,0.496270284,0.482413947
06/12/2015 14:00,0.470946207,0.476641821
06/12/2015 15:00,0.449781223,0.472174701
06/12/2015 16:00,0.434769395,0.460205139
06/12/2015 17:00,0.427935806,0.457526259
06/12/2015 18:00,0.417630607,0.451227254
06/12/2015 19:00,0.416425952,0.443927306
06/12/2015 20:00,0.40521402,0.436849651
06/12/2015 21:00,0.393471496,0.429077865
06/12/2015 22:00,0.372872175,0.415796951
06/12/2015 23:00,0.364021402,0.411159997
07/12/2015 00:00,0.347244153,0.41309676
07/12/2015 01:00,0.336914333,0.412177624
07/12/2015 02:00,0.319160234,0.403962075
07/12/2015 03:00,0.303584639,0.40430541
07/12/2015 04:00,0.284598793,0.402953631
07/12/2015 05:00,0.261546482,0.391198349
07/12/2015 06:00,0.193542645,0.375531034
07/12/2015 07:00,0.168016906,0.355746381
07/12/2015 08:00,0.169622019,0.365119145
07/12/2015 09:00,0.16684913,0.366849945
07/12/2015 10:00,0.188181902,0.326483074
07/12/2015 11:00,0.198720458,0.305874647
07/12/2015 12:00,0.212788988,0.287373117
07/12/2015 13:00,0.216610834,0.272608134
07/12/2015 14:00,0.22844658,0.251717035
07/12/2015 15:00,0.257710942,0.248507093
07/12/2015 16:00,0.280323371,0.222738754
07/12/2015 17:00,0.291258133,0.203442418
07/12/2015 18:00,0.297343718,0.176560734
07/12/2015 19:00,0.29970062,0.153532351
07/12/2015 20:00,0.301593506,0.136494061
07/12/2015 21:00,0.299535766,0.127488168
07/12/2015 22:00,0.315349641,0.119370089
07/12/2015 23:00,0.31671879,0.112353101
08/12/2015 00:00,0.312009905,0.105418429
08/12/2015 01:00,0.309571033,0.100216406
08/12/2015 02:00,0.310204305,0.094639504
08/12/2015 03:00,0.308431293,0.086277022
08/12/2015 04:00,0.304296172,0.078009043
08/12/2015 05:00,0.282166779,0.069964514
08/12/2015 06:00,0.215736152,0.067193503
08/12/2015 07:00,0.210813464,0.060417708
08/12/2015 08:00,0.228075283,0.044200752
08/12/2015 09:00,0.235450689,0.045339701
08/12/2015 10:00,0.239361777,0.056403662
08/12/2015 11:00,0.233151289,0.06672589
08/12/2015 12:00,0.229710402,0.070125078
08/12/2015 13:00,0.22918748,0.069549766
08/12/2015 14:00,0.251975159,0.069123519
08/12/2015 15:00,0.308128376,0.063268221
08/12/2015 16:00,0.369730705,0.066375139
08/12/2015 17:00,0.413127651,0.069467332
08/12/2015 18:00,0.427189339,0.077477788
08/12/2015 19:00,0.421934704,0.084701494
08/12/2015 20:00,0.408806083,0.094701461
08/12/2015 21:00,0.382614794,0.098374165
08/12/2015 22:00,0.370497368,0.104267871
08/12/2015 23:00,0.342923567,0.111870296
09/12/2015 00:00,0.312503665,0.114247414
09/12/2015 01:00,0.294327187,0.11946666
09/12/2015 02:00,0.276275396,0.120752736
09/12/2015 03:00,0.262447364,0.125026789
09/12/2015 04:00,0.249709481,0.128767328
09/12/2015 05:00,0.222642409,0.137030282
09/12/2015 06:00,0.164228569,0.14829831
09/12/2015 07:00,0.164810956,0.170802611
09/12/2015 08:00,0.180053576,0.156047536
09/12/2015 09:00,0.186212318,0.171807812
09/12/2015 10:00,0.186218194,0.204726512
09/12/2015 11:00,0.172057428,0.243943766
09/12/2015 12:00,0.167196673,0.276849746
09/12/2015 13:00,0.167874119,0.283142211
09/12/2015 14:00,0.204865841,0.291295601
09/12/2015 15:00,0.27696837,0.297451374
09/12/2015 16:00,0.343846469,0.299791176
09/12/2015 17:00,0.390070236,0.305822503
09/12/2015 18:00,0.412472761,0.320181751
09/12/2015 19:00,0.417884569,0.339676471
09/12/2015 20:00,0.408368225,0.354458076
09/12/2015 21:00,0.390830927,0.363926365
09/12/2015 22:00,0.371080153,0.383964452
09/12/2015 23:00,0.341305799,0.364363409
10/12/2015 00:00,0.304698285,0.352155229
10/12/2015 01:00,0.277791064,0.344079768
10/12/2015 02:00,0.256405632,0.336902985
10/12/2015 03:00,0.239199089,0.333577652
10/12/2015 04:00,0.223593378,0.329262196
10/12/2015 05:00,0.201844709,0.330991093
10/12/2015 06:00,0.142573555,0.335002944
10/12/2015 07:00,0.156087625,0.339006842
10/12/2015 08:00,0.187657125,0.349659816
10/12/2015 09:00,0.206052889,0.378745016
10/12/2015 10:00,0.222534892,0.448802241
10/12/2015 11:00,0.224370256,0.476760131
10/12/2015 12:00,0.226203398,0.484746179
10/12/2015 13:00,0.227887411,0.48824089
10/12/2015 14:00,0.246204167,0.511548393
10/12/2015 15:00,0.305226323,0.543199509
10/12/2015 16:00,0.362307536,0.57359586
10/12/2015 17:00,0.40182607,0.60661454
10/12/2015 18:00,0.413044333,0.632691523
10/12/2015 19:00,0.41143532,0.647109499
10/12/2015 20:00,0.401547462,0.657812404
10/12/2015 21:00,0.388413449,0.663435653
10/12/2015 22:00,0.365558353,0.679791503
10/12/2015 23:00,0.352902741,0.670024668
11/12/2015 00:00,0.337520697,0.671099393
11/12/2015 01:00,0.327231106,0.667652071
11/12/2015 02:00,0.315355966,0.661908081
11/12/2015 03:00,0.306863162,0.651306885
11/12/2015 04:00,0.301604828,0.639778209
11/12/2015 05:00,0.27762512,0.622643022
11/12/2015 06:00,0.215707408,0.605723967
11/12/2015 07:00,0.203619741,0.579388482
11/12/2015 08:00,0.200265256,0.604241341
11/12/2015 09:00,0.191526704,0.629137558
11/12/2015 10:00,0.178910499,0.628048755
11/12/2015 11:00,0.168827839,0.610924746
11/12/2015 12:00,0.166973838,0.557325481
11/12/2015 13:00,0.174251937,0.486364437
11/12/2015 14:00,0.205263443,0.401486819
11/12/2015 15:00,0.271997326,0.330105066
11/12/2015 16:00,0.333883134,0.280684674
11/12/2015 17:00,0.38736605,0.249120414
11/12/2015 18:00,0.417850609,0.22917794
11/12/2015 19:00,0.438593433,0.208796716
11/12/2015 20:00,0.450295176,0.201629652
11/12/2015 21:00,0.453982722,0.20116546
11/12/2015 22:00,0.445882293,0.193888747
11/12/2015 23:00,0.452597755,0.196971647
12/12/2015 00:00,0.451186445,0.213601472
12/12/2015 01:00,0.446598838,0.233451194
12/12/2015 02:00,0.444178039,0.254847843
12/12/2015 03:00,0.439436321,0.271608058
12/12/2015 04:00,0.42830189,0.283718671
12/12/2015 05:00,0.38074787,0.296523087
12/12/2015 06:00,0.333630344,0.305794861
12/12/2015 07:00,0.330634423,0.30239127
12/12/2015 08:00,0.325948522,0.312795642
12/12/2015 09:00,0.319776062,0.334607584
12/12/2015 10:00,0.29255779,0.357283751
12/12/2015 11:00,0.282107058,0.369154433
12/12/2015 12:00,0.275328135,0.36988801
12/12/2015 13:00,0.2762094,0.365186431
12/12/2015 14:00,0.28468739,0.335915558
12/12/2015 15:00,0.324534048,0.3086868
12/12/2015 16:00,0.371235963,0.288195102
12/12/2015 17:00,0.412232355,0.283767618
12/12/2015 18:00,0.4344735,0.287785231
12/12/2015 19:00,0.443036363,0.294554388
12/12/2015 20:00,0.445807113,0.298517524
12/12/2015 21:00,0.433194813,0.304949549
12/12/2015 22:00,0.414240888,0.310664496
12/12/2015 23:00,0.401375525,0.29469983
13/12/2015 00:00,0.385941862,0.277020469
13/12/2015 01:00,0.365401537,0.257323221
13/12/2015 02:00,0.346492526,0.244740858
13/12/2015 03:00,0.327862005,0.229055151
13/12/2015 04:00,0.311942596,0.220935513
13/12/2015 05:00,0.2791108,0.217090852
13/12/2015 06:00,0.22236298,0.208127955
13/12/2015 07:00,0.211149555,0.194072676
13/12/2015 08:00,0.220179371,0.188851881
13/12/2015 09:00,0.218871475,0.188871995
13/12/2015 10:00,0.206845474,0.228681245
13/12/2015 11:00,0.199087144,0.231940039
13/12/2015 12:00,0.186543768,0.221003473
13/12/2015 13:00,0.185884194,0.203246854
13/12/2015 14:00,0.213327348,0.184321373
13/12/2015 15:00,0.283347338,0.169077565
13/12/2015 16:00,0.353084775,0.163014356
13/12/2015 17:00,0.402420476,0.158201749
13/12/2015 18:00,0.425662636,0.156560541
13/12/2015 19:00,0.429214626,0.157887847
13/12/2015 20:00,0.421380978,0.156559585
13/12/2015 21:00,0.403115619,0.15684268
13/12/2015 22:00,0.396371016,0.186299685
13/12/2015 23:00,0.377555185,0.174007647
14/12/2015 00:00,0.360363198,0.170268846
14/12/2015 01:00,0.351326683,0.168000827
14/12/2015 02:00,0.343939356,0.1693909
14/12/2015 03:00,0.340560258,0.164967911
14/12/2015 04:00,0.333376117,0.165471177
14/12/2015 05:00,0.304095959,0.167777343
14/12/2015 06:00,0.244458927,0.172221474
14/12/2015 07:00,0.246719527,0.164567505
14/12/2015 08:00,0.249234986,0.146966254
14/12/2015 09:00,0.242178328,0.146856767
14/12/2015 10:00,0.247655182,0.164328026
14/12/2015 11:00,0.231740843,0.176492309
14/12/2015 12:00,0.227409139,0.172719584
14/12/2015 13:00,0.236660441,0.156685175
14/12/2015 14:00,0.283605693,0.147981463
14/12/2015 15:00,0.378663956,0.146164876
14/12/2015 16:00,0.464767524,0.152657129
14/12/2015 17:00,0.528192655,0.154891354
14/12/2015 18:00,0.554276901,0.156900409
14/12/2015 19:00,0.559987887,0.158245484
14/12/2015 20:00,0.550626494,0.15960191
14/12/2015 21:00,0.537829163,0.160497428
14/12/2015 22:00,0.558235794,0.149441221
14/12/2015 23:00,0.552062517,0.149266009
15/12/2015 00:00,0.540807614,0.151220836
15/12/2015 01:00,0.537365675,0.149687313
15/12/2015 02:00,0.53717143,0.146045582
15/12/2015 03:00,0.531450953,0.143660935
15/12/2015 04:00,0.526746055,0.148865807
15/12/2015 05:00,0.487183289,0.150722599
15/12/2015 06:00,0.446781595,0.160896139
15/12/2015 07:00,0.465564551,0.165461245
15/12/2015 08:00,0.476066782,0.154622758
15/12/2015 09:00,0.467343661,0.143052131
15/12/2015 10:00,0.414369704,0.151859131
15/12/2015 11:00,0.399407562,0.169794792
15/12/2015 12:00,0.395740178,0.176463994
15/12/2015 13:00,0.407410596,0.165603843
15/12/2015 14:00,0.438036531,0.165456982
15/12/2015 15:00,0.494777491,0.159502338
15/12/2015 16:00,0.556574569,0.152922729
15/12/2015 17:00,0.595533821,0.153910988
15/12/2015 18:00,0.612581673,0.154637045
15/12/2015 19:00,0.621878899,0.151428397
15/12/2015 20:00,0.6233896,0.14911407
15/12/2015 21:00,0.623433667,0.149731208
15/12/2015 22:00,0.628652486,0.154812141
15/12/2015 23:00,0.620825349,0.159163396
16/12/2015 00:00,0.619731595,0.16489699
16/12/2015 01:00,0.612476716,0.169464815
16/12/2015 02:00,0.608832271,0.181046959
16/12/2015 03:00,0.603590831,0.185008916
16/12/2015 04:00,0.603063646,0.194429706
16/12/2015 05:00,0.562985914,0.203059478
16/12/2015 06:00,0.52306117,0.218979667
16/12/2015 07:00,0.544396256,0.222311052
16/12/2015 08:00,0.552367196,0.210316017
16/12/2015 09:00,0.548982785,0.206432122
16/12/2015 10:00,0.516255044,0.194878255
16/12/2015 11:00,0.51640423,0.217272713
16/12/2015 12:00,0.520028436,0.240565291
16/12/2015 13:00,0.520245694,0.248142061
16/12/2015 14:00,0.525463617,0.266988206
16/12/2015 15:00,0.541751114,0.282670266
16/12/2015 16:00,0.573117245,0.292671226
16/12/2015 17:00,0.591310875,0.297310957
16/12/2015 18:00,0.602758341,0.294641791
16/12/2015 19:00,0.604188934,0.290272731
16/12/2015 20:00,0.603231676,0.278493094
16/12/2015 21:00,0.601040883,0.267200426
16/12/2015 22:00,0.604959324,0.277036518
16/12/2015 23:00,0.596198811,0.262825609
17/12/2015 00:00,0.584818061,0.250622602
17/12/2015 01:00,0.567733896,0.249451991
17/12/2015 02:00,0.552527471,0.24411922
17/12/2015 03:00,0.534595034,0.239071022
17/12/2015 04:00,0.523950299,0.22985152
17/12/2015 05:00,0.498223656,0.221394698
17/12/2015 06:00,0.455383962,0.212748687
17/12/2015 07:00,0.468226796,0.207650584
17/12/2015 08:00,0.485376981,0.195343938
17/12/2015 09:00,0.483233665,0.194414214
17/12/2015 10:00,0.466257164,0.184803691
17/12/2015 11:00,0.448379344,0.177126372
17/12/2015 12:00,0.432627767,0.166981438
17/12/2015 13:00,0.411093869,0.154355068
17/12/2015 14:00,0.404605216,0.148460285
17/12/2015 15:00,0.428511597,0.139362082
17/12/2015 16:00,0.457513663,0.126898985
17/12/2015 17:00,0.477415015,0.118594455
17/12/2015 18:00,0.484019506,0.109351373
17/12/2015 19:00,0.477884629,0.104734797
17/12/2015 20:00,0.4584603,0.09993696
17/12/2015 21:00,0.430913049,0.09702651
17/12/2015 22:00,0.406316971,0.101505196
17/12/2015 23:00,0.376703006,0.098950995
18/12/2015 00:00,0.349385138,0.09148405
18/12/2015 01:00,0.329040575,0.094180097
18/12/2015 02:00,0.313980063,0.100683897
18/12/2015 03:00,0.304917121,0.110555063
18/12/2015 04:00,0.293812547,0.120051142
18/12/2015 05:00,0.276874979,0.138520106
18/12/2015 06:00,0.20088851,0.155361149
18/12/2015 07:00,0.196724228,0.175150149
18/12/2015 08:00,0.207285268,0.189344534
18/12/2015 09:00,0.193792207,0.225102305
18/12/2015 10:00,0.162301578,0.236456545
18/12/2015 11:00,0.149341618,0.269854917
18/12/2015 12:00,0.151359662,0.293149842
18/12/2015 13:00,0.165404045,0.315766198
18/12/2015 14:00,0.201243453,0.350976841
18/12/2015 15:00,0.272153523,0.365695292
18/12/2015 16:00,0.340493694,0.385710183
18/12/2015 17:00,0.39015263,0.404153193
18/12/2015 18:00,0.416716353,0.419280506
18/12/2015 19:00,0.43026224,0.432391638
18/12/2015 20:00,0.43988084,0.437620993
18/12/2015 21:00,0.442655029,0.438363911
18/12/2015 22:00,0.44589873,0.443971839
18/12/2015 23:00,0.44282556,0.440628161
19/12/2015 00:00,0.440741528,0.44457144
19/12/2015 01:00,0.434575348,0.448015843
19/12/2015 02:00,0.428367353,0.449644673
19/12/2015 03:00,0.425725861,0.445493527
19/12/2015 04:00,0.419715962,0.444843565
19/12/2015 05:00,0.399583023,0.440082273
19/12/2015 06:00,0.334560666,0.438911901
19/12/2015 07:00,0.335719879,0.424738787
19/12/2015 08:00,0.357280614,0.416468169
19/12/2015 09:00,0.363270255,0.413151972
19/12/2015 10:00,0.349690738,0.408392572
19/12/2015 11:00,0.348140226,0.396958101
19/12/2015 12:00,0.351339063,0.394718938
19/12/2015 13:00,0.355055649,0.397352374
19/12/2015 14:00,0.361350347,0.401802409
19/12/2015 15:00,0.388533845,0.409088519
19/12/2015 16:00,0.426772886,0.408876669
19/12/2015 17:00,0.452838888,0.399956169
19/12/2015 18:00,0.46765614,0.392975278
19/12/2015 19:00,0.472272603,0.381152035
19/12/2015 20:00,0.471557413,0.366298753
19/12/2015 21:00,0.473476177,0.355592907
19/12/2015 22:00,0.488922335,0.353473608
19/12/2015 23:00,0.489085252,0.353915466
20/12/2015 00:00,0.485703837,0.346329895
20/12/2015 01:00,0.480485462,0.329345209
20/12/2015 02:00,0.473060391,0.320570435
20/12/2015 03:00,0.465429351,0.307529805
20/12/2015 04:00,0.453388827,0.29905487
20/12/2015 05:00,0.436471794,0.284241431
20/12/2015 06:00,0.364518623,0.269282467
20/12/2015 07:00,0.350812901,0.240354187
20/12/2015 08:00,0.366847201,0.225321659
20/12/2015 09:00,0.358730058,0.216479031
20/12/2015 10:00,0.328438819,0.20349703
20/12/2015 11:00,0.305421656,0.186159574
20/12/2015 12:00,0.277809991,0.180086452
20/12/2015 13:00,0.252732012,0.175690467
20/12/2015 14:00,0.246418624,0.163350985
20/12/2015 15:00,0.272300488,0.166209589
20/12/2015 16:00,0.301549987,0.160159162
20/12/2015 17:00,0.323563599,0.15287496
20/12/2015 18:00,0.33769866,0.141181346
20/12/2015 19:00,0.347393546,0.132245945
20/12/2015 20:00,0.349934802,0.123873312
20/12/2015 21:00,0.346382295,0.120153578
20/12/2015 22:00,0.346486521,0.11637315
20/12/2015 23:00,0.343221184,0.111164666
21/12/2015 00:00,0.341424727,0.114236735
21/12/2015 01:00,0.338984113,0.11399098
21/12/2015 02:00,0.334804347,0.113675808
21/12/2015 03:00,0.330046041,0.111910429
21/12/2015 04:00,0.325123361,0.103569914
21/12/2015 05:00,0.307308992,0.097683962
21/12/2015 06:00,0.246793038,0.095645883
21/12/2015 07:00,0.210186767,0.085970589
21/12/2015 08:00,0.204032317,0.063796589
21/12/2015 09:00,0.189776067,0.056286665
21/12/2015 10:00,0.17630662,0.06006942
21/12/2015 11:00,0.173591,0.065404146
21/12/2015 12:00,0.182470156,0.062547918
21/12/2015 13:00,0.200199959,0.057940131
21/12/2015 14:00,0.233300053,0.061387387
21/12/2015 15:00,0.307655965,0.055645376
21/12/2015 16:00,0.376164856,0.045829149
21/12/2015 17:00,0.415765416,0.04253582
21/12/2015 18:00,0.431811016,0.041148032
21/12/2015 19:00,0.437152513,0.038188885
21/12/2015 20:00,0.430567163,0.037700514
21/12/2015 21:00,0.429868218,0.038883025
21/12/2015 22:00,0.420209397,0.045916557
21/12/2015 23:00,0.42334484,0.045895366
22/12/2015 00:00,0.43319962,0.047332078
22/12/2015 01:00,0.437031399,0.048144887
22/12/2015 02:00,0.440575619,0.048823689
22/12/2015 03:00,0.445470497,0.050643489
22/12/2015 04:00,0.451438437,0.049972583
22/12/2015 05:00,0.439074079,0.05626808
22/12/2015 06:00,0.384824734,0.06853011
22/12/2015 07:00,0.395774091,0.07717793
22/12/2015 08:00,0.412744928,0.060614133
22/12/2015 09:00,0.399230413,0.060093413
22/12/2015 10:00,0.345890591,0.076654559
22/12/2015 11:00,0.314177463,0.095135607
22/12/2015 12:00,0.294782941,0.099714132
22/12/2015 13:00,0.286459176,0.095260876
22/12/2015 14:00,0.2935225,0.09689603
22/12/2015 15:00,0.353219034,0.096387033
22/12/2015 16:00,0.424564831,0.094601977
22/12/2015 17:00,0.466561431,0.092367728
22/12/2015 18:00,0.489158273,0.089018074
22/12/2015 19:00,0.490186892,0.09161816
22/12/2015 20:00,0.486398037,0.097365229
22/12/2015 21:00,0.478327261,0.102730624
22/12/2015 22:00,0.469804265,0.098291363
22/12/2015 23:00,0.458879798,0.09976111
23/12/2015 00:00,0.451461127,0.105281714
23/12/2015 01:00,0.444729573,0.110685428
23/12/2015 02:00,0.437204428,0.116072841
23/12/2015 03:00,0.432366197,0.113878108
23/12/2015 04:00,0.428802983,0.120035731
23/12/2015 05:00,0.400439998,0.118492499
23/12/2015 06:00,0.332005233,0.127265239
23/12/2015 07:00,0.345804888,0.142602528
23/12/2015 08:00,0.356901035,0.12285309
23/12/2015 09:00,0.337985256,0.13867037
23/12/2015 10:00,0.293923977,0.194530458
23/12/2015 11:00,0.269447965,0.242846234
23/12/2015 12:00,0.2583698,0.257630843
23/12/2015 13:00,0.256429177,0.245007906
23/12/2015 14:00,0.26992534,0.234995184
23/12/2015 15:00,0.332986432,0.222693975
23/12/2015 16:00,0.391407911,0.21039346
23/12/2015 17:00,0.432545682,0.205181803
23/12/2015 18:00,0.447695491,0.204402912
23/12/2015 19:00,0.452386447,0.201086727
23/12/2015 20:00,0.442577336,0.191474031
23/12/2015 21:00,0.433192489,0.18659009
23/12/2015 22:00,0.419178971,0.188308178
23/12/2015 23:00,0.402096528,0.186861932
24/12/2015 00:00,0.391249117,0.182377086
24/12/2015 01:00,0.375202226,0.18301166
24/12/2015 02:00,0.362933215,0.187174359
24/12/2015 03:00,0.350362829,0.186898822
24/12/2015 04:00,0.342025689,0.185349365
24/12/2015 05:00,0.319505028,0.186617703
24/12/2015 06:00,0.25043266,0.212343911
24/12/2015 07:00,0.244598615,0.244558427
24/12/2015 08:00,0.24795737,0.247417037
24/12/2015 09:00,0.237379804,0.271042851
24/12/2015 10:00,0.211739088,0.311824635
24/12/2015 11:00,0.197224073,0.342538098
24/12/2015 12:00,0.18931773,0.377354594
24/12/2015 13:00,0.19015302,0.373948277
24/12/2015 14:00,0.207972655,0.369776664
24/12/2015 15:00,0.263809348,0.372307609
24/12/2015 16:00,0.316338901,0.373457225
24/12/2015 17:00,0.361598706,0.3738552
24/12/2015 18:00,0.385377993,0.391580773
24/12/2015 19:00,0.397215637,0.403975418
24/12/2015 20:00,0.40071301,0.41873171
24/12/2015 21:00,0.398045527,0.417708632
24/12/2015 22:00,0.405901794,0.405540804
24/12/2015 23:00,0.398246529,0.430300062
25/12/2015 00:00,0.38899679,0.427274602
25/12/2015 01:00,0.380729224,0.432819393
25/12/2015 02:00,0.374842739,0.451944904
25/12/2015 03:00,0.37262914,0.455189868
25/12/2015 04:00,0.374563863,0.466332855
25/12/2015 05:00,0.364175697,0.482145566
25/12/2015 06:00,0.297832516,0.49082068
25/12/2015 07:00,0.275899448,0.480850768
25/12/2015 08:00,0.288693209,0.472041472
25/12/2015 09:00,0.306803942,0.489255134
25/12/2015 10:00,0.315927497,0.484411519
25/12/2015 11:00,0.326148253,0.512388878
25/12/2015 12:00,0.338299071,0.535108333
25/12/2015 13:00,0.353705556,0.547849452
25/12/2015 14:00,0.37459776,0.560654946
25/12/2015 15:00,0.424840831,0.567793191
25/12/2015 16:00,0.474453893,0.57090116
25/12/2015 17:00,0.512335112,0.57054976
25/12/2015 18:00,0.529447498,0.560901252
25/12/2015 19:00,0.539769131,0.546346346
25/12/2015 20:00,0.539318332,0.536010036
25/12/2015 21:00,0.53528984,0.528637454
25/12/2015 22:00,0.537930774,0.520682915
25/12/2015 23:00,0.52637079,0.530267947
26/12/2015 00:00,0.518610241,0.542668203
26/12/2015 01:00,0.505387212,0.546663693
26/12/2015 02:00,0.49603697,0.546084124
26/12/2015 03:00,0.49089094,0.540378392
26/12/2015 04:00,0.486586563,0.523938725
26/12/2015 05:00,0.474819966,0.501187828
26/12/2015 06:00,0.419541449,0.484700754
26/12/2015 07:00,0.40766565,0.45447323
26/12/2015 08:00,0.423718615,0.453438055
26/12/2015 09:00,0.430937115,0.469540634
26/12/2015 10:00,0.418691932,0.432204945
26/12/2015 11:00,0.416448629,0.425343203
26/12/2015 12:00,0.411693869,0.421450975
26/12/2015 13:00,0.401247256,0.419241308
26/12/2015 14:00,0.3953327,0.401616579
26/12/2015 15:00,0.432553358,0.387755812
26/12/2015 16:00,0.472189508,0.371577047
26/12/2015 17:00,0.500583713,0.351128171
26/12/2015 18:00,0.516480716,0.335704497
26/12/2015 19:00,0.527470895,0.321495055
26/12/2015 20:00,0.524531692,0.308001966
26/12/2015 21:00,0.518134689,0.299279488
26/12/2015 22:00,0.514619186,0.301837347
26/12/2015 23:00,0.509293019,0.304657799
27/12/2015 00:00,0.505596453,0.307835563
27/12/2015 01:00,0.508238836,0.31537215
27/12/2015 02:00,0.51311284,0.316243672
27/12/2015 03:00,0.524157833,0.314668678
27/12/2015 04:00,0.529731657,0.312613266
27/12/2015 05:00,0.522067148,0.327082945
27/12/2015 06:00,0.463224603,0.334343003
27/12/2015 07:00,0.440759745,0.322566057
27/12/2015 08:00,0.474056954,0.314461975
27/12/2015 09:00,0.499236687,0.337352548
27/12/2015 10:00,0.504978241,0.328973378
27/12/2015 11:00,0.474973192,0.357871007
27/12/2015 12:00,0.450513356,0.372123276
27/12/2015 13:00,0.433304876,0.390442712
27/12/2015 14:00,0.439769243,0.382848057
27/12/2015 15:00,0.470549437,0.37999622
27/12/2015 16:00,0.507046934,0.357312897
27/12/2015 17:00,0.530807125,0.337839834
27/12/2015 18:00,0.541161611,0.319435024
27/12/2015 19:00,0.543401074,0.311260338
27/12/2015 20:00,0.542594493,0.308729133
27/12/2015 21:00,0.540101585,0.309373445
27/12/2015 22:00,0.523573504,0.319274997
27/12/2015 23:00,0.502696203,0.327556744
28/12/2015 00:00,0.483859932,0.328828658
28/12/2015 01:00,0.468180099,0.318475414
28/12/2015 02:00,0.453270012,0.303142335
28/12/2015 03:00,0.437143037,0.292152272
28/12/2015 04:00,0.417926112,0.280771144
28/12/2015 05:00,0.392540709,0.273603211
28/12/2015 06:00,0.311079302,0.260058854
28/12/2015 07:00,0.280657619,0.23946577
28/12/2015 08:00,0.285141295,0.235308742
28/12/2015 09:00,0.285982338,0.241828859
28/12/2015 10:00,0.283215984,0.244160389
28/12/2015 11:00,0.284943971,0.244483888
28/12/2015 12:00,0.284048871,0.235653806
28/12/2015 13:00,0.268309258,0.224287801
28/12/2015 14:00,0.261855445,0.217470431
28/12/2015 15:00,0.273552262,0.208775716
28/12/2015 16:00,0.289658958,0.193281804
28/12/2015 17:00,0.300474341,0.174223203
28/12/2015 18:00,0.294543579,0.156925434
28/12/2015 19:00,0.290873764,0.136684686
28/12/2015 20:00,0.280560259,0.12344279
28/12/2015 21:00,0.274792372,0.115284769
28/12/2015 22:00,0.268204986,0.115577572
28/12/2015 23:00,0.257480698,0.108968377
29/12/2015 00:00,0.249216086,0.104668307
29/12/2015 01:00,0.241370981,0.097871522
29/12/2015 02:00,0.234561919,0.090185075
29/12/2015 03:00,0.231312459,0.08558051
29/12/2015 04:00,0.228959882,0.083965032
29/12/2015 05:00,0.223101804,0.083295592
29/12/2015 06:00,0.187765829,0.085077365
29/12/2015 07:00,0.166574506,0.083532453
29/12/2015 08:00,0.169711943,0.079397809
29/12/2015 09:00,0.166390885,0.076781818
29/12/2015 10:00,0.154068983,0.079876517
29/12/2015 11:00,0.160019593,0.0871488
29/12/2015 12:00,0.175711127,0.103237866
29/12/2015 13:00,0.204372471,0.110648898
29/12/2015 14:00,0.24540069,0.115660114
29/12/2015 15:00,0.326488491,0.116184536
29/12/2015 16:00,0.394065396,0.117634739
29/12/2015 17:00,0.436849698,0.117216208
29/12/2015 18:00,0.458935392,0.118131758
29/12/2015 19:00,0.47262624,0.119633828
29/12/2015 20:00,0.474700261,0.122214759
29/12/2015 21:00,0.469810466,0.123350995
29/12/2015 22:00,0.469135159,0.12920344
29/12/2015 23:00,0.45524305,0.128646584
30/12/2015 00:00,0.44508294,0.131781781
30/12/2015 01:00,0.43284707,0.12970451
30/12/2015 02:00,0.425256447,0.130346594
30/12/2015 03:00,0.424653798,0.131538133
30/12/2015 04:00,0.427246074,0.13271601
30/12/2015 05:00,0.412299176,0.141049787
30/12/2015 06:00,0.341381845,0.146485683
30/12/2015 07:00,0.339356027,0.145517755
30/12/2015 08:00,0.378121881,0.143595847
30/12/2015 09:00,0.413417493,0.151438692
30/12/2015 10:00,0.424310008,0.14673899
30/12/2015 11:00,0.436863729,0.152501184
30/12/2015 12:00,0.445138184,0.145639273
30/12/2015 13:00,0.444867684,0.132739185
30/12/2015 14:00,0.444224126,0.129191472
30/12/2015 15:00,0.470405657,0.136144959
30/12/2015 16:00,0.504947153,0.135440082
30/12/2015 17:00,0.51813527,0.129934151
30/12/2015 18:00,0.518655922,0.125746433
30/12/2015 19:00,0.508291744,0.118497588
30/12/2015 20:00,0.481049039,0.111022946
30/12/2015 21:00,0.450516584,0.104153827
30/12/2015 22:00,0.418314612,0.095163186
30/12/2015 23:00,0.391293256,0.090107395
31/12/2015 00:00,0.368175359,0.086129606
31/12/2015 01:00,0.349321643,0.082497829
31/12/2015 02:00,0.336924311,0.079035393
31/12/2015 03:00,0.324720812,0.080217008
31/12/2015 04:00,0.309768294,0.077429476
31/12/2015 05:00,0.287995696,0.077080948
31/12/2015 06:00,0.212744657,0.078946233
31/12/2015 07:00,0.180975119,0.085389393
31/12/2015 08:00,0.171179945,0.077173189
31/12/2015 09:00,0.149561392,0.072757573
31/12/2015 10:00,0.131944628,0.082712328
31/12/2015 11:00,0.122121455,0.081302425
31/12/2015 12:00,0.12480739,0.083454902
31/12/2015 13:00,0.139663491,0.090579712
31/12/2015 14:00,0.182087985,0.093965652
31/12/2015 15:00,0.262154771,0.114588056
31/12/2015 16:00,0.342315818,0.131732838
31/12/2015 17:00,0.397082504,0.144817106
31/12/2015 18:00,0.43080557,0.156316047
31/12/2015 19:00,0.46171508,0.168117509
31/12/2015 20:00,0.483004498,0.180085432
31/12/2015 21:00,0.496837422,0.192153417
31/12/2015 22:00,0.522481802,0.210201906
31/12/2015 23:00,0.514436219,0.217845004