Datetime,SAUXX,TURXX,INDXX
01/01/2015 00:00,0,0,3.82E-09
01/01/2015 01:00,0,0,0.000928594
01/01/2015 02:00,0,0,0.03786838
01/01/2015 03:00,1.41E-07,0,0.180638372
01/01/2015 04:00,0.008651697,0,0.357704738
01/01/2015 05:00,0.114389122,0.000652358,0.496200571
01/01/2015 06:00,0.311259954,0.03564257,0.583204443
01/01/2015 07:00,0.497327682,0.14330797,0.630701429
01/01/2015 08:00,0.641223587,0.292107579,0.610908306
01/01/2015 09:00,0.72221034,0.418516718,0.548657608
01/01/2015 10:00,0.735543335,0.484031501,0.439993982
01/01/2015 11:00,0.687972299,0.514137737,0.294281817
01/01/2015 12:00,0.586734741,0.49400147,0.121446592
01/01/2015 13:00,0.461783796,0.428817545,0
01/01/2015 14:00,0.229693589,0.247308729,0
01/01/2015 15:00,0,0,0
01/01/2015 16:00,0,0,0
01/01/2015 17:00,0,0,0
01/01/2015 18:00,0,0,0
01/01/2015 19:00,0,0,0
01/01/2015 20:00,0,0,0
01/01/2015 21:00,0,0,0
01/01/2015 22:00,0,0,0
01/01/2015 23:00,0,0,0
02/01/2015 00:00,0,0,0
02/01/2015 01:00,0,0,0.000550944
02/01/2015 02:00,0,0,0.03313404
02/01/2015 03:00,4.48E-08,0,0.172071521
02/01/2015 04:00,0.008888739,0,0.353087112
02/01/2015 05:00,0.111275662,0.000681309,0.493600672
02/01/2015 06:00,0.304989973,0.067802716,0.589516334
02/01/2015 07:00,0.490111931,0.25497816,0.619084244
02/01/2015 08:00,0.630076424,0.464235525,0.597474368
02/01/2015 09:00,0.710832479,0.61319763,0.548577224
02/01/2015 10:00,0.731861946,0.681922909,0.443266662
02/01/2015 11:00,0.686029668,0.681142728,0.305275678
02/01/2015 12:00,0.585653828,0.628616265,0.12493979
02/01/2015 13:00,0.465457057,0.544499029,0
02/01/2015 14:00,0.241497935,0.259578178,0
02/01/2015 15:00,0,0.000262496,0
02/01/2015 16:00,0,0,0
02/01/2015 17:00,0,0,0
02/01/2015 18:00,0,0,0
02/01/2015 19:00,0,0,0
02/01/2015 20:00,0,0,0
02/01/2015 21:00,0,0,0
02/01/2015 22:00,0,0,0
02/01/2015 23:00,0,0,0
03/01/2015 00:00,0,0,0
03/01/2015 01:00,0,0,0.000502973
03/01/2015 02:00,0,0,0.029991456
03/01/2015 03:00,4.45E-08,0,0.16571026
03/01/2015 04:00,0.008551386,0,0.351375509
03/01/2015 05:00,0.116677502,0.001052213,0.493639596
03/01/2015 06:00,0.324499532,0.05571457,0.586552262
03/01/2015 07:00,0.521136385,0.20356776,0.610840831
03/01/2015 08:00,0.664161495,0.328559315,0.600659514
03/01/2015 09:00,0.747976407,0.436675202,0.544624271
03/01/2015 10:00,0.764921004,0.48376504,0.444670206
03/01/2015 11:00,0.720706518,0.475330306,0.31542365
03/01/2015 12:00,0.619114375,0.435899711,0.11984535
03/01/2015 13:00,0.483956623,0.32301581,0
03/01/2015 14:00,0.260274198,0.178739934,0
03/01/2015 15:00,0,0.000276066,0
03/01/2015 16:00,0,0,0
03/01/2015 17:00,0,0,0
03/01/2015 18:00,0,0,0
03/01/2015 19:00,0,0,0
03/01/2015 20:00,0,0,0
03/01/2015 21:00,0,0,0
03/01/2015 22:00,0,0,0
03/01/2015 23:00,0,0,0
04/01/2015 00:00,0,0,0
04/01/2015 01:00,0,0,0.000814842
04/01/2015 02:00,0,0,0.038045594
04/01/2015 03:00,1.65E-08,0,0.186632616
04/01/2015 04:00,0.008259099,0,0.374819703
04/01/2015 05:00,0.114679034,0.000654688,0.519779668
04/01/2015 06:00,0.317585835,0.029051818,0.612008789
04/01/2015 07:00,0.509537887,0.113072179,0.64020625
04/01/2015 08:00,0.647404898,0.224854228,0.621054793
04/01/2015 09:00,0.726453419,0.30785064,0.552868151
04/01/2015 10:00,0.738772955,0.365356983,0.466935919
04/01/2015 11:00,0.700917736,0.357238796,0.320015965
04/01/2015 12:00,0.596347351,0.308699541,0.121528681
04/01/2015 13:00,0.470932642,0.226222092,0
04/01/2015 14:00,0.248515062,0.147091482,0
04/01/2015 15:00,0,7.79E-05,0
04/01/2015 16:00,0,0,0
04/01/2015 17:00,0,0,0
04/01/2015 18:00,0,0,0
04/01/2015 19:00,0,0,0
04/01/2015 20:00,0,0,0
04/01/2015 21:00,0,0,0
04/01/2015 22:00,0,0,0
04/01/2015 23:00,0,0,0
05/01/2015 00:00,0,0,0
05/01/2015 01:00,0,0,0.000914909
05/01/2015 02:00,0,0,0.041282406
05/01/2015 03:00,2.61E-09,0,0.197784797
05/01/2015 04:00,0.008122912,0,0.390647548
05/01/2015 05:00,0.110934889,0.000374424,0.53595839
05/01/2015 06:00,0.31022943,0.029037629,0.632469661
05/01/2015 07:00,0.505436848,0.141173245,0.661846721
05/01/2015 08:00,0.654476356,0.249460064,0.643611638
05/01/2015 09:00,0.730449825,0.321588242,0.581768456
05/01/2015 10:00,0.745542254,0.359219489,0.477576093
05/01/2015 11:00,0.697903043,0.343791467,0.336385646
05/01/2015 12:00,0.588654159,0.307254642,0.136040422
05/01/2015 13:00,0.455223892,0.239305843,0
05/01/2015 14:00,0.24130723,0.179761386,0
05/01/2015 15:00,0,0.001330313,0
05/01/2015 16:00,0,0,0
05/01/2015 17:00,0,0,0
05/01/2015 18:00,0,0,0
05/01/2015 19:00,0,0,0
05/01/2015 20:00,0,0,0
05/01/2015 21:00,0,0,0
05/01/2015 22:00,0,0,0
05/01/2015 23:00,0,0,0
06/01/2015 00:00,0,0,0
06/01/2015 01:00,0,0,0.000927534
06/01/2015 02:00,0,0,0.041772745
06/01/2015 03:00,0,0,0.193753063
06/01/2015 04:00,0.007980072,0,0.382707957
06/01/2015 05:00,0.111796569,0.001110788,0.525220945
06/01/2015 06:00,0.310148187,0.046700129,0.62005965
06/01/2015 07:00,0.502556842,0.190138997,0.655402502
06/01/2015 08:00,0.645720407,0.347587656,0.644540292
06/01/2015 09:00,0.719590615,0.493254956,0.591321562
06/01/2015 10:00,0.726020359,0.570952512,0.484426921
06/01/2015 11:00,0.674082032,0.575130221,0.33444637
06/01/2015 12:00,0.570491461,0.556772117,0.137590072
06/01/2015 13:00,0.440236895,0.480863436,0
06/01/2015 14:00,0.243129376,0.29250218,0
06/01/2015 15:00,0,0.001783441,0
06/01/2015 16:00,0,0,0
06/01/2015 17:00,0,0,0
06/01/2015 18:00,0,0,0
06/01/2015 19:00,0,0,0
06/01/2015 20:00,0,0,0
06/01/2015 21:00,0,0,0
06/01/2015 22:00,0,0,0
06/01/2015 23:00,0,0,0
07/01/2015 00:00,0,0,0
07/01/2015 01:00,0,0,0.000932915
07/01/2015 02:00,0,0,0.042012103
07/01/2015 03:00,0,0,0.19172785
07/01/2015 04:00,0.007816497,0,0.381004233
07/01/2015 05:00,0.111135747,0.001321404,0.526106926
07/01/2015 06:00,0.309420684,0.071598633,0.624058206
07/01/2015 07:00,0.499571416,0.278439772,0.660567728
07/01/2015 08:00,0.644378011,0.498011288,0.6504815
07/01/2015 09:00,0.73804071,0.677260349,0.593413229
07/01/2015 10:00,0.755447556,0.78963366,0.486540923
07/01/2015 11:00,0.695210312,0.818436321,0.338768537
07/01/2015 12:00,0.590355619,0.769840914,0.142601716
07/01/2015 13:00,0.460611338,0.663108891,0
07/01/2015 14:00,0.269707158,0.363850189,0
07/01/2015 15:00,0,0.00253728,0
07/01/2015 16:00,0,0,0
07/01/2015 17:00,0,0,0
07/01/2015 18:00,0,0,0
07/01/2015 19:00,0,0,0
07/01/2015 20:00,0,0,0
07/01/2015 21:00,0,0,0
07/01/2015 22:00,0,0,0
07/01/2015 23:00,0,0,0
08/01/2015 00:00,0,0,0
08/01/2015 01:00,0,0,0.001066724
08/01/2015 02:00,0,0,0.042725504
08/01/2015 03:00,0,0,0.199090545
08/01/2015 04:00,0.007352528,0,0.391334871
08/01/2015 05:00,0.11088645,0.001516518,0.538166379
08/01/2015 06:00,0.321896811,0.089403531,0.631674541
08/01/2015 07:00,0.532131733,0.31855836,0.672349512
08/01/2015 08:00,0.685119748,0.546777908,0.658784493
08/01/2015 09:00,0.775130825,0.713454237,0.597177227
08/01/2015 10:00,0.79644437,0.796489844,0.502181527
08/01/2015 11:00,0.754744381,0.79797365,0.344631474
08/01/2015 12:00,0.651138201,0.732756299,0.149714203
08/01/2015 13:00,0.508627716,0.611872976,0
08/01/2015 14:00,0.308267939,0.352990108,0
08/01/2015 15:00,0,0.003425182,0
08/01/2015 16:00,0,0,0
08/01/2015 17:00,0,0,0
08/01/2015 18:00,0,0,0
08/01/2015 19:00,0,0,0
08/01/2015 20:00,0,0,0
08/01/2015 21:00,0,0,0
08/01/2015 22:00,0,0,0
08/01/2015 23:00,0,0,0
09/01/2015 00:00,0,0,0
09/01/2015 01:00,0,0,0.001139643
09/01/2015 02:00,0,0,0.043966541
09/01/2015 03:00,0,0,0.197156516
09/01/2015 04:00,0.007691743,0,0.382604377
09/01/2015 05:00,0.115557,0.001590618,0.528316433
09/01/2015 06:00,0.331703837,0.086182394,0.622058296
09/01/2015 07:00,0.54238527,0.29285705,0.666334213
09/01/2015 08:00,0.693436785,0.486888889,0.651598348
09/01/2015 09:00,0.781685734,0.62356854,0.591724296
09/01/2015 10:00,0.801448848,0.662409123,0.482548167
09/01/2015 11:00,0.759113339,0.647052134,0.325297055
09/01/2015 12:00,0.654905739,0.552178633,0.137550159
09/01/2015 13:00,0.512058267,0.436347939,0
09/01/2015 14:00,0.316771824,0.240910472,0
09/01/2015 15:00,0,0.001711113,0
09/01/2015 16:00,0,0,0
09/01/2015 17:00,0,0,0
09/01/2015 18:00,0,0,0
09/01/2015 19:00,0,0,0
09/01/2015 20:00,0,0,0
09/01/2015 21:00,0,0,0
09/01/2015 22:00,0,0,0
09/01/2015 23:00,0,0,0
10/01/2015 00:00,0,0,0
10/01/2015 01:00,0,0,0.001119061
10/01/2015 02:00,0,0,0.041686244
10/01/2015 03:00,0,0,0.184591831
10/01/2015 04:00,0.007532353,0,0.361115919
10/01/2015 05:00,0.115483046,0.001568965,0.50007284
10/01/2015 06:00,0.331792873,0.064265643,0.601801529
10/01/2015 07:00,0.53964695,0.236640797,0.644775406
10/01/2015 08:00,0.689143864,0.40479306,0.630054836
10/01/2015 09:00,0.776109805,0.54998423,0.562511982
10/01/2015 10:00,0.793702586,0.607606807,0.460917281
10/01/2015 11:00,0.752344531,0.600528,0.311648997
10/01/2015 12:00,0.648557469,0.515890166,0.123955065
10/01/2015 13:00,0.50341224,0.385108232,0
10/01/2015 14:00,0.321694097,0.1917172,0
10/01/2015 15:00,0,0.003301499,0
10/01/2015 16:00,0,0,0
10/01/2015 17:00,0,0,0
10/01/2015 18:00,0,0,0
10/01/2015 19:00,0,0,0
10/01/2015 20:00,0,0,0
10/01/2015 21:00,0,0,0
10/01/2015 22:00,0,0,0
10/01/2015 23:00,0,0,0
11/01/2015 00:00,0,0,0
11/01/2015 01:00,0,0,0.001001421
11/01/2015 02:00,0,0,0.040102194
11/01/2015 03:00,0,0,0.18535869
11/01/2015 04:00,0.006665858,0,0.374128426
11/01/2015 05:00,0.110260494,0.000640574,0.519685187
11/01/2015 06:00,0.321195548,0.027192858,0.614656529
11/01/2015 07:00,0.531036152,0.111924051,0.648690828
11/01/2015 08:00,0.681602342,0.232940639,0.633596309
11/01/2015 09:00,0.771686247,0.347406787,0.567057222
11/01/2015 10:00,0.795359917,0.421602691,0.46048523
11/01/2015 11:00,0.75648626,0.43936149,0.311610641
11/01/2015 12:00,0.654812877,0.409336214,0.131991874
11/01/2015 13:00,0.511191913,0.323842598,0
11/01/2015 14:00,0.328735261,0.248669684,0
11/01/2015 15:00,0,0.003502505,0
11/01/2015 16:00,0,0,0
11/01/2015 17:00,0,0,0
11/01/2015 18:00,0,0,0
11/01/2015 19:00,0,0,0
11/01/2015 20:00,0,0,0
11/01/2015 21:00,0,0,0
11/01/2015 22:00,0,0,0
11/01/2015 23:00,0,0,0
12/01/2015 00:00,0,0,0
12/01/2015 01:00,0,0,0.001002494
12/01/2015 02:00,0,0,0.039885006
12/01/2015 03:00,0,0,0.182984499
12/01/2015 04:00,0.007615861,0,0.363490949
12/01/2015 05:00,0.116901024,0.001339322,0.511283922
12/01/2015 06:00,0.335190359,0.053415123,0.607997773
12/01/2015 07:00,0.545764953,0.174742309,0.63431463
12/01/2015 08:00,0.69432211,0.306746747,0.611337585
12/01/2015 09:00,0.781110944,0.403249206,0.530431046
12/01/2015 10:00,0.799781448,0.470510822,0.434727528
12/01/2015 11:00,0.75816109,0.472861455,0.297665413
12/01/2015 12:00,0.655404182,0.420103759,0.115389613
12/01/2015 13:00,0.511495871,0.320639167,0
12/01/2015 14:00,0.332967856,0.236887031,0
12/01/2015 15:00,0,0.004742071,0
12/01/2015 16:00,0,0,0
12/01/2015 17:00,0,0,0
12/01/2015 18:00,0,0,0
12/01/2015 19:00,0,0,0
12/01/2015 20:00,0,0,0
12/01/2015 21:00,0,0,0
12/01/2015 22:00,0,0,0
12/01/2015 23:00,0,0,0
13/01/2015 00:00,0,0,0
13/01/2015 01:00,0,0,0.00072449
13/01/2015 02:00,0,0,0.034216283
13/01/2015 03:00,0,0,0.167783935
13/01/2015 04:00,0.007651862,0,0.344738044
13/01/2015 05:00,0.117323033,0.001161301,0.483405984
13/01/2015 06:00,0.333790625,0.057975111,0.579049573
13/01/2015 07:00,0.542428237,0.188499074,0.606132978
13/01/2015 08:00,0.690456997,0.317198132,0.598572085
13/01/2015 09:00,0.774723285,0.427751522,0.53716197
13/01/2015 10:00,0.789960214,0.506338914,0.442051159
13/01/2015 11:00,0.746879879,0.519449898,0.309722121
13/01/2015 12:00,0.643850849,0.460711481,0.142750806
13/01/2015 13:00,0.499067828,0.36073443,0
13/01/2015 14:00,0.328903402,0.213756633,0
13/01/2015 15:00,0,0.002179676,0
13/01/2015 16:00,0,0,0
13/01/2015 17:00,0,0,0
13/01/2015 18:00,0,0,0
13/01/2015 19:00,0,0,0
13/01/2015 20:00,0,0,0
13/01/2015 21:00,0,0,0
13/01/2015 22:00,0,0,0
13/01/2015 23:00,0,0,0
14/01/2015 00:00,0,0,0
14/01/2015 01:00,0,0,0.000488069
14/01/2015 02:00,0,0,0.027304633
14/01/2015 03:00,0,0,0.157019886
14/01/2015 04:00,0.007788188,0,0.329941448
14/01/2015 05:00,0.117663393,0.000595084,0.475521466
14/01/2015 06:00,0.332679446,0.027019439,0.565220896
14/01/2015 07:00,0.536898802,0.111277092,0.609221645
14/01/2015 08:00,0.680944353,0.184293087,0.600706138
14/01/2015 09:00,0.76595979,0.241646187,0.552816483
14/01/2015 10:00,0.789844935,0.252378266,0.453562681
14/01/2015 11:00,0.750911372,0.272323841,0.321275664
14/01/2015 12:00,0.647965085,0.248424504,0.156376542
14/01/2015 13:00,0.50329543,0.218531727,0
14/01/2015 14:00,0.328695052,0.179136669,0
14/01/2015 15:00,0,0.008388754,0
14/01/2015 16:00,0,0,0
14/01/2015 17:00,0,0,0
14/01/2015 18:00,0,0,0
14/01/2015 19:00,0,0,0
14/01/2015 20:00,0,0,0
14/01/2015 21:00,0,0,0
14/01/2015 22:00,0,0,0
14/01/2015 23:00,0,0,0
15/01/2015 00:00,0,0,0
15/01/2015 01:00,0,0,0.000592731
15/01/2015 02:00,0,0,0.030569098
15/01/2015 03:00,0,0,0.167603442
15/01/2015 04:00,0.007772707,0,0.350847944
15/01/2015 05:00,0.115157553,0.000817042,0.497162108
15/01/2015 06:00,0.325519609,0.049343691,0.585355131
15/01/2015 07:00,0.528744745,0.194233106,0.633488533
15/01/2015 08:00,0.676967,0.365458502,0.624749925
15/01/2015 09:00,0.765579741,0.48187554,0.562755277
15/01/2015 10:00,0.786859424,0.5808769,0.465056735
15/01/2015 11:00,0.748901606,0.59214306,0.325570249
15/01/2015 12:00,0.647667085,0.520589472,0.158658591
15/01/2015 13:00,0.503178789,0.456393278,0
15/01/2015 14:00,0.329178835,0.340807557,0
15/01/2015 15:00,0,0.012296422,0
15/01/2015 16:00,0,0,0
15/01/2015 17:00,0,0,0
15/01/2015 18:00,0,0,0
15/01/2015 19:00,0,0,0
15/01/2015 20:00,0,0,0
15/01/2015 21:00,0,0,0
15/01/2015 22:00,0,0,0
15/01/2015 23:00,0,0,0
16/01/2015 00:00,0,0,0
16/01/2015 01:00,0,0,0.000759104
16/01/2015 02:00,0,0,0.035687124
16/01/2015 03:00,0,0,0.184529175
16/01/2015 04:00,0.00756826,0,0.3762764
16/01/2015 05:00,0.113901304,0.001221212,0.51959302
16/01/2015 06:00,0.325531265,0.059315793,0.613422395
16/01/2015 07:00,0.532035691,0.216058748,0.646286551
16/01/2015 08:00,0.681937663,0.378560808,0.62482211
16/01/2015 09:00,0.772205342,0.51883322,0.554304967
16/01/2015 10:00,0.795529282,0.583343477,0.454213188
16/01/2015 11:00,0.755640971,0.579980238,0.321723566
16/01/2015 12:00,0.652855118,0.528689571,0.146287253
16/01/2015 13:00,0.504653735,0.406423173,0
16/01/2015 14:00,0.334369071,0.268498222,0
16/01/2015 15:00,0,0.006110373,0
16/01/2015 16:00,0,0,0
16/01/2015 17:00,0,0,0
16/01/2015 18:00,0,0,0
16/01/2015 19:00,0,0,0
16/01/2015 20:00,0,0,0
16/01/2015 21:00,0,0,0
16/01/2015 22:00,0,0,0
16/01/2015 23:00,0,0,0
17/01/2015 00:00,0,0,0
17/01/2015 01:00,0,0,0.000931241
17/01/2015 02:00,0,0,0.038511251
17/01/2015 03:00,0,0,0.180038804
17/01/2015 04:00,0.00728223,0,0.366837871
17/01/2015 05:00,0.10929231,0.000858543,0.516544527
17/01/2015 06:00,0.310715784,0.042651538,0.614938785
17/01/2015 07:00,0.505333057,0.157214918,0.651368222
17/01/2015 08:00,0.653911813,0.294190843,0.634534246
17/01/2015 09:00,0.748144403,0.404718966,0.579723241
17/01/2015 10:00,0.778024868,0.471229935,0.470814023
17/01/2015 11:00,0.743648371,0.4432391,0.329061371
17/01/2015 12:00,0.643206754,0.388871865,0.152150242
17/01/2015 13:00,0.495406048,0.328118809,0
17/01/2015 14:00,0.331299801,0.265114254,0
17/01/2015 15:00,0,0.009056862,0
17/01/2015 16:00,0,0,0
17/01/2015 17:00,0,0,0
17/01/2015 18:00,0,0,0
17/01/2015 19:00,0,0,0
17/01/2015 20:00,0,0,0
17/01/2015 21:00,0,0,0
17/01/2015 22:00,0,0,0
17/01/2015 23:00,0,0,0
18/01/2015 00:00,0,0,0
18/01/2015 01:00,0,0,0.000942377
18/01/2015 02:00,0,0,0.04029392
18/01/2015 03:00,0,0,0.192462832
18/01/2015 04:00,0.007324967,0,0.384556811
18/01/2015 05:00,0.111729945,0.000452592,0.533496801
18/01/2015 06:00,0.321758788,0.030146127,0.632016165
18/01/2015 07:00,0.527091613,0.099508026,0.667280344
18/01/2015 08:00,0.676351109,0.162181778,0.656960722
18/01/2015 09:00,0.766404753,0.221312247,0.599513912
18/01/2015 10:00,0.787456738,0.26777401,0.499043976
18/01/2015 11:00,0.747757835,0.277583041,0.352859857
18/01/2015 12:00,0.646220751,0.25568436,0.183339305
18/01/2015 13:00,0.499062464,0.228434834,0
18/01/2015 14:00,0.330094655,0.171187085,0
18/01/2015 15:00,0.000192705,0.012664777,0
18/01/2015 16:00,0,0,0
18/01/2015 17:00,0,0,0
18/01/2015 18:00,0,0,0
18/01/2015 19:00,0,0,0
18/01/2015 20:00,0,0,0
18/01/2015 21:00,0,0,0
18/01/2015 22:00,0,0,0
18/01/2015 23:00,0,0,0
19/01/2015 00:00,0,0,0
19/01/2015 01:00,0,0,0.000891885
19/01/2015 02:00,0,0,0.039977986
19/01/2015 03:00,0,0,0.194014322
19/01/2015 04:00,0.007143604,0,0.388211401
19/01/2015 05:00,0.106003679,0.000462241,0.535787206
19/01/2015 06:00,0.304378693,0.039006248,0.632509362
19/01/2015 07:00,0.502402008,0.174186247,0.667651798
19/01/2015 08:00,0.647845304,0.321230053,0.66209703
19/01/2015 09:00,0.729526652,0.448893607,0.605795664
19/01/2015 10:00,0.757322524,0.539665914,0.504777501
19/01/2015 11:00,0.723816462,0.551687788,0.359122006
19/01/2015 12:00,0.625067452,0.520637386,0.19174928
19/01/2015 13:00,0.479429954,0.465991795,0
19/01/2015 14:00,0.314789189,0.379059745,0
19/01/2015 15:00,0.000206344,0.022109968,0
19/01/2015 16:00,0,0,0
19/01/2015 17:00,0,0,0
19/01/2015 18:00,0,0,0
19/01/2015 19:00,0,0,0
19/01/2015 20:00,0,0,0
19/01/2015 21:00,0,0,0
19/01/2015 22:00,0,0,0
19/01/2015 23:00,0,0,0
20/01/2015 00:00,0,0,0
20/01/2015 01:00,0,0,0.000881471
20/01/2015 02:00,0,0,0.038145199
20/01/2015 03:00,0,0,0.190446583
20/01/2015 04:00,0.006925595,0,0.384033045
20/01/2015 05:00,0.107768464,0.001626871,0.531109158
20/01/2015 06:00,0.315354709,0.09435197,0.622454514
20/01/2015 07:00,0.525033424,0.324854181,0.662565099
20/01/2015 08:00,0.68000486,0.546603379,0.653143216
20/01/2015 09:00,0.771992328,0.703697068,0.602013734
20/01/2015 10:00,0.79604782,0.792502103,0.503384288
20/01/2015 11:00,0.757847557,0.809592764,0.360718169
20/01/2015 12:00,0.655354585,0.755414613,0.195442106
20/01/2015 13:00,0.505556099,0.621937976,0
20/01/2015 14:00,0.347457781,0.415608071,0
20/01/2015 15:00,0.000284599,0.010047572,0
20/01/2015 16:00,0,0,0
20/01/2015 17:00,0,0,0
20/01/2015 18:00,0,0,0
20/01/2015 19:00,0,0,0
20/01/2015 20:00,0,0,0
20/01/2015 21:00,0,0,0
20/01/2015 22:00,0,0,0
20/01/2015 23:00,0,0,0
21/01/2015 00:00,0,0,0
21/01/2015 01:00,0,0,0.001045391
21/01/2015 02:00,0,0,0.041123392
21/01/2015 03:00,0,0,0.196671355
21/01/2015 04:00,0.007104271,0,0.391578587
21/01/2015 05:00,0.112782677,0.00184221,0.540451014
21/01/2015 06:00,0.328521707,0.065556436,0.634996588
21/01/2015 07:00,0.54057573,0.195544027,0.678788346
21/01/2015 08:00,0.696042625,0.322601686,0.670412587
21/01/2015 09:00,0.788225077,0.439611297,0.613523909
21/01/2015 10:00,0.810117709,0.480552192,0.514174031
21/01/2015 11:00,0.768939256,0.495724712,0.369208602
21/01/2015 12:00,0.663856468,0.440173019,0.197603704
21/01/2015 13:00,0.508346168,0.326653724,0
21/01/2015 14:00,0.349230471,0.212853036,0
21/01/2015 15:00,0.000493945,0.010512416,0
21/01/2015 16:00,0,0,0
21/01/2015 17:00,0,0,0
21/01/2015 18:00,0,0,0
21/01/2015 19:00,0,0,0
21/01/2015 20:00,0,0,0
21/01/2015 21:00,0,0,0
21/01/2015 22:00,0,0,0
21/01/2015 23:00,0,0,0
22/01/2015 00:00,0,0,0
22/01/2015 01:00,0,0,0.001102244
22/01/2015 02:00,0,0,0.041299855
22/01/2015 03:00,0,0,0.197374831
22/01/2015 04:00,0.007299806,0,0.392160845
22/01/2015 05:00,0.111626257,0.000848795,0.542619484
22/01/2015 06:00,0.317710094,0.037213202,0.639013585
22/01/2015 07:00,0.513895049,0.116550724,0.681990337
22/01/2015 08:00,0.663141896,0.231014531,0.670300932
22/01/2015 09:00,0.748178727,0.321658407,0.61799862
22/01/2015 10:00,0.767755329,0.385480999,0.512236648
22/01/2015 11:00,0.724329658,0.367039094,0.36527655
22/01/2015 12:00,0.619800849,0.307968801,0.19166391
22/01/2015 13:00,0.467556546,0.250536949,0
22/01/2015 14:00,0.310312217,0.174478979,0
22/01/2015 15:00,0.000592611,0.007650535,0
22/01/2015 16:00,0,0,0
22/01/2015 17:00,0,0,0
22/01/2015 18:00,0,0,0
22/01/2015 19:00,0,0,0
22/01/2015 20:00,0,0,0
22/01/2015 21:00,0,0,0
22/01/2015 22:00,0,0,0
22/01/2015 23:00,0,0,0
23/01/2015 00:00,0,0,0
23/01/2015 01:00,0,0,0.001155822
23/01/2015 02:00,0,0,0.04133917
23/01/2015 03:00,0,0,0.185435064
23/01/2015 04:00,0.007353543,0,0.370259214
23/01/2015 05:00,0.10855947,0.001440734,0.51953219
23/01/2015 06:00,0.308770027,0.029908814,0.616637657
23/01/2015 07:00,0.50317072,0.110512847,0.658748175
23/01/2015 08:00,0.650546325,0.198977101,0.641471523
23/01/2015 09:00,0.742292275,0.265499276,0.57899625
23/01/2015 10:00,0.765131788,0.320420739,0.476599623
23/01/2015 11:00,0.728410817,0.328589148,0.3350537
23/01/2015 12:00,0.628971968,0.304171012,0.174901643
23/01/2015 13:00,0.481748596,0.239829564,0
23/01/2015 14:00,0.32863425,0.193199106,0
23/01/2015 15:00,0.001117539,0.022568295,0
23/01/2015 16:00,0,0,0
23/01/2015 17:00,0,0,0
23/01/2015 18:00,0,0,0
23/01/2015 19:00,0,0,0
23/01/2015 20:00,0,0,0
23/01/2015 21:00,0,0,0
23/01/2015 22:00,0,0,0
23/01/2015 23:00,0,0,0
24/01/2015 00:00,0,0,0
24/01/2015 01:00,0,0,0.00100411
24/01/2015 02:00,0,0,0.036965155
24/01/2015 03:00,0,0,0.176574027
24/01/2015 04:00,0.007387514,0,0.360977573
24/01/2015 05:00,0.110450323,0.000827083,0.511221716
24/01/2015 06:00,0.316037129,0.042099636,0.610969996
24/01/2015 07:00,0.518105626,0.142114712,0.651735536
24/01/2015 08:00,0.666289635,0.27263836,0.641879688
24/01/2015 09:00,0.755679511,0.356076592,0.581440863
24/01/2015 10:00,0.780144274,0.373827849,0.479357064
24/01/2015 11:00,0.744070177,0.394060381,0.337306309
24/01/2015 12:00,0.643020892,0.344204968,0.18462107
24/01/2015 13:00,0.492693122,0.281609277,0
24/01/2015 14:00,0.333726108,0.224769568,0
24/01/2015 15:00,0.001526536,0.026761833,0
24/01/2015 16:00,0,0,0
24/01/2015 17:00,0,0,0
24/01/2015 18:00,0,0,0
24/01/2015 19:00,0,0,0
24/01/2015 20:00,0,0,0
24/01/2015 21:00,0,0,0
24/01/2015 22:00,0,0,0
24/01/2015 23:00,0,0,0
25/01/2015 00:00,0,0,0
25/01/2015 01:00,0,0,0.00101015
25/01/2015 02:00,0,0,0.040530102
25/01/2015 03:00,0,0,0.192830877
25/01/2015 04:00,0.007470609,0,0.386038375
25/01/2015 05:00,0.108448335,0.000460483,0.535856874
25/01/2015 06:00,0.30618628,0.03205732,0.627624431
25/01/2015 07:00,0.501212854,0.135376074,0.671193988
25/01/2015 08:00,0.64173596,0.252783182,0.657353629
25/01/2015 09:00,0.736475632,0.325727553,0.599216539
25/01/2015 10:00,0.757045412,0.37216697,0.49957911
25/01/2015 11:00,0.718063635,0.36870821,0.362383779
25/01/2015 12:00,0.614650771,0.322876155,0.197384915
25/01/2015 13:00,0.468976044,0.270011429,0
25/01/2015 14:00,0.317223898,0.207619707,0
25/01/2015 15:00,0.001514934,0.028831376,0
25/01/2015 16:00,0,0,0
25/01/2015 17:00,0,0,0
25/01/2015 18:00,0,0,0
25/01/2015 19:00,0,0,0
25/01/2015 20:00,0,0,0
25/01/2015 21:00,0,0,0
25/01/2015 22:00,0,0,0
25/01/2015 23:00,0,0,0
26/01/2015 00:00,0,0,0
26/01/2015 01:00,0,0,0.00109416
26/01/2015 02:00,0,0,0.041547742
26/01/2015 03:00,0,0,0.193640497
26/01/2015 04:00,0.007454007,0,0.389701652
26/01/2015 05:00,0.106731017,0.000848599,0.540336906
26/01/2015 06:00,0.303161397,0.050086713,0.638079692
26/01/2015 07:00,0.491056193,0.179856357,0.683004008
26/01/2015 08:00,0.633911398,0.324570252,0.671829208
26/01/2015 09:00,0.714632156,0.417582105,0.618205483
26/01/2015 10:00,0.740518649,0.487236032,0.51485611
26/01/2015 11:00,0.703809035,0.490718026,0.370825035
26/01/2015 12:00,0.60296791,0.463533387,0.201557675
26/01/2015 13:00,0.450670153,0.371524589,0
26/01/2015 14:00,0.298972731,0.287215496,0
26/01/2015 15:00,0.001996408,0.036221332,0
26/01/2015 16:00,0,0,0
26/01/2015 17:00,0,0,0
26/01/2015 18:00,0,0,0
26/01/2015 19:00,0,0,0
26/01/2015 20:00,0,0,0
26/01/2015 21:00,0,0,0
26/01/2015 22:00,0,0,0
26/01/2015 23:00,0,0,0
27/01/2015 00:00,0,0,0
27/01/2015 01:00,0,0,0.001205803
27/01/2015 02:00,0,0,0.041754046
27/01/2015 03:00,0,0,0.194719908
27/01/2015 04:00,0.007376713,0,0.388908208
27/01/2015 05:00,0.109807947,0.001096324,0.536628097
27/01/2015 06:00,0.313322574,0.068044068,0.634282918
27/01/2015 07:00,0.510368783,0.246120672,0.679613878
27/01/2015 08:00,0.653830121,0.425663912,0.669844002
27/01/2015 09:00,0.74209731,0.591800655,0.60441763
27/01/2015 10:00,0.755908206,0.646580515,0.5069682
27/01/2015 11:00,0.718599302,0.651965735,0.367272063
27/01/2015 12:00,0.620020665,0.594141464,0.199239458
27/01/2015 13:00,0.468700539,0.5060249,0
27/01/2015 14:00,0.327109775,0.377474868,0
27/01/2015 15:00,0.002680172,0.044917642,0
27/01/2015 16:00,0,0,0
27/01/2015 17:00,0,0,0
27/01/2015 18:00,0,0,0
27/01/2015 19:00,0,0,0
27/01/2015 20:00,0,0,0
27/01/2015 21:00,0,0,0
27/01/2015 22:00,0,0,0
27/01/2015 23:00,0,0,0
28/01/2015 00:00,0,0,0
28/01/2015 01:00,0,0,0.001153848
28/01/2015 02:00,0,0,0.039227692
28/01/2015 03:00,0,0,0.186239066
28/01/2015 04:00,0.007419458,0,0.377581202
28/01/2015 05:00,0.112831221,0.003206264,0.518752528
28/01/2015 06:00,0.320961657,0.095174194,0.616893679
28/01/2015 07:00,0.525904864,0.301267416,0.662926031
28/01/2015 08:00,0.681343771,0.506916672,0.655530345
28/01/2015 09:00,0.772394952,0.6676719,0.602617254
28/01/2015 10:00,0.792395549,0.753710884,0.495377247
28/01/2015 11:00,0.745912549,0.760693267,0.355939511
28/01/2015 12:00,0.646160966,0.717282352,0.193600606
28/01/2015 13:00,0.489508219,0.590945431,3.10E-05
28/01/2015 14:00,0.33159628,0.439020645,0
28/01/2015 15:00,0.003262859,0.05020915,0
28/01/2015 16:00,0,0,0
28/01/2015 17:00,0,0,0
28/01/2015 18:00,0,0,0
28/01/2015 19:00,0,0,0
28/01/2015 20:00,0,0,0
28/01/2015 21:00,0,0,0
28/01/2015 22:00,0,0,0
28/01/2015 23:00,0,0,0
29/01/2015 00:00,0,0,0
29/01/2015 01:00,0,0,0.001145738
29/01/2015 02:00,0,0,0.040245908
29/01/2015 03:00,2.52E-09,0,0.188387626
29/01/2015 04:00,0.007095056,0,0.381520467
29/01/2015 05:00,0.111433015,0.003062607,0.527046086
29/01/2015 06:00,0.320396933,0.091179899,0.624693791
29/01/2015 07:00,0.523902881,0.292972383,0.666823566
29/01/2015 08:00,0.676329216,0.515076342,0.654179774
29/01/2015 09:00,0.762981491,0.697566464,0.595510727
29/01/2015 10:00,0.782358292,0.787122681,0.49670228
29/01/2015 11:00,0.729449481,0.820297866,0.358432882
29/01/2015 12:00,0.622679533,0.750580864,0.204045728
29/01/2015 13:00,0.467971481,0.625340295,3.14E-05
29/01/2015 14:00,0.316276768,0.460624248,0
29/01/2015 15:00,0.00371094,0.054632045,0
29/01/2015 16:00,0,0,0
29/01/2015 17:00,0,0,0
29/01/2015 18:00,0,0,0
29/01/2015 19:00,0,0,0
29/01/2015 20:00,0,0,0
29/01/2015 21:00,0,0,0
29/01/2015 22:00,0,0,0
29/01/2015 23:00,0,0,0
30/01/2015 00:00,0,0,0
30/01/2015 01:00,0,0,0.000979603
30/01/2015 02:00,0,0,0.035994553
30/01/2015 03:00,2.41E-08,0,0.183842991
30/01/2015 04:00,0.006708515,0,0.373221646
30/01/2015 05:00,0.097639912,0.003894838,0.516342738
30/01/2015 06:00,0.283772873,0.111310968,0.611043114
30/01/2015 07:00,0.465187659,0.354817392,0.655687899
30/01/2015 08:00,0.610676046,0.594943125,0.645785328
30/01/2015 09:00,0.696087677,0.769538191,0.592828288
30/01/2015 10:00,0.721403707,0.860336386,0.493483083
30/01/2015 11:00,0.689395313,0.870693375,0.354055514
30/01/2015 12:00,0.602127968,0.809351418,0.206970435
30/01/2015 13:00,0.453578947,0.686225894,9.86E-05
30/01/2015 14:00,0.303925743,0.494140212,0
30/01/2015 15:00,0.004200731,0.060147579,0
30/01/2015 16:00,0,0,0
30/01/2015 17:00,0,0,0
30/01/2015 18:00,0,0,0
30/01/2015 19:00,0,0,0
30/01/2015 20:00,0,0,0
30/01/2015 21:00,0,0,0
30/01/2015 22:00,0,0,0
30/01/2015 23:00,0,0,0
31/01/2015 00:00,0,0,0
31/01/2015 01:00,0,0,0.001024146
31/01/2015 02:00,0,0,0.034967569
31/01/2015 03:00,2.66E-08,0,0.18344803
31/01/2015 04:00,0.006886755,0,0.368236807
31/01/2015 05:00,0.09796957,0.004049667,0.512144025
31/01/2015 06:00,0.286610403,0.104804131,0.610500152
31/01/2015 07:00,0.486311604,0.31555889,0.662754406
31/01/2015 08:00,0.631459658,0.52950449,0.640930686
31/01/2015 09:00,0.714208836,0.692925549,0.585295002
31/01/2015 10:00,0.737094124,0.776517952,0.488533909
31/01/2015 11:00,0.69188022,0.786496337,0.349838773
31/01/2015 12:00,0.599388357,0.71006469,0.209001497
31/01/2015 13:00,0.450434599,0.588538424,9.97E-05
31/01/2015 14:00,0.29885275,0.443182535,0
31/01/2015 15:00,0.004621006,0.066211356,0
31/01/2015 16:00,0,0,0
31/01/2015 17:00,0,0,0
31/01/2015 18:00,0,0,0
31/01/2015 19:00,0,0,0
31/01/2015 20:00,0,0,0
31/01/2015 21:00,0,0,0
31/01/2015 22:00,0,0,0
31/01/2015 23:00,0,0,0
01/02/2015 00:00,0,0,0
01/02/2015 01:00,0,0,0.001363533
01/02/2015 02:00,0,0,0.043844924
01/02/2015 03:00,1.45E-05,0,0.198581298
01/02/2015 04:00,0.006422674,6.82E-06,0.394559204
01/02/2015 05:00,0.095132303,0.004280498,0.538710239
01/02/2015 06:00,0.271333966,0.114995696,0.639987926
01/02/2015 07:00,0.47626386,0.346441426,0.6702961
01/02/2015 08:00,0.611705208,0.579613885,0.653806527
01/02/2015 09:00,0.699632677,0.757386901,0.597889487
01/02/2015 10:00,0.722399778,0.844616707,0.496383955
01/02/2015 11:00,0.688059858,0.844056725,0.3554179
01/02/2015 12:00,0.597869765,0.775697498,0.210014231
01/02/2015 13:00,0.451842465,0.653505398,0.00012465
01/02/2015 14:00,0.29949953,0.461624441,0
01/02/2015 15:00,0.005025606,0.056746789,0
01/02/2015 16:00,0,0,0
01/02/2015 17:00,0,0,0
01/02/2015 18:00,0,0,0
01/02/2015 19:00,0,0,0
01/02/2015 20:00,0,0,0
01/02/2015 21:00,0,0,0
01/02/2015 22:00,0,0,0
01/02/2015 23:00,0,0,0
02/02/2015 00:00,0,0,0
02/02/2015 01:00,0,0,0.000881887
02/02/2015 02:00,0,0,0.033944175
02/02/2015 03:00,1.47E-05,0,0.179790955
02/02/2015 04:00,0.006548738,7.49E-06,0.364970519
02/02/2015 05:00,0.100019899,0.005617165,0.507742755
02/02/2015 06:00,0.288743058,0.110033272,0.598881826
02/02/2015 07:00,0.483656669,0.308110496,0.645467075
02/02/2015 08:00,0.632438993,0.492998845,0.630539304
02/02/2015 09:00,0.713782056,0.620138869,0.578079425
02/02/2015 10:00,0.739588627,0.672017966,0.484433506
02/02/2015 11:00,0.703203608,0.642061398,0.348273191
02/02/2015 12:00,0.598768112,0.565280313,0.210558552
02/02/2015 13:00,0.457648166,0.44561825,0.000180252
02/02/2015 14:00,0.309917286,0.300657387,0
02/02/2015 15:00,0.005722554,0.029467988,0
02/02/2015 16:00,0,0,0
02/02/2015 17:00,0,0,0
02/02/2015 18:00,0,0,0
02/02/2015 19:00,0,0,0
02/02/2015 20:00,0,0,0
02/02/2015 21:00,0,0,0
02/02/2015 22:00,0,0,0
02/02/2015 23:00,0,0,0
03/02/2015 00:00,0,0,0
03/02/2015 01:00,0,0,0.001022418
03/02/2015 02:00,0,0,0.036095215
03/02/2015 03:00,1.50E-05,0,0.183520025
03/02/2015 04:00,0.006819672,7.71E-06,0.373002426
03/02/2015 05:00,0.106611909,0.002592461,0.518909186
03/02/2015 06:00,0.308838732,0.05950089,0.609737879
03/02/2015 07:00,0.514710392,0.199187039,0.64696077
03/02/2015 08:00,0.668957836,0.339964741,0.645914699
03/02/2015 09:00,0.758018604,0.444592245,0.590925625
03/02/2015 10:00,0.778585449,0.477668163,0.495942162
03/02/2015 11:00,0.744587219,0.462279915,0.355178354
03/02/2015 12:00,0.646122897,0.420042843,0.211012393
03/02/2015 13:00,0.486984618,0.315026265,0.000201402
03/02/2015 14:00,0.336458322,0.210157324,0
03/02/2015 15:00,0.005994635,0.041306202,0
03/02/2015 16:00,0,0,0
03/02/2015 17:00,0,0,0
03/02/2015 18:00,0,0,0
03/02/2015 19:00,0,0,0
03/02/2015 20:00,0,0,0
03/02/2015 21:00,0,0,0
03/02/2015 22:00,0,0,0
03/02/2015 23:00,0,0,0
04/02/2015 00:00,0,0,0
04/02/2015 01:00,0,0,0.00120714
04/02/2015 02:00,0,0,0.04043681
04/02/2015 03:00,1.58E-05,0,0.194589224
04/02/2015 04:00,0.009018496,8.32E-06,0.386115583
04/02/2015 05:00,0.123695965,0.002842401,0.532570168
04/02/2015 06:00,0.335953997,0.061344146,0.628625342
04/02/2015 07:00,0.539653247,0.16218782,0.673885865
04/02/2015 08:00,0.689527691,0.257336118,0.66467755
04/02/2015 09:00,0.778303173,0.32378842,0.60951494
04/02/2015 10:00,0.7978603,0.370150894,0.504718573
04/02/2015 11:00,0.760820458,0.352463594,0.366110124
04/02/2015 12:00,0.659717823,0.304958508,0.209984446
04/02/2015 13:00,0.499728871,0.223807127,0.000209487
04/02/2015 14:00,0.347935192,0.153892896,0
04/02/2015 15:00,0.006229958,0.026055213,0
04/02/2015 16:00,0,0,0
04/02/2015 17:00,0,0,0
04/02/2015 18:00,0,0,0
04/02/2015 19:00,0,0,0
04/02/2015 20:00,0,0,0
04/02/2015 21:00,0,0,0
04/02/2015 22:00,0,0,0
04/02/2015 23:00,0,0,0
05/02/2015 00:00,0,0,0
05/02/2015 01:00,0,0,0.00112041
05/02/2015 02:00,0,0,0.037207045
05/02/2015 03:00,1.63E-05,0,0.180592332
05/02/2015 04:00,0.00949769,8.84E-06,0.359217747
05/02/2015 05:00,0.124543529,0.004632745,0.501633843
05/02/2015 06:00,0.336107527,0.093568997,0.595138067
05/02/2015 07:00,0.537303982,0.26470507,0.643325504
05/02/2015 08:00,0.683430714,0.425358081,0.626549595
05/02/2015 09:00,0.769219209,0.551981054,0.574991752
05/02/2015 10:00,0.786122131,0.62345333,0.464053591
05/02/2015 11:00,0.743450275,0.630893086,0.320530817
05/02/2015 12:00,0.640976565,0.573752277,0.165756635
05/02/2015 13:00,0.479108601,0.487311138,0.000326055
05/02/2015 14:00,0.318762753,0.365490268,0
05/02/2015 15:00,0.006653954,0.06337508,0
05/02/2015 16:00,0,0,0
05/02/2015 17:00,0,0,0
05/02/2015 18:00,0,0,0
05/02/2015 19:00,0,0,0
05/02/2015 20:00,0,0,0
05/02/2015 21:00,0,0,0
05/02/2015 22:00,0,0,0
05/02/2015 23:00,0,0,0
06/02/2015 00:00,0,0,0
06/02/2015 01:00,0,0,0.001257967
06/02/2015 02:00,0,0,0.038499533
06/02/2015 03:00,1.65E-05,0,0.176386695
06/02/2015 04:00,0.009430672,9.78E-06,0.350487022
06/02/2015 05:00,0.121544648,0.006524693,0.494490939
06/02/2015 06:00,0.326783691,0.107947358,0.580144516
06/02/2015 07:00,0.525108463,0.29825835,0.615009049
06/02/2015 08:00,0.669110317,0.47966683,0.60010666
06/02/2015 09:00,0.751338682,0.627649974,0.526314655
06/02/2015 10:00,0.769770745,0.700425921,0.418005879
06/02/2015 11:00,0.728044407,0.707608918,0.284418689
06/02/2015 12:00,0.62417093,0.627476691,0.127699584
06/02/2015 13:00,0.462221653,0.539624593,0.000311238
06/02/2015 14:00,0.307441447,0.373879446,0
06/02/2015 15:00,0.006425473,0.074766187,0
06/02/2015 16:00,0,0,0
06/02/2015 17:00,0,0,0
06/02/2015 18:00,0,0,0
06/02/2015 19:00,0,0,0
06/02/2015 20:00,0,0,0
06/02/2015 21:00,0,0,0
06/02/2015 22:00,0,0,0
06/02/2015 23:00,0,0,0
07/02/2015 00:00,0,0,0
07/02/2015 01:00,0,0,0.001329975
07/02/2015 02:00,0,0,0.034887032
07/02/2015 03:00,1.68E-05,0,0.148095882
07/02/2015 04:00,0.009152264,1.09E-05,0.295969327
07/02/2015 05:00,0.118790275,0.007572706,0.422968443
07/02/2015 06:00,0.325825958,0.128206189,0.501600496
07/02/2015 07:00,0.53338466,0.343015519,0.524784746
07/02/2015 08:00,0.680341756,0.561536914,0.511189015
07/02/2015 09:00,0.768246349,0.73719658,0.446939294
07/02/2015 10:00,0.790703754,0.830684388,0.35447222
07/02/2015 11:00,0.752375331,0.835301501,0.237392713
07/02/2015 12:00,0.651752232,0.76004526,0.117495445
07/02/2015 13:00,0.489311996,0.625961728,0.000267793
07/02/2015 14:00,0.338460717,0.419091264,0
07/02/2015 15:00,0.007302101,0.061264949,0
07/02/2015 16:00,0,0,0
07/02/2015 17:00,0,0,0
07/02/2015 18:00,0,0,0
07/02/2015 19:00,0,0,0
07/02/2015 20:00,0,0,0
07/02/2015 21:00,0,0,0
07/02/2015 22:00,0,0,0
07/02/2015 23:00,0,0,0
08/02/2015 00:00,0,0,0
08/02/2015 01:00,0,0,0.001317134
08/02/2015 02:00,0,0,0.033052657
08/02/2015 03:00,1.72E-05,0,0.167400816
08/02/2015 04:00,0.009994659,1.21E-05,0.33937774
08/02/2015 05:00,0.123556549,0.007332841,0.486325844
08/02/2015 06:00,0.327481113,0.111365122,0.581488128
08/02/2015 07:00,0.525189547,0.303755321,0.621011212
08/02/2015 08:00,0.660310823,0.470881269,0.60868864
08/02/2015 09:00,0.738023697,0.613757242,0.564538742
08/02/2015 10:00,0.749761525,0.685436883,0.461833847
08/02/2015 11:00,0.706765687,0.708413761,0.320374308
08/02/2015 12:00,0.608509256,0.661747483,0.156702113
08/02/2015 13:00,0.452311407,0.539420243,0.000242011
08/02/2015 14:00,0.298736888,0.388737299,0
08/02/2015 15:00,0.007315632,0.076575314,0
08/02/2015 16:00,0,0,0
08/02/2015 17:00,0,0,0
08/02/2015 18:00,0,0,0
08/02/2015 19:00,0,0,0
08/02/2015 20:00,0,0,0
08/02/2015 21:00,0,0,0
08/02/2015 22:00,0,0,0
08/02/2015 23:00,0,0,0
09/02/2015 00:00,0,0,0
09/02/2015 01:00,0,0,0.001844253
09/02/2015 02:00,0,0,0.04347575
09/02/2015 03:00,1.76E-05,0,0.18937722
09/02/2015 04:00,0.01010237,1.32E-05,0.379541344
09/02/2015 05:00,0.126599842,0.005658791,0.528892861
09/02/2015 06:00,0.33503559,0.088984377,0.621854882
09/02/2015 07:00,0.533710949,0.265305948,0.662646778
09/02/2015 08:00,0.676692705,0.449682313,0.642211033
09/02/2015 09:00,0.760012276,0.612249284,0.577737217
09/02/2015 10:00,0.777856777,0.712900488,0.465402049
09/02/2015 11:00,0.736939603,0.763904264,0.323932238
09/02/2015 12:00,0.634485056,0.702125784,0.151863398
09/02/2015 13:00,0.47640204,0.564321531,0.000250801
09/02/2015 14:00,0.323314975,0.414288135,0
09/02/2015 15:00,0.007696356,0.082879349,0
09/02/2015 16:00,0,0,0
09/02/2015 17:00,0,0,0
09/02/2015 18:00,0,0,0
09/02/2015 19:00,0,0,0
09/02/2015 20:00,0,0,0
09/02/2015 21:00,0,0,0
09/02/2015 22:00,0,0,0
09/02/2015 23:00,0,0,0
10/02/2015 00:00,0,0,0
10/02/2015 01:00,0,0,0.001518189
10/02/2015 02:00,0,0,0.037167192
10/02/2015 03:00,1.82E-05,0,0.167455697
10/02/2015 04:00,0.010170428,1.48E-05,0.347713892
10/02/2015 05:00,0.121133246,0.007632912,0.491482982
10/02/2015 06:00,0.317251559,0.08461613,0.585827892
10/02/2015 07:00,0.50462118,0.184395481,0.616344369
10/02/2015 08:00,0.63481362,0.304373037,0.596869738
10/02/2015 09:00,0.710394151,0.388715757,0.531588703
10/02/2015 10:00,0.721168327,0.400716949,0.428511646
10/02/2015 11:00,0.684015018,0.372812742,0.281545377
10/02/2015 12:00,0.583060068,0.329656268,0.143965016
10/02/2015 13:00,0.426960206,0.271334506,0.000254124
10/02/2015 14:00,0.266632127,0.17598032,0
10/02/2015 15:00,0.00711333,0.039538904,0
10/02/2015 16:00,0,0,0
10/02/2015 17:00,0,0,0
10/02/2015 18:00,0,0,0
10/02/2015 19:00,0,0,0
10/02/2015 20:00,0,0,0
10/02/2015 21:00,0,0,0
10/02/2015 22:00,0,0,0
10/02/2015 23:00,0,0,0
11/02/2015 00:00,0,0,0
11/02/2015 01:00,0,0,0.001892189
11/02/2015 02:00,0,0,0.038861946
11/02/2015 03:00,1.84E-05,0,0.160543399
11/02/2015 04:00,0.00988164,1.57E-05,0.323626387
11/02/2015 05:00,0.112617237,0.008777381,0.461513498
11/02/2015 06:00,0.302583241,0.130776314,0.550971257
11/02/2015 07:00,0.482378047,0.32542128,0.585610797
11/02/2015 08:00,0.611858149,0.492653977,0.587679897
11/02/2015 09:00,0.691207339,0.603310178,0.515251832
11/02/2015 10:00,0.7120279,0.661724925,0.412686019
11/02/2015 11:00,0.676870006,0.636085885,0.276421138
11/02/2015 12:00,0.574094893,0.586378963,0.131378051
11/02/2015 13:00,0.419555489,0.4964225,0.000432635
11/02/2015 14:00,0.254106354,0.347967566,0
11/02/2015 15:00,0.007679287,0.082266654,0
11/02/2015 16:00,0,0,0
11/02/2015 17:00,0,0,0
11/02/2015 18:00,0,0,0
11/02/2015 19:00,0,0,0
11/02/2015 20:00,0,0,0
11/02/2015 21:00,0,0,0
11/02/2015 22:00,0,0,0
11/02/2015 23:00,0,0,0
12/02/2015 00:00,0,0,0
12/02/2015 01:00,0,0,0.002484591
12/02/2015 02:00,0,0,0.045649922
12/02/2015 03:00,1.89E-05,0,0.184615882
12/02/2015 04:00,0.010052221,1.66E-05,0.361695833
12/02/2015 05:00,0.11400858,0.004877083,0.505853241
12/02/2015 06:00,0.302512268,0.080972439,0.602368884
12/02/2015 07:00,0.480824834,0.220046121,0.649320581
12/02/2015 08:00,0.614530373,0.372691189,0.64355334
12/02/2015 09:00,0.691680859,0.48981253,0.580290359
12/02/2015 10:00,0.704035488,0.543088354,0.475410285
12/02/2015 11:00,0.664425551,0.556910411,0.336895721
12/02/2015 12:00,0.563074656,0.499919073,0.163188894
12/02/2015 13:00,0.410692995,0.417088739,0.000287298
12/02/2015 14:00,0.254178315,0.311090943,0
12/02/2015 15:00,0.007395006,0.084244092,0
12/02/2015 16:00,0,0,0
12/02/2015 17:00,0,0,0
12/02/2015 18:00,0,0,0
12/02/2015 19:00,0,0,0
12/02/2015 20:00,0,0,0
12/02/2015 21:00,0,0,0
12/02/2015 22:00,0,0,0
12/02/2015 23:00,0,0,0
13/02/2015 00:00,0,0,0
13/02/2015 01:00,0,0,0.002770035
13/02/2015 02:00,0,0,0.048823077
13/02/2015 03:00,1.94E-05,0,0.183709674
13/02/2015 04:00,0.010627572,1.80E-05,0.35883577
13/02/2015 05:00,0.120027808,0.005013007,0.505669083
13/02/2015 06:00,0.302045133,0.086947097,0.610451834
13/02/2015 07:00,0.476762142,0.277552918,0.645479015
13/02/2015 08:00,0.607822392,0.464534764,0.633850601
13/02/2015 09:00,0.682349226,0.55905188,0.568545881
13/02/2015 10:00,0.701516121,0.621398087,0.458634076
13/02/2015 11:00,0.65971622,0.602993394,0.310314566
13/02/2015 12:00,0.565168401,0.554216623,0.153391543
13/02/2015 13:00,0.409845469,0.451737996,0.000360497
13/02/2015 14:00,0.253327502,0.330212343,0
13/02/2015 15:00,0.009220168,0.0972479,0
13/02/2015 16:00,0,0,0
13/02/2015 17:00,0,0,0
13/02/2015 18:00,0,0,0
13/02/2015 19:00,0,0,0
13/02/2015 20:00,0,0,0
13/02/2015 21:00,0,0,0
13/02/2015 22:00,0,0,0
13/02/2015 23:00,0,0,0
14/02/2015 00:00,0,0,0
14/02/2015 01:00,0,0,0.002436739
14/02/2015 02:00,0,0,0.045659226
14/02/2015 03:00,2.01E-05,0,0.191140751
14/02/2015 04:00,0.010972655,1.97E-05,0.372836453
14/02/2015 05:00,0.122316609,0.010652502,0.524597856
14/02/2015 06:00,0.31817178,0.122811924,0.622894279
14/02/2015 07:00,0.517273783,0.298846713,0.658234516
14/02/2015 08:00,0.661546818,0.469879101,0.64899335
14/02/2015 09:00,0.749247162,0.593513335,0.589440453
14/02/2015 10:00,0.773192281,0.643473358,0.483211593
14/02/2015 11:00,0.734495119,0.602127676,0.332665656
14/02/2015 12:00,0.635160146,0.510641789,0.172833628
14/02/2015 13:00,0.473109299,0.416630793,0.000369471
14/02/2015 14:00,0.30275482,0.274460922,0
14/02/2015 15:00,0.009350424,0.081483303,0
14/02/2015 16:00,0,0,0
14/02/2015 17:00,0,0,0
14/02/2015 18:00,0,0,0
14/02/2015 19:00,0,0,0
14/02/2015 20:00,0,0,0
14/02/2015 21:00,0,0,0
14/02/2015 22:00,0,0,0
14/02/2015 23:00,0,0,0
15/02/2015 00:00,0,0,0
15/02/2015 01:00,0,0,0.002413545
15/02/2015 02:00,0,0,0.048913571
15/02/2015 03:00,2.14E-05,0,0.204799524
15/02/2015 04:00,0.01145564,2.06E-05,0.391162564
15/02/2015 05:00,0.123470808,0.008918123,0.537246125
15/02/2015 06:00,0.311684057,0.101519201,0.632741863
15/02/2015 07:00,0.490139824,0.262113189,0.676648359
15/02/2015 08:00,0.615059832,0.417978887,0.670535015
15/02/2015 09:00,0.69524101,0.512882479,0.612358186
15/02/2015 10:00,0.705744823,0.531804116,0.503956989
15/02/2015 11:00,0.653327267,0.532273659,0.358544695
15/02/2015 12:00,0.540688555,0.456895665,0.175680169
15/02/2015 13:00,0.373768379,0.339540393,0.000368872
15/02/2015 14:00,0.224060121,0.241876207,0
15/02/2015 15:00,0.006062467,0.06432207,0
15/02/2015 16:00,0,0,0
15/02/2015 17:00,0,0,0
15/02/2015 18:00,0,0,0
15/02/2015 19:00,0,0,0
15/02/2015 20:00,0,0,0
15/02/2015 21:00,0,0,0
15/02/2015 22:00,0,0,0
15/02/2015 23:00,0,0,0
16/02/2015 00:00,0,0,0
16/02/2015 01:00,0,0,0.003390957
16/02/2015 02:00,0,0,0.057005814
16/02/2015 03:00,2.28E-05,0,0.220204974
16/02/2015 04:00,0.011534159,2.21E-05,0.410991598
16/02/2015 05:00,0.110096998,0.012712503,0.557977424
16/02/2015 06:00,0.271421314,0.129771317,0.655292687
16/02/2015 07:00,0.434996985,0.310011666,0.70080573
16/02/2015 08:00,0.549431705,0.471315897,0.689110285
16/02/2015 09:00,0.615179046,0.584672506,0.627800904
16/02/2015 10:00,0.624589386,0.646161306,0.512762616
16/02/2015 11:00,0.57445921,0.623685658,0.359862749
16/02/2015 12:00,0.485642375,0.53977891,0.174091931
16/02/2015 13:00,0.34826876,0.426459386,0.000349633
16/02/2015 14:00,0.210193377,0.281415262,0
16/02/2015 15:00,0.006078734,0.077825623,0
16/02/2015 16:00,0,0,0
16/02/2015 17:00,0,0,0
16/02/2015 18:00,0,0,0
16/02/2015 19:00,0,0,0
16/02/2015 20:00,0,0,0
16/02/2015 21:00,0,0,0
16/02/2015 22:00,0,0,0
16/02/2015 23:00,0,0,0
17/02/2015 00:00,0,0,0
17/02/2015 01:00,0,0,0.00338379
17/02/2015 02:00,0,0,0.055441192
17/02/2015 03:00,2.42E-05,0,0.215590071
17/02/2015 04:00,0.01250292,2.29E-05,0.407139737
17/02/2015 05:00,0.11922649,0.006642785,0.551485599
17/02/2015 06:00,0.29469811,0.087034415,0.647585714
17/02/2015 07:00,0.46900387,0.242023549,0.6881824
17/02/2015 08:00,0.59422069,0.391797813,0.675281277
17/02/2015 09:00,0.667262076,0.505252568,0.623648492
17/02/2015 10:00,0.686022953,0.560424136,0.514290269
17/02/2015 11:00,0.649798564,0.549906925,0.360934274
17/02/2015 12:00,0.55356068,0.47549928,0.193313561
17/02/2015 13:00,0.4090764,0.375790514,0.000343503
17/02/2015 14:00,0.24251873,0.263841047,0
17/02/2015 15:00,0.009953814,0.109908187,0
17/02/2015 16:00,0,0,0
17/02/2015 17:00,0,0,0
17/02/2015 18:00,0,0,0
17/02/2015 19:00,0,0,0
17/02/2015 20:00,0,0,0
17/02/2015 21:00,0,0,0
17/02/2015 22:00,0,0,0
17/02/2015 23:00,0,0,0
18/02/2015 00:00,0,0,0
18/02/2015 01:00,0,0,0.003143179
18/02/2015 02:00,0,0,0.055428859
18/02/2015 03:00,2.57E-05,0,0.215407281
18/02/2015 04:00,0.012259243,2.43E-05,0.406420517
18/02/2015 05:00,0.126481835,0.005370303,0.54840013
18/02/2015 06:00,0.328694775,0.08405589,0.644283143
18/02/2015 07:00,0.534648142,0.239836261,0.690885799
18/02/2015 08:00,0.67996625,0.400963113,0.677781751
18/02/2015 09:00,0.768037721,0.524615853,0.619061826
18/02/2015 10:00,0.787492655,0.607983222,0.50605662
18/02/2015 11:00,0.747266076,0.627151956,0.359657525
18/02/2015 12:00,0.638835845,0.602897342,0.188212668
18/02/2015 13:00,0.473418295,0.519199809,0.000318984
18/02/2015 14:00,0.300200039,0.37836694,0
18/02/2015 15:00,0.009528871,0.151804984,0
18/02/2015 16:00,0,0,0
18/02/2015 17:00,0,0,0
18/02/2015 18:00,0,0,0
18/02/2015 19:00,0,0,0
18/02/2015 20:00,0,0,0
18/02/2015 21:00,0,0,0
18/02/2015 22:00,0,0,0
18/02/2015 23:00,0,0,0
19/02/2015 00:00,0,0,0
19/02/2015 01:00,0,0,0.003509129
19/02/2015 02:00,0,0,0.055755002
19/02/2015 03:00,2.79E-05,0,0.212419548
19/02/2015 04:00,0.013407053,2.71E-05,0.400948051
19/02/2015 05:00,0.137410938,0.016131383,0.544357618
19/02/2015 06:00,0.341688046,0.146701779,0.641008201
19/02/2015 07:00,0.536398711,0.334262951,0.684139313
19/02/2015 08:00,0.679206755,0.507919169,0.660783488
19/02/2015 09:00,0.764885222,0.642748756,0.606051423
19/02/2015 10:00,0.786200884,0.706233113,0.492545091
19/02/2015 11:00,0.74595343,0.705393981,0.342377013
19/02/2015 12:00,0.640684007,0.63071472,0.164866365
19/02/2015 13:00,0.473435125,0.502846917,0.000285711
19/02/2015 14:00,0.289340278,0.323446103,0
19/02/2015 15:00,0.008542547,0.091824637,0
19/02/2015 16:00,0,0,0
19/02/2015 17:00,0,0,0
19/02/2015 18:00,0,0,0
19/02/2015 19:00,0,0,0
19/02/2015 20:00,0,0,0
19/02/2015 21:00,0,0,0
19/02/2015 22:00,0,0,0
19/02/2015 23:00,0,0,0
20/02/2015 00:00,0,0,0
20/02/2015 01:00,0,0,0.003743926
20/02/2015 02:00,0,0,0.056183804
20/02/2015 03:00,3.01E-05,0,0.217268086
20/02/2015 04:00,0.013653093,3.14E-05,0.404769184
20/02/2015 05:00,0.12536167,0.011370523,0.550003993
20/02/2015 06:00,0.302096203,0.097695607,0.642882635
20/02/2015 07:00,0.476112129,0.253885354,0.680552813
20/02/2015 08:00,0.590744846,0.39634117,0.665074938
20/02/2015 09:00,0.663678619,0.49760704,0.594158827
20/02/2015 10:00,0.66606892,0.552498426,0.487928487
20/02/2015 11:00,0.615399835,0.48432681,0.332928207
20/02/2015 12:00,0.514324592,0.421868463,0.174120033
20/02/2015 13:00,0.365481191,0.305520093,0.000509745
20/02/2015 14:00,0.201762013,0.198486605,0
20/02/2015 15:00,0.009143067,0.059105061,0
20/02/2015 16:00,0,0,0
20/02/2015 17:00,0,0,0
20/02/2015 18:00,0,0,0
20/02/2015 19:00,0,0,0
20/02/2015 20:00,0,0,0
20/02/2015 21:00,0,0,0
20/02/2015 22:00,0,0,0
20/02/2015 23:00,0,0,0
21/02/2015 00:00,0,0,0
21/02/2015 01:00,0,0,0.004025597
21/02/2015 02:00,0,0,0.060393367
21/02/2015 03:00,3.27E-05,0,0.223215621
21/02/2015 04:00,0.013983226,3.50E-05,0.40951082
21/02/2015 05:00,0.128714887,0.009826653,0.55251005
21/02/2015 06:00,0.315544103,0.087902444,0.649522857
21/02/2015 07:00,0.495538205,0.231663613,0.687922609
21/02/2015 08:00,0.624798472,0.375786273,0.673991414
21/02/2015 09:00,0.688878052,0.478274183,0.609723756
21/02/2015 10:00,0.700632985,0.482953091,0.495568022
21/02/2015 11:00,0.653557102,0.480901424,0.344459288
21/02/2015 12:00,0.551475649,0.434692448,0.167228931
21/02/2015 13:00,0.398787839,0.333611822,0.000187935
21/02/2015 14:00,0.223111141,0.229417496,0
21/02/2015 15:00,0.010246954,0.078709128,0
21/02/2015 16:00,0,0,0
21/02/2015 17:00,0,0,0
21/02/2015 18:00,0,0,0
21/02/2015 19:00,0,0,0
21/02/2015 20:00,0,0,0
21/02/2015 21:00,0,0,0
21/02/2015 22:00,0,0,0
21/02/2015 23:00,0,0,0
22/02/2015 00:00,0,0,0
22/02/2015 01:00,0,0,0.003996388
22/02/2015 02:00,0,0,0.058174672
22/02/2015 03:00,3.47E-05,0,0.220912727
22/02/2015 04:00,0.01251679,3.68E-05,0.405205206
22/02/2015 05:00,0.11807951,0.015367863,0.547266263
22/02/2015 06:00,0.297790655,0.126056574,0.63911722
22/02/2015 07:00,0.484835783,0.328914765,0.673081405
22/02/2015 08:00,0.625398981,0.510225342,0.65419182
22/02/2015 09:00,0.716591849,0.632478993,0.593047645
22/02/2015 10:00,0.740136353,0.638183913,0.482660094
22/02/2015 11:00,0.702761269,0.575919805,0.329690528
22/02/2015 12:00,0.601590857,0.511754856,0.164953208
22/02/2015 13:00,0.437999669,0.401800269,0.000341624
22/02/2015 14:00,0.250196672,0.281550832,0
22/02/2015 15:00,0.008048525,0.093252195,0
22/02/2015 16:00,0,0,0
22/02/2015 17:00,0,0,0
22/02/2015 18:00,0,0,0
22/02/2015 19:00,0,0,0
22/02/2015 20:00,0,0,0
22/02/2015 21:00,0,0,0
22/02/2015 22:00,0,0,0
22/02/2015 23:00,0,0,0
23/02/2015 00:00,0,0,0
23/02/2015 01:00,0,0,0.003723245
23/02/2015 02:00,0,0,0.055557318
23/02/2015 03:00,3.74E-05,0,0.210794513
23/02/2015 04:00,0.014250003,4.65E-05,0.389514243
23/02/2015 05:00,0.115051947,0.020638563,0.529062125
23/02/2015 06:00,0.263109859,0.148267492,0.620205748
23/02/2015 07:00,0.404589855,0.335254416,0.657139063
23/02/2015 08:00,0.52588708,0.522499236,0.637965154
23/02/2015 09:00,0.604227193,0.64906715,0.579609568
23/02/2015 10:00,0.618977921,0.687608837,0.471439423
23/02/2015 11:00,0.574958438,0.643840847,0.314933632
23/02/2015 12:00,0.489726145,0.546949339,0.154551747
23/02/2015 13:00,0.344420866,0.428349247,0.000621059
23/02/2015 14:00,0.192372966,0.282607755,0
23/02/2015 15:00,0.01001746,0.089327438,0
23/02/2015 16:00,0,0,0
23/02/2015 17:00,0,0,0
23/02/2015 18:00,0,0,0
23/02/2015 19:00,0,0,0
23/02/2015 20:00,0,0,0
23/02/2015 21:00,0,0,0
23/02/2015 22:00,0,0,0
23/02/2015 23:00,0,0,0
24/02/2015 00:00,0,0,0
24/02/2015 01:00,0,0,0.003143099
24/02/2015 02:00,0,0,0.052705371
24/02/2015 03:00,4.06E-05,0,0.212664308
24/02/2015 04:00,0.0131179,5.32E-05,0.392388341
24/02/2015 05:00,0.101403715,0.021061664,0.531657751
24/02/2015 06:00,0.247175805,0.142640423,0.622211697
24/02/2015 07:00,0.393554819,0.329902644,0.662313155
24/02/2015 08:00,0.512150194,0.501352742,0.648547576
24/02/2015 09:00,0.603038158,0.626225641,0.585536474
24/02/2015 10:00,0.614374577,0.680837244,0.474006925
24/02/2015 11:00,0.571984863,0.65828097,0.320019115
24/02/2015 12:00,0.478698274,0.568642725,0.15720911
24/02/2015 13:00,0.345146501,0.422147254,0.000576919
24/02/2015 14:00,0.19052545,0.284104137,0
24/02/2015 15:00,0.010990236,0.084301311,0
24/02/2015 16:00,0,0,0
24/02/2015 17:00,0,0,0
24/02/2015 18:00,0,0,0
24/02/2015 19:00,0,0,0
24/02/2015 20:00,0,0,0
24/02/2015 21:00,0,0,0
24/02/2015 22:00,0,0,0
24/02/2015 23:00,0,0,0
25/02/2015 00:00,0,0,0
25/02/2015 01:00,0,0,0.004390349
25/02/2015 02:00,0,0,0.058528846
25/02/2015 03:00,4.36E-05,0,0.219846387
25/02/2015 04:00,0.010889963,6.61E-05,0.400971956
25/02/2015 05:00,0.119283376,0.013392242,0.541031848
25/02/2015 06:00,0.307385638,0.079917723,0.637381235
25/02/2015 07:00,0.500535699,0.191902898,0.672422414
25/02/2015 08:00,0.645193084,0.30527455,0.655953304
25/02/2015 09:00,0.732142414,0.390366727,0.599685589
25/02/2015 10:00,0.74428354,0.408344182,0.480301192
25/02/2015 11:00,0.697232452,0.429166687,0.32989555
25/02/2015 12:00,0.601666781,0.41887071,0.171880376
25/02/2015 13:00,0.442689837,0.33262732,0.000113888
25/02/2015 14:00,0.253526135,0.258094603,0
25/02/2015 15:00,0.008588448,0.097730381,0
25/02/2015 16:00,0,0,0
25/02/2015 17:00,0,0,0
25/02/2015 18:00,0,0,0
25/02/2015 19:00,0,0,0
25/02/2015 20:00,0,0,0
25/02/2015 21:00,0,0,0
25/02/2015 22:00,0,0,0
25/02/2015 23:00,0,0,0
26/02/2015 00:00,0,0,0
26/02/2015 01:00,0,0,0.003511254
26/02/2015 02:00,0,0,0.054715231
26/02/2015 03:00,5.00E-05,0,0.213158737
26/02/2015 04:00,0.015181756,6.25E-05,0.390741629
26/02/2015 05:00,0.123096167,0.013553187,0.52866383
26/02/2015 06:00,0.297693464,0.09601516,0.618138499
26/02/2015 07:00,0.467322886,0.261642011,0.649193207
26/02/2015 08:00,0.606747437,0.400461767,0.630070994
26/02/2015 09:00,0.683553696,0.468743717,0.577055316
26/02/2015 10:00,0.709973034,0.474258944,0.4738896
26/02/2015 11:00,0.665028311,0.407248364,0.32187119
26/02/2015 12:00,0.556637521,0.315414449,0.165623967
26/02/2015 13:00,0.395472344,0.218859695,0.000840395
26/02/2015 14:00,0.213457724,0.149271478,0
26/02/2015 15:00,0.009248536,0.049095181,0
26/02/2015 16:00,0,0,0
26/02/2015 17:00,0,0,0
26/02/2015 18:00,0,0,0
26/02/2015 19:00,0,0,0
26/02/2015 20:00,0,0,0
26/02/2015 21:00,0,0,0
26/02/2015 22:00,0,0,0
26/02/2015 23:00,0,0,0
27/02/2015 00:00,0,0,0
27/02/2015 01:00,0,0,0.004858011
27/02/2015 02:00,0,0,0.063963729
27/02/2015 03:00,5.51E-05,0,0.231130365
27/02/2015 04:00,0.014866722,6.93E-05,0.416143742
27/02/2015 05:00,0.137573212,0.013750987,0.554860829
27/02/2015 06:00,0.327169707,0.09827852,0.637222013
27/02/2015 07:00,0.516120308,0.272461399,0.666396768
27/02/2015 08:00,0.65256939,0.41446715,0.651515217
27/02/2015 09:00,0.731172774,0.514535242,0.59918535
27/02/2015 10:00,0.748662293,0.572046264,0.490582591
27/02/2015 11:00,0.704049485,0.582418444,0.337226776
27/02/2015 12:00,0.591224101,0.545800348,0.167671963
27/02/2015 13:00,0.42336714,0.431797346,0.000140533
27/02/2015 14:00,0.234976937,0.292308623,0
27/02/2015 15:00,0.008937104,0.109648292,0
27/02/2015 16:00,0,0,0
27/02/2015 17:00,0,0,0
27/02/2015 18:00,0,0,0
27/02/2015 19:00,0,0,0
27/02/2015 20:00,0,0,0
27/02/2015 21:00,0,0,0
27/02/2015 22:00,0,0,0
27/02/2015 23:00,0,0,0
28/02/2015 00:00,0,0,0
28/02/2015 01:00,0,0,0.005411024
28/02/2015 02:00,0,0,0.066446813
28/02/2015 03:00,6.11E-05,0,0.228760291
28/02/2015 04:00,0.017165604,9.67E-05,0.409508893
28/02/2015 05:00,0.143731166,0.019257587,0.54337353
28/02/2015 06:00,0.339379967,0.115524737,0.630888179
28/02/2015 07:00,0.531340011,0.267323178,0.664719736
28/02/2015 08:00,0.670397578,0.399666491,0.647842241
28/02/2015 09:00,0.749878391,0.502265878,0.588432497
28/02/2015 10:00,0.763226079,0.511287482,0.473360176
28/02/2015 11:00,0.71601702,0.470633783,0.322104041
28/02/2015 12:00,0.60333766,0.406274282,0.151360782
28/02/2015 13:00,0.434315393,0.318731086,0.000771878
28/02/2015 14:00,0.242566822,0.211902386,0
28/02/2015 15:00,0.009309179,0.075727662,0
28/02/2015 16:00,0,0,0
28/02/2015 17:00,0,0,0
28/02/2015 18:00,0,0,0
28/02/2015 19:00,0,0,0
28/02/2015 20:00,0,0,0
28/02/2015 21:00,0,0,0
28/02/2015 22:00,0,0,0
28/02/2015 23:00,0,0,0
01/03/2015 00:00,0,0,0
01/03/2015 01:00,0,0,0.004769858
01/03/2015 02:00,0,0,0.059860419
01/03/2015 03:00,4.26E-05,0,0.215697876
01/03/2015 04:00,0.01422238,8.82E-05,0.391673649
01/03/2015 05:00,0.119950905,0.015210589,0.530905829
01/03/2015 06:00,0.294070802,0.102846994,0.615617407
01/03/2015 07:00,0.483681919,0.250501807,0.659969674
01/03/2015 08:00,0.618256396,0.374956594,0.647637515
01/03/2015 09:00,0.699826499,0.479363231,0.583416243
01/03/2015 10:00,0.698646099,0.561901821,0.476738253
01/03/2015 11:00,0.649954197,0.576079854,0.316555704
01/03/2015 12:00,0.551512723,0.539457851,0.141426326
01/03/2015 13:00,0.400835504,0.467635862,0.000261732
01/03/2015 14:00,0.212780571,0.330192936,0
01/03/2015 15:00,0.008958511,0.157799311,0
01/03/2015 16:00,0,3.80E-05,0
01/03/2015 17:00,0,0,0
01/03/2015 18:00,0,0,0
01/03/2015 19:00,0,0,0
01/03/2015 20:00,0,0,0
01/03/2015 21:00,0,0,0
01/03/2015 22:00,0,0,0
01/03/2015 23:00,0,0,0
02/03/2015 00:00,0,0,2.07E-09
02/03/2015 01:00,0,0,0.00502297
02/03/2015 02:00,0,0,0.062189459
02/03/2015 03:00,4.24E-05,0,0.226079914
02/03/2015 04:00,0.013227492,7.89E-05,0.402058727
02/03/2015 05:00,0.12131548,0.02594212,0.533000173
02/03/2015 06:00,0.296417648,0.157074582,0.623135088
02/03/2015 07:00,0.476233875,0.332593024,0.661431322
02/03/2015 08:00,0.611957734,0.493677476,0.65488838
02/03/2015 09:00,0.695788277,0.612435991,0.593315173
02/03/2015 10:00,0.717718151,0.6529731,0.48200758
02/03/2015 11:00,0.683373349,0.668594099,0.324006598
02/03/2015 12:00,0.587790791,0.590132134,0.166135644
02/03/2015 13:00,0.430175349,0.456309553,0.000172493
02/03/2015 14:00,0.235418128,0.277300434,0
02/03/2015 15:00,0.008503623,0.084412999,0
02/03/2015 16:00,0,0.000229757,0
02/03/2015 17:00,0,0,0
02/03/2015 18:00,0,0,0
02/03/2015 19:00,0,0,0
02/03/2015 20:00,0,0,0
02/03/2015 21:00,0,0,0
02/03/2015 22:00,0,0,0
02/03/2015 23:00,0,0,0
03/03/2015 00:00,0,0,4.66E-09
03/03/2015 01:00,0,0,0.005164813
03/03/2015 02:00,0,0,0.0647325
03/03/2015 03:00,5.78E-05,0,0.222825668
03/03/2015 04:00,0.020440247,0.000128602,0.402295143
03/03/2015 05:00,0.157603319,0.017849592,0.534517052
03/03/2015 06:00,0.358805161,0.118972711,0.62120592
03/03/2015 07:00,0.554093688,0.280099392,0.656615103
03/03/2015 08:00,0.69398624,0.427481061,0.640937924
03/03/2015 09:00,0.773249774,0.531306799,0.582704711
03/03/2015 10:00,0.782055489,0.581787472,0.470282278
03/03/2015 11:00,0.730808396,0.573356037,0.313645448
03/03/2015 12:00,0.62082384,0.473904973,0.15184981
03/03/2015 13:00,0.452346209,0.387207972,0.000557068
03/03/2015 14:00,0.247675692,0.251134175,0
03/03/2015 15:00,0.008299027,0.107998297,0
03/03/2015 16:00,0,0.000406756,0
03/03/2015 17:00,0,0,0
03/03/2015 18:00,0,0,0
03/03/2015 19:00,0,0,0
03/03/2015 20:00,0,0,0
03/03/2015 21:00,0,0,0
03/03/2015 22:00,0,0,0
03/03/2015 23:00,0,0,0
04/03/2015 00:00,0,0,9.26E-09
04/03/2015 01:00,0,0,0.004966487
04/03/2015 02:00,0,0,0.062565196
04/03/2015 03:00,7.53E-05,0,0.215839925
04/03/2015 04:00,0.022185094,0.000105432,0.392580088
04/03/2015 05:00,0.162543258,0.017032395,0.528078973
04/03/2015 06:00,0.367049001,0.091165552,0.620811297
04/03/2015 07:00,0.554928552,0.210792535,0.651670138
04/03/2015 08:00,0.692234244,0.352388496,0.63430524
04/03/2015 09:00,0.764291681,0.475230137,0.574282385
04/03/2015 10:00,0.760870775,0.520971716,0.458019847
04/03/2015 11:00,0.712090178,0.514909798,0.310248516
04/03/2015 12:00,0.615250272,0.463849378,0.13614311
04/03/2015 13:00,0.445180648,0.382215707,0.00023641
04/03/2015 14:00,0.240260897,0.251240122,0
04/03/2015 15:00,0.00838885,0.10273165,0
04/03/2015 16:00,0,0.00051375,0
04/03/2015 17:00,0,0,0
04/03/2015 18:00,0,0,0
04/03/2015 19:00,0,0,0
04/03/2015 20:00,0,0,0
04/03/2015 21:00,0,0,0
04/03/2015 22:00,0,0,0
04/03/2015 23:00,0,0,0
05/03/2015 00:00,0,0,3.41E-08
05/03/2015 01:00,0,0,0.005902652
05/03/2015 02:00,0,0,0.065391269
05/03/2015 03:00,9.16E-05,0,0.222950007
05/03/2015 04:00,0.022799954,0.000131389,0.395586188
05/03/2015 05:00,0.159938189,0.027865685,0.537383471
05/03/2015 06:00,0.35886721,0.143014866,0.624751695
05/03/2015 07:00,0.538071926,0.317270009,0.653820728
05/03/2015 08:00,0.672189982,0.466144234,0.629112772
05/03/2015 09:00,0.749626669,0.556112306,0.572055036
05/03/2015 10:00,0.758754033,0.598849224,0.465127827
05/03/2015 11:00,0.712017562,0.58944065,0.309296652
05/03/2015 12:00,0.60837531,0.5109967,0.147319467
05/03/2015 13:00,0.443181536,0.39388297,0.000140603
05/03/2015 14:00,0.233258885,0.252812072,0
05/03/2015 15:00,0.007732223,0.094461839,0
05/03/2015 16:00,0,0.000793912,0
05/03/2015 17:00,0,0,0
05/03/2015 18:00,0,0,0
05/03/2015 19:00,0,0,0
05/03/2015 20:00,0,0,0
05/03/2015 21:00,0,0,0
05/03/2015 22:00,0,0,0
05/03/2015 23:00,0,0,0
06/03/2015 00:00,0,0,1.24E-07
06/03/2015 01:00,0,0,0.006654742
06/03/2015 02:00,0,0,0.073255705
06/03/2015 03:00,0.000103944,0,0.24443719
06/03/2015 04:00,0.023737807,0.000250446,0.428067623
06/03/2015 05:00,0.166818361,0.021275304,0.567203565
06/03/2015 06:00,0.371104366,0.100995976,0.656850188
06/03/2015 07:00,0.558868795,0.236665816,0.692732085
06/03/2015 08:00,0.693789194,0.367241777,0.661982611
06/03/2015 09:00,0.771041654,0.450960854,0.602831345
06/03/2015 10:00,0.785271482,0.508762247,0.483345631
06/03/2015 11:00,0.740820169,0.520639151,0.320073296
06/03/2015 12:00,0.633025116,0.488415373,0.149535046
06/03/2015 13:00,0.456306476,0.409974328,0.000267042
06/03/2015 14:00,0.246037104,0.280738589,0
06/03/2015 15:00,0.007242322,0.112944162,0
06/03/2015 16:00,0,0.000943305,0
06/03/2015 17:00,0,0,0
06/03/2015 18:00,0,0,0
06/03/2015 19:00,0,0,0
06/03/2015 20:00,0,0,0
06/03/2015 21:00,0,0,0
06/03/2015 22:00,0,0,0
06/03/2015 23:00,0,0,0
07/03/2015 00:00,0,0,2.52E-07
07/03/2015 01:00,0,0,0.007686625
07/03/2015 02:00,0,0,0.076347702
07/03/2015 03:00,0.000117957,0,0.245584574
07/03/2015 04:00,0.024697349,0.000277035,0.428595406
07/03/2015 05:00,0.169658507,0.033045188,0.563966618
07/03/2015 06:00,0.374062272,0.159815726,0.650421168
07/03/2015 07:00,0.564236502,0.329370896,0.690264517
07/03/2015 08:00,0.697710905,0.504836851,0.669712463
07/03/2015 09:00,0.774733512,0.642267295,0.602716606
07/03/2015 10:00,0.789850874,0.694542877,0.484871179
07/03/2015 11:00,0.745867611,0.653004185,0.32597953
07/03/2015 12:00,0.636887349,0.565844843,0.141907504
07/03/2015 13:00,0.460525003,0.445170937,0.000207116
07/03/2015 14:00,0.251115476,0.272282418,0
07/03/2015 15:00,0.007072125,0.096934186,0
07/03/2015 16:00,0,0.000908946,0
07/03/2015 17:00,0,0,0
07/03/2015 18:00,0,0,0
07/03/2015 19:00,0,0,0
07/03/2015 20:00,0,0,0
07/03/2015 21:00,0,0,0
07/03/2015 22:00,0,0,0
07/03/2015 23:00,0,0,0
08/03/2015 00:00,0,0,6.30E-07
08/03/2015 01:00,0,0,0.009002056
08/03/2015 02:00,0,0,0.080635227
08/03/2015 03:00,0.000132048,0,0.249144769
08/03/2015 04:00,0.026037383,0.000360539,0.4285267
08/03/2015 05:00,0.174843982,0.019519836,0.56688299
08/03/2015 06:00,0.380234661,0.103357694,0.654933495
08/03/2015 07:00,0.569006126,0.230109611,0.68132597
08/03/2015 08:00,0.700691445,0.369738589,0.66119701
08/03/2015 09:00,0.775824467,0.450140705,0.585090481
08/03/2015 10:00,0.789598815,0.486236695,0.468138062
08/03/2015 11:00,0.745657278,0.477686816,0.319526357
08/03/2015 12:00,0.637647337,0.422661211,0.136972276
08/03/2015 13:00,0.460515867,0.353175923,0.000193043
08/03/2015 14:00,0.248216044,0.222118192,0
08/03/2015 15:00,0.006841092,0.080946213,0
08/03/2015 16:00,0,0.001112316,0
08/03/2015 17:00,0,0,0
08/03/2015 18:00,0,0,0
08/03/2015 19:00,0,0,0
08/03/2015 20:00,0,0,0
08/03/2015 21:00,0,0,0
08/03/2015 22:00,0,0,0
08/03/2015 23:00,0,0,0
09/03/2015 00:00,0,0,1.09E-06
09/03/2015 01:00,0,0,0.009231863
09/03/2015 02:00,0,0,0.082483358
09/03/2015 03:00,0.000152813,0,0.253155847
09/03/2015 04:00,0.027249983,0.000243459,0.435287033
09/03/2015 05:00,0.177513482,0.024473452,0.572178621
09/03/2015 06:00,0.383007062,0.122733165,0.661487326
09/03/2015 07:00,0.572285125,0.277514499,0.689487567
09/03/2015 08:00,0.706267875,0.402285513,0.667243206
09/03/2015 09:00,0.783851957,0.466995208,0.583488337
09/03/2015 10:00,0.798169906,0.532434146,0.472443535
09/03/2015 11:00,0.750056025,0.550676934,0.315984275
09/03/2015 12:00,0.635065234,0.491623683,0.131732835
09/03/2015 13:00,0.455456689,0.398009778,0.000232883
09/03/2015 14:00,0.243819701,0.270496475,0
09/03/2015 15:00,0.006874179,0.101157885,0
09/03/2015 16:00,0,0.001217774,0
09/03/2015 17:00,0,0,0
09/03/2015 18:00,0,0,0
09/03/2015 19:00,0,0,0
09/03/2015 20:00,0,0,0
09/03/2015 21:00,0,0,0
09/03/2015 22:00,0,0,0
09/03/2015 23:00,0,0,0
10/03/2015 00:00,0,0,1.55E-06
10/03/2015 01:00,0,0,0.008649011
10/03/2015 02:00,0,0,0.081184031
10/03/2015 03:00,0.000174568,0,0.250799232
10/03/2015 04:00,0.02806172,0.000644819,0.430470241
10/03/2015 05:00,0.179444423,0.050377988,0.565639554
10/03/2015 06:00,0.383653633,0.223841448,0.652858764
10/03/2015 07:00,0.572918822,0.448527549,0.682230175
10/03/2015 08:00,0.707306351,0.657668063,0.653094751
10/03/2015 09:00,0.784681497,0.792270255,0.590020013
10/03/2015 10:00,0.7987892,0.840001849,0.464502795
10/03/2015 11:00,0.752137945,0.846355388,0.312536821
10/03/2015 12:00,0.639580758,0.774405738,0.128390574
10/03/2015 13:00,0.458403686,0.629107896,0.000215627
10/03/2015 14:00,0.241697384,0.404791149,0
10/03/2015 15:00,0.006788303,0.152177451,0
10/03/2015 16:00,0,0.001098786,0
10/03/2015 17:00,0,0,0
10/03/2015 18:00,0,0,0
10/03/2015 19:00,0,0,0
10/03/2015 20:00,0,0,0
10/03/2015 21:00,0,0,0
10/03/2015 22:00,0,0,0
10/03/2015 23:00,0,0,0
11/03/2015 00:00,0,0,2.46E-06
11/03/2015 01:00,0,0,0.008833413
11/03/2015 02:00,0,0,0.079549078
11/03/2015 03:00,0.000192368,0,0.248510711
11/03/2015 04:00,0.02889363,0.000667347,0.427651816
11/03/2015 05:00,0.180485641,0.04676436,0.56215496
11/03/2015 06:00,0.384641776,0.219293923,0.650710609
11/03/2015 07:00,0.566645108,0.421870924,0.674647657
11/03/2015 08:00,0.697541773,0.609020289,0.651591885
11/03/2015 09:00,0.771621023,0.730200954,0.581256471
11/03/2015 10:00,0.779030128,0.783081514,0.468657587
11/03/2015 11:00,0.72440342,0.761655366,0.309088154
11/03/2015 12:00,0.617838427,0.66836664,0.135770304
11/03/2015 13:00,0.440387254,0.515164735,0.000294368
11/03/2015 14:00,0.226800501,0.326098682,0
11/03/2015 15:00,0.007008291,0.131079117,0
11/03/2015 16:00,0,0.000821367,0
11/03/2015 17:00,0,0,0
11/03/2015 18:00,0,0,0
11/03/2015 19:00,0,0,0
11/03/2015 20:00,0,0,0
11/03/2015 21:00,0,0,0
11/03/2015 22:00,0,0,0
11/03/2015 23:00,0,0,0
12/03/2015 00:00,0,0,3.91E-06
12/03/2015 01:00,0,0,0.0091957
12/03/2015 02:00,0,0,0.079334286
12/03/2015 03:00,0.000217667,0,0.243196045
12/03/2015 04:00,0.028846973,0.000985178,0.422964507
12/03/2015 05:00,0.178968119,0.05854302,0.554639234
12/03/2015 06:00,0.383359782,0.257899655,0.639305274
12/03/2015 07:00,0.571855307,0.502168081,0.672935937
12/03/2015 08:00,0.7070004,0.705795649,0.649459402
12/03/2015 09:00,0.781633758,0.833989059,0.578636012
12/03/2015 10:00,0.792536338,0.862130403,0.468152497
12/03/2015 11:00,0.742430793,0.816347557,0.300651094
12/03/2015 12:00,0.629961513,0.717162283,0.134039027
12/03/2015 13:00,0.452295477,0.557941293,0.000229356
12/03/2015 14:00,0.230703005,0.358885076,0
12/03/2015 15:00,0.006588906,0.130713216,0
12/03/2015 16:00,0,0.001395918,0
12/03/2015 17:00,0,0,0
12/03/2015 18:00,0,0,0
12/03/2015 19:00,0,0,0
12/03/2015 20:00,0,0,0
12/03/2015 21:00,0,0,0
12/03/2015 22:00,0,0,0
12/03/2015 23:00,0,0,0
13/03/2015 00:00,0,0,5.42E-06
13/03/2015 01:00,0,0,0.00906868
13/03/2015 02:00,0,0,0.079268833
13/03/2015 03:00,0.000240286,0,0.241335496
13/03/2015 04:00,0.030255681,0.001213803,0.412962226
13/03/2015 05:00,0.183392796,0.053518187,0.541812591
13/03/2015 06:00,0.38917785,0.204796747,0.624252121
13/03/2015 07:00,0.57728108,0.40486537,0.659693123
13/03/2015 08:00,0.71030247,0.56516038,0.635659465
13/03/2015 09:00,0.783744182,0.655867455,0.561835548
13/03/2015 10:00,0.794528152,0.69719431,0.448935846
13/03/2015 11:00,0.746065266,0.651360243,0.281737615
13/03/2015 12:00,0.633373774,0.594140053,0.119292175
13/03/2015 13:00,0.452686467,0.459672125,0.000416245
13/03/2015 14:00,0.229602484,0.290084552,0
13/03/2015 15:00,0.006517916,0.098894621,0
13/03/2015 16:00,0,0.001553611,0
13/03/2015 17:00,0,0,0
13/03/2015 18:00,0,0,0
13/03/2015 19:00,0,0,0
13/03/2015 20:00,0,0,0
13/03/2015 21:00,0,0,0
13/03/2015 22:00,0,0,0
13/03/2015 23:00,0,0,0
14/03/2015 00:00,0,0,8.68E-06
14/03/2015 01:00,0,0,0.010521374
14/03/2015 02:00,0,0,0.082410922
14/03/2015 03:00,0.00028021,0,0.234269641
14/03/2015 04:00,0.031979638,0.000875878,0.384027091
14/03/2015 05:00,0.1865314,0.039754392,0.492553969
14/03/2015 06:00,0.392261511,0.172452089,0.562109893
14/03/2015 07:00,0.580116396,0.345858887,0.602597636
14/03/2015 08:00,0.711883623,0.509340828,0.588278627
14/03/2015 09:00,0.786515216,0.609272417,0.519218205
14/03/2015 10:00,0.796934075,0.668461275,0.405768083
14/03/2015 11:00,0.747345077,0.646894098,0.256771963
14/03/2015 12:00,0.632222683,0.585122932,0.091439943
14/03/2015 13:00,0.449754235,0.468454471,0.000511323
14/03/2015 14:00,0.224353566,0.292687593,0
14/03/2015 15:00,0.006381487,0.095460722,0
14/03/2015 16:00,0,0.001760472,0
14/03/2015 17:00,0,0,0
14/03/2015 18:00,0,0,0
14/03/2015 19:00,0,0,0
14/03/2015 20:00,0,0,0
14/03/2015 21:00,0,0,0
14/03/2015 22:00,0,0,0
14/03/2015 23:00,0,0,0
15/03/2015 00:00,0,0,1.16E-05
15/03/2015 01:00,0,0,0.009448116
15/03/2015 02:00,0,0,0.070593581
15/03/2015 03:00,0.000340103,0,0.20606249
15/03/2015 04:00,0.033590781,0.001156055,0.342143391
15/03/2015 05:00,0.188871495,0.054247912,0.452387792
15/03/2015 06:00,0.392570937,0.195272668,0.516409904
15/03/2015 07:00,0.577540319,0.3891686,0.575204086
15/03/2015 08:00,0.706489931,0.539566604,0.547499628
15/03/2015 09:00,0.778433425,0.594766675,0.479934529
15/03/2015 10:00,0.785164513,0.62865205,0.362926849
15/03/2015 11:00,0.727001797,0.604945025,0.226557914
15/03/2015 12:00,0.612409763,0.538059035,0.092074781
15/03/2015 13:00,0.433213547,0.415438752,0.000669056
15/03/2015 14:00,0.208704785,0.260242336,0
15/03/2015 15:00,0.006528293,0.080497061,0
15/03/2015 16:00,0,0.002371041,0
15/03/2015 17:00,0,0,0
15/03/2015 18:00,0,0,0
15/03/2015 19:00,0,0,0
15/03/2015 20:00,0,0,0
15/03/2015 21:00,0,0,0
15/03/2015 22:00,0,0,0
15/03/2015 23:00,0,0,0
16/03/2015 00:00,0,0,6.75E-06
16/03/2015 01:00,0,0,0.007075453
16/03/2015 02:00,0,0,0.060215743
16/03/2015 03:00,0.000375805,0,0.195172589
16/03/2015 04:00,0.0326417,0.001038936,0.349377162
16/03/2015 05:00,0.175985817,0.042314203,0.469920569
16/03/2015 06:00,0.364854204,0.169523753,0.549322497
16/03/2015 07:00,0.535235118,0.354309182,0.558962292
16/03/2015 08:00,0.653440775,0.481932498,0.527258994
16/03/2015 09:00,0.725307996,0.605237845,0.453788016
16/03/2015 10:00,0.728504665,0.682916315,0.358559292
16/03/2015 11:00,0.676261134,0.67671955,0.228950409
16/03/2015 12:00,0.565186829,0.620552093,0.089695544
16/03/2015 13:00,0.398235289,0.492815073,0.000532171
16/03/2015 14:00,0.190135799,0.293809845,0
16/03/2015 15:00,0.007189742,0.101908639,0
16/03/2015 16:00,0,0.002411986,0
16/03/2015 17:00,0,0,0
16/03/2015 18:00,0,0,0
16/03/2015 19:00,0,0,0
16/03/2015 20:00,0,0,0
16/03/2015 21:00,0,0,0
16/03/2015 22:00,0,0,0
16/03/2015 23:00,0,0,0
17/03/2015 00:00,0,0,1.18E-05
17/03/2015 01:00,0,0,0.006966111
17/03/2015 02:00,0,0,0.067996182
17/03/2015 03:00,0.000374104,0,0.213751438
17/03/2015 04:00,0.032764021,0.001761118,0.372133389
17/03/2015 05:00,0.185808458,0.060744594,0.494594299
17/03/2015 06:00,0.389786955,0.228095244,0.587365611
17/03/2015 07:00,0.571793893,0.47161621,0.611095202
17/03/2015 08:00,0.699976999,0.680668024,0.594513522
17/03/2015 09:00,0.769443658,0.818394229,0.533142897
17/03/2015 10:00,0.777913122,0.892043389,0.418314441
17/03/2015 11:00,0.729271962,0.872070654,0.264379309
17/03/2015 12:00,0.620817226,0.765582359,0.106904399
17/03/2015 13:00,0.440820182,0.587307647,0.000293466
17/03/2015 14:00,0.214514043,0.356291292,0
17/03/2015 15:00,0.006396364,0.119601169,0
17/03/2015 16:00,0,0.002705605,0
17/03/2015 17:00,0,0,0
17/03/2015 18:00,0,0,0
17/03/2015 19:00,0,0,0
17/03/2015 20:00,0,0,0
17/03/2015 21:00,0,0,0
17/03/2015 22:00,0,0,0
17/03/2015 23:00,0,0,0
18/03/2015 00:00,0,0,2.09E-05
18/03/2015 01:00,0,0,0.010707718
18/03/2015 02:00,0,0,0.085790601
18/03/2015 03:00,0.000445742,0,0.246069237
18/03/2015 04:00,0.036537196,0.002453602,0.421366102
18/03/2015 05:00,0.194150154,0.068489616,0.548121826
18/03/2015 06:00,0.397833558,0.235315815,0.61936625
18/03/2015 07:00,0.582577837,0.423754468,0.636973144
18/03/2015 08:00,0.712145424,0.575156064,0.616212914
18/03/2015 09:00,0.783688142,0.692375107,0.550062067
18/03/2015 10:00,0.786917713,0.722749631,0.429171429
18/03/2015 11:00,0.733507462,0.705043366,0.258805391
18/03/2015 12:00,0.61671485,0.631329324,0.097809589
18/03/2015 13:00,0.432249195,0.473206865,0.001120774
18/03/2015 14:00,0.209098332,0.279914826,0
18/03/2015 15:00,0.006152435,0.077003357,0
18/03/2015 16:00,0,0.003242472,0
18/03/2015 17:00,0,0,0
18/03/2015 18:00,0,0,0
18/03/2015 19:00,0,0,0
18/03/2015 20:00,0,0,0
18/03/2015 21:00,0,0,0
18/03/2015 22:00,0,0,0
18/03/2015 23:00,0,0,0
19/03/2015 00:00,0,0,4.11E-05
19/03/2015 01:00,0,0,0.013706
19/03/2015 02:00,0,0,0.095431334
19/03/2015 03:00,0.000497006,0,0.258636599
19/03/2015 04:00,0.037546952,0.002252749,0.427725241
19/03/2015 05:00,0.192765326,0.071822462,0.550833287
19/03/2015 06:00,0.391732332,0.264312573,0.635846992
19/03/2015 07:00,0.576809758,0.477168342,0.657995971
19/03/2015 08:00,0.705105303,0.639958602,0.639633086
19/03/2015 09:00,0.776910002,0.734239471,0.567204548
19/03/2015 10:00,0.78236138,0.759672814,0.441223989
19/03/2015 11:00,0.731613806,0.745827974,0.279467568
19/03/2015 12:00,0.618147772,0.662749427,0.101271413
19/03/2015 13:00,0.432546066,0.499242957,0.000481002
19/03/2015 14:00,0.202570803,0.299325584,0
19/03/2015 15:00,0.006127977,0.10065676,0
19/03/2015 16:00,0,0.002354603,0
19/03/2015 17:00,0,0,0
19/03/2015 18:00,0,0,0
19/03/2015 19:00,0,0,0
19/03/2015 20:00,0,0,0
19/03/2015 21:00,0,0,0
19/03/2015 22:00,0,0,0
19/03/2015 23:00,0,0,0
20/03/2015 00:00,0,0,5.33E-05
20/03/2015 01:00,0,0,0.014431817
20/03/2015 02:00,0,0,0.098387931
20/03/2015 03:00,0.000561251,0,0.268530919
20/03/2015 04:00,0.03888215,0.002645786,0.439427686
20/03/2015 05:00,0.195562174,0.074506485,0.566564141
20/03/2015 06:00,0.394816432,0.265408893,0.647501654
20/03/2015 07:00,0.577504333,0.478948083,0.671793937
20/03/2015 08:00,0.701387815,0.634063554,0.64266964
20/03/2015 09:00,0.771674256,0.686763095,0.577861824
20/03/2015 10:00,0.776614683,0.701246078,0.454779243
20/03/2015 11:00,0.722781805,0.671413563,0.283963899
20/03/2015 12:00,0.609540645,0.580724075,0.104314207
20/03/2015 13:00,0.425833656,0.466294678,0.00036391
20/03/2015 14:00,0.199656389,0.293881237,0
20/03/2015 15:00,0.006157169,0.097428803,0
20/03/2015 16:00,0,0.001855417,0
20/03/2015 17:00,0,0,0
20/03/2015 18:00,0,0,0
20/03/2015 19:00,0,0,0
20/03/2015 20:00,0,0,0
20/03/2015 21:00,0,0,0
20/03/2015 22:00,0,0,0
20/03/2015 23:00,0,0,0
21/03/2015 00:00,0,0,6.01E-05
21/03/2015 01:00,0,0,0.01318195
21/03/2015 02:00,0,0,0.091339559
21/03/2015 03:00,0.000636324,0,0.253639488
21/03/2015 04:00,0.040227277,0.003286254,0.426445398
21/03/2015 05:00,0.197446902,0.079127508,0.555950735
21/03/2015 06:00,0.397318954,0.278786925,0.632816478
21/03/2015 07:00,0.57550205,0.524802293,0.66804011
21/03/2015 08:00,0.701421043,0.712367338,0.63908876
21/03/2015 09:00,0.77176131,0.833052702,0.567841248
21/03/2015 10:00,0.777638414,0.897108811,0.448228264
21/03/2015 11:00,0.726686746,0.869407889,0.283696827
21/03/2015 12:00,0.604672705,0.792008381,0.110194918
21/03/2015 13:00,0.41997445,0.618530981,0.000421907
21/03/2015 14:00,0.195990367,0.370067444,0
21/03/2015 15:00,0.006204157,0.111967597,0
21/03/2015 16:00,0,0.00182841,0
21/03/2015 17:00,0,0,0
21/03/2015 18:00,0,0,0
21/03/2015 19:00,0,0,0
21/03/2015 20:00,0,0,0
21/03/2015 21:00,0,0,0
21/03/2015 22:00,0,0,0
21/03/2015 23:00,0,0,0
22/03/2015 00:00,0,0,7.42E-05
22/03/2015 01:00,0,0,0.013881737
22/03/2015 02:00,0,0,0.09313148
22/03/2015 03:00,0.000697115,0,0.262831199
22/03/2015 04:00,0.04203214,0.003823572,0.433858811
22/03/2015 05:00,0.201422416,0.06945411,0.5605064
22/03/2015 06:00,0.400988194,0.228587054,0.630594872
22/03/2015 07:00,0.582041419,0.445634044,0.665440629
22/03/2015 08:00,0.706244657,0.606936816,0.635907368
22/03/2015 09:00,0.774077338,0.70193622,0.566912354
22/03/2015 10:00,0.779370145,0.714012628,0.449928126
22/03/2015 11:00,0.722962422,0.678861292,0.281701585
22/03/2015 12:00,0.602384199,0.598110662,0.11224586
22/03/2015 13:00,0.415570692,0.459956728,0.000186709
22/03/2015 14:00,0.190323062,0.265057757,0
22/03/2015 15:00,0.006236841,0.07116791,0
22/03/2015 16:00,0,0.003940359,0
22/03/2015 17:00,0,0,0
22/03/2015 18:00,0,0,0
22/03/2015 19:00,0,0,0
22/03/2015 20:00,0,0,0
22/03/2015 21:00,0,0,0
22/03/2015 22:00,0,0,0
22/03/2015 23:00,0,0,0
23/03/2015 00:00,0,0,7.56E-05
23/03/2015 01:00,0,0,0.012536524
23/03/2015 02:00,0,0,0.094087913
23/03/2015 03:00,0.000781405,0,0.262065076
23/03/2015 04:00,0.043936113,0.002854366,0.433301766
23/03/2015 05:00,0.203608322,0.057386429,0.563232669
23/03/2015 06:00,0.396862702,0.193643943,0.643610854
23/03/2015 07:00,0.576222559,0.39878717,0.667512664
23/03/2015 08:00,0.705029775,0.542366198,0.645221373
23/03/2015 09:00,0.774453968,0.619772866,0.579896704
23/03/2015 10:00,0.780744964,0.660019486,0.462884376
23/03/2015 11:00,0.729535262,0.606763938,0.289247188
23/03/2015 12:00,0.612069852,0.525864583,0.115014792
23/03/2015 13:00,0.426048732,0.392744622,0.000169549
23/03/2015 14:00,0.194389778,0.232243343,0
23/03/2015 15:00,0.005149693,0.071037419,0
23/03/2015 16:00,0,0.00383246,0
23/03/2015 17:00,0,0,0
23/03/2015 18:00,0,0,0
23/03/2015 19:00,0,0,0
23/03/2015 20:00,0,0,0
23/03/2015 21:00,0,0,0
23/03/2015 22:00,0,0,0
23/03/2015 23:00,0,0,0
24/03/2015 00:00,0,0,8.98E-05
24/03/2015 01:00,0,0,0.012680902
24/03/2015 02:00,0,0,0.093095395
24/03/2015 03:00,0.000877449,0,0.263493812
24/03/2015 04:00,0.0456375,0.00320908,0.433790233
24/03/2015 05:00,0.205544105,0.047265492,0.560782202
24/03/2015 06:00,0.40039677,0.140746295,0.63311058
24/03/2015 07:00,0.5762539,0.233306248,0.662306904
24/03/2015 08:00,0.697581274,0.319524841,0.637779117
24/03/2015 09:00,0.76992915,0.39703661,0.571488506
24/03/2015 10:00,0.777709523,0.485378781,0.460536276
24/03/2015 11:00,0.723895456,0.464346534,0.287541924
24/03/2015 12:00,0.604480047,0.450636549,0.110655056
24/03/2015 13:00,0.415808678,0.354267364,0.000208025
24/03/2015 14:00,0.191918356,0.227092733,0
24/03/2015 15:00,0.005744441,0.07300788,0
24/03/2015 16:00,0,0.004388961,0
24/03/2015 17:00,0,0,0
24/03/2015 18:00,0,0,0
24/03/2015 19:00,0,0,0
24/03/2015 20:00,0,0,0
24/03/2015 21:00,0,0,0
24/03/2015 22:00,0,0,0
24/03/2015 23:00,0,0,0
25/03/2015 00:00,0,0,0.000129238
25/03/2015 01:00,0,0,0.015097044
25/03/2015 02:00,0,0,0.100889268
25/03/2015 03:00,0.000940279,0,0.268590713
25/03/2015 04:00,0.046893581,0.004883271,0.440803322
25/03/2015 05:00,0.206753479,0.080118888,0.566367974
25/03/2015 06:00,0.399266822,0.254457893,0.639201398
25/03/2015 07:00,0.577774005,0.461301149,0.66143023
25/03/2015 08:00,0.704911281,0.599304603,0.645037112
25/03/2015 09:00,0.7707703,0.692921556,0.573533753
25/03/2015 10:00,0.776603732,0.666477426,0.45338045
25/03/2015 11:00,0.720257509,0.610992964,0.286288392
25/03/2015 12:00,0.603902094,0.516698677,0.1079857
25/03/2015 13:00,0.420264079,0.372574033,0.000353556
25/03/2015 14:00,0.190869873,0.226711102,0
25/03/2015 15:00,0.0058798,0.069645727,0
25/03/2015 16:00,0,0.004899584,0
25/03/2015 17:00,0,0,0
25/03/2015 18:00,0,0,0
25/03/2015 19:00,0,0,0
25/03/2015 20:00,0,0,0
25/03/2015 21:00,0,0,0
25/03/2015 22:00,0,0,0
25/03/2015 23:00,0,0,0
26/03/2015 00:00,0,0,0.000129678
26/03/2015 01:00,0,0,0.013938138
26/03/2015 02:00,0,0,0.099771125
26/03/2015 03:00,0.001009671,2.12E-09,0.271527654
26/03/2015 04:00,0.048615487,0.00511733,0.443635962
26/03/2015 05:00,0.213704737,0.081829397,0.563135201
26/03/2015 06:00,0.412720742,0.262065404,0.644794512
26/03/2015 07:00,0.592744547,0.486872534,0.68042927
26/03/2015 08:00,0.718670736,0.648001539,0.654661961
26/03/2015 09:00,0.787208821,0.735860295,0.587644519
26/03/2015 10:00,0.790340669,0.751723796,0.469972153
26/03/2015 11:00,0.734716666,0.713544504,0.292342864
26/03/2015 12:00,0.612087638,0.613692303,0.117922664
26/03/2015 13:00,0.421344953,0.458934844,0.00027083
26/03/2015 14:00,0.184818507,0.276226845,0
26/03/2015 15:00,0.004647204,0.090037643,0
26/03/2015 16:00,0,0.003101639,0
26/03/2015 17:00,0,0,0
26/03/2015 18:00,0,0,0
26/03/2015 19:00,0,0,0
26/03/2015 20:00,0,0,0
26/03/2015 21:00,0,0,0
26/03/2015 22:00,0,0,0
26/03/2015 23:00,0,0,0
27/03/2015 00:00,0,0,0.000139626
27/03/2015 01:00,0,0,0.012248522
27/03/2015 02:00,0,0,0.092436714
27/03/2015 03:00,0.00110395,2.84E-07,0.255134078
27/03/2015 04:00,0.048552095,0.00564252,0.422330577
27/03/2015 05:00,0.209091204,0.095696013,0.549378636
27/03/2015 06:00,0.402803096,0.314383336,0.632219711
27/03/2015 07:00,0.568024838,0.571451812,0.670720345
27/03/2015 08:00,0.684979359,0.768365435,0.64505983
27/03/2015 09:00,0.752943976,0.878119899,0.580753017
27/03/2015 10:00,0.752337657,0.905461301,0.462887618
27/03/2015 11:00,0.691878893,0.862969273,0.28320285
27/03/2015 12:00,0.575177417,0.782018102,0.106593065
27/03/2015 13:00,0.386216981,0.590925359,0.000219289
27/03/2015 14:00,0.16653262,0.345019456,0
27/03/2015 15:00,0.005186517,0.096495812,0
27/03/2015 16:00,0,0.003529887,0
27/03/2015 17:00,0,0,0
27/03/2015 18:00,0,0,0
27/03/2015 19:00,0,0,0
27/03/2015 20:00,0,0,0
27/03/2015 21:00,0,0,0
27/03/2015 22:00,0,0,0
27/03/2015 23:00,0,0,0
28/03/2015 00:00,0,0,0.000238618
28/03/2015 01:00,0,0,0.017611414
28/03/2015 02:00,0,0,0.10842921
28/03/2015 03:00,0.001226283,4.58E-07,0.277445286
28/03/2015 04:00,0.048896756,0.00663646,0.449354982
28/03/2015 05:00,0.202125729,0.089245134,0.566427132
28/03/2015 06:00,0.382969641,0.258733747,0.642057206
28/03/2015 07:00,0.546440625,0.444446019,0.666664528
28/03/2015 08:00,0.663525691,0.600423598,0.637720478
28/03/2015 09:00,0.725731659,0.699866668,0.56768677
28/03/2015 10:00,0.730158817,0.712747801,0.450482593
28/03/2015 11:00,0.683523139,0.673664329,0.278474108
28/03/2015 12:00,0.568653353,0.580820219,0.102077913
28/03/2015 13:00,0.38979188,0.406969984,0.00026799
28/03/2015 14:00,0.170173192,0.230713388,0
28/03/2015 15:00,0.005077498,0.07142749,0
28/03/2015 16:00,0,0.006241766,0
28/03/2015 17:00,0,0,0
28/03/2015 18:00,0,0,0
28/03/2015 19:00,0,0,0
28/03/2015 20:00,0,0,0
28/03/2015 21:00,0,0,0
28/03/2015 22:00,0,0,0
28/03/2015 23:00,0,0,0
29/03/2015 00:00,0,0,0.000249036
29/03/2015 01:00,0,0,0.014410299
29/03/2015 02:00,0,0,0.096356713
29/03/2015 03:00,0.001352988,6.74E-07,0.259036703
29/03/2015 04:00,0.051519823,0.002526677,0.425545115
29/03/2015 05:00,0.210550375,0.030746709,0.554573391
29/03/2015 06:00,0.397434439,0.093296275,0.618603809
29/03/2015 07:00,0.565763933,0.214229594,0.656023261
29/03/2015 08:00,0.686981681,0.296089421,0.636302309
29/03/2015 09:00,0.752685032,0.350810779,0.560651998
29/03/2015 10:00,0.761093063,0.388345941,0.445140365
29/03/2015 11:00,0.703049689,0.371776143,0.269232649
29/03/2015 12:00,0.578475909,0.342887466,0.09831739
29/03/2015 13:00,0.392739253,0.276280016,0.000238728
29/03/2015 14:00,0.166481618,0.173658149,0
29/03/2015 15:00,0.005873405,0.054066822,0
29/03/2015 16:00,0,0.005107955,0
29/03/2015 17:00,0,0,0
29/03/2015 18:00,0,0,0
29/03/2015 19:00,0,0,0
29/03/2015 20:00,0,0,0
29/03/2015 21:00,0,0,0
29/03/2015 22:00,0,0,0
29/03/2015 23:00,0,0,0
30/03/2015 00:00,0,0,0.000196644
30/03/2015 01:00,0,0,0.012199248
30/03/2015 02:00,0,0,0.092349567
30/03/2015 03:00,0.001464298,1.35E-06,0.252134904
30/03/2015 04:00,0.050910296,0.005105179,0.418928711
30/03/2015 05:00,0.205517517,0.059812796,0.543829002
30/03/2015 06:00,0.397750634,0.172025792,0.623225858
30/03/2015 07:00,0.566983298,0.323771345,0.661983225
30/03/2015 08:00,0.687709732,0.450977849,0.621951888
30/03/2015 09:00,0.754347988,0.547954498,0.552359437
30/03/2015 10:00,0.758368715,0.59903692,0.428769263
30/03/2015 11:00,0.699919715,0.614461156,0.266672184
30/03/2015 12:00,0.577901298,0.549957046,0.096109952
30/03/2015 13:00,0.397780909,0.462825944,0.000166517
30/03/2015 14:00,0.171168993,0.290534659,0
30/03/2015 15:00,0.006170687,0.082024381,0
30/03/2015 16:00,0,0.002359,0
30/03/2015 17:00,0,0,0
30/03/2015 18:00,0,0,0
30/03/2015 19:00,0,0,0
30/03/2015 20:00,0,0,0
30/03/2015 21:00,0,0,0
30/03/2015 22:00,0,0,0
30/03/2015 23:00,0,0,0
31/03/2015 00:00,0,0,0.000268365
31/03/2015 01:00,0,0,0.012681004
31/03/2015 02:00,0,0,0.089401355
31/03/2015 03:00,0.001555777,2.71E-06,0.245628335
31/03/2015 04:00,0.052371036,0.0089618,0.409589729
31/03/2015 05:00,0.212391831,0.113081503,0.527577068
31/03/2015 06:00,0.405413622,0.337435035,0.606850886
31/03/2015 07:00,0.578474476,0.576295872,0.65506285
31/03/2015 08:00,0.696093278,0.763961522,0.628857951
31/03/2015 09:00,0.756848193,0.879766896,0.566000607
31/03/2015 10:00,0.75761207,0.910316322,0.433996443
31/03/2015 11:00,0.691508187,0.882206388,0.265959762
31/03/2015 12:00,0.568459568,0.778471231,0.092392241
31/03/2015 13:00,0.382327274,0.607194653,0.000180788
31/03/2015 14:00,0.161403715,0.352844089,0
31/03/2015 15:00,0.007358419,0.093384552,0
31/03/2015 16:00,0,0.004683484,0
31/03/2015 17:00,0,0,0
31/03/2015 18:00,0,0,0
31/03/2015 19:00,0,0,0
31/03/2015 20:00,0,0,0
31/03/2015 21:00,0,0,0
31/03/2015 22:00,0,0,0
31/03/2015 23:00,0,0,0
01/04/2015 00:00,0,0,0.000398974
01/04/2015 01:00,0,0,0.018773622
01/04/2015 02:00,1.59E-05,1.28E-06,0.109233671
01/04/2015 03:00,0.00163451,3.34E-05,0.27820899
01/04/2015 04:00,0.05066394,0.010081328,0.449644671
01/04/2015 05:00,0.200727868,0.113149023,0.573814969
01/04/2015 06:00,0.384637056,0.322667404,0.652800723
01/04/2015 07:00,0.551339412,0.561821378,0.675639385
01/04/2015 08:00,0.658473454,0.739305575,0.640310919
01/04/2015 09:00,0.719796493,0.85746823,0.557986181
01/04/2015 10:00,0.716368365,0.900394871,0.429021662
01/04/2015 11:00,0.658511435,0.878748997,0.256848187
01/04/2015 12:00,0.541110228,0.779777617,0.092546483
01/04/2015 13:00,0.361244312,0.597319851,0.000168381
01/04/2015 14:00,0.149538585,0.355525255,0
01/04/2015 15:00,0.008328453,0.09334884,0
01/04/2015 16:00,0,0.003535643,0
01/04/2015 17:00,0,0,0
01/04/2015 18:00,0,0,0
01/04/2015 19:00,0,0,0
01/04/2015 20:00,0,0,0
01/04/2015 21:00,0,0,0
01/04/2015 22:00,0,0,0
01/04/2015 23:00,0,0,0
02/04/2015 00:00,0,0,0.000476817
02/04/2015 01:00,0,0,0.019210471
02/04/2015 02:00,1.63E-05,1.50E-06,0.108747447
02/04/2015 03:00,0.001766404,3.56E-05,0.271166801
02/04/2015 04:00,0.050420331,0.010859203,0.435245386
02/04/2015 05:00,0.197967394,0.112415399,0.560765871
02/04/2015 06:00,0.376695633,0.301028687,0.642953343
02/04/2015 07:00,0.552869243,0.510018721,0.661152976
02/04/2015 08:00,0.66705685,0.665787459,0.629192184
02/04/2015 09:00,0.727965257,0.752096695,0.540779635
02/04/2015 10:00,0.724887422,0.773028127,0.41411204
02/04/2015 11:00,0.6638857,0.72393948,0.25033891
02/04/2015 12:00,0.540200198,0.645679923,0.087238301
02/04/2015 13:00,0.354705364,0.48430909,0.000526437
02/04/2015 14:00,0.146172746,0.296260605,0
02/04/2015 15:00,0.006681672,0.074872039,0
02/04/2015 16:00,0,0.003185124,0
02/04/2015 17:00,0,0,0
02/04/2015 18:00,0,0,0
02/04/2015 19:00,0,0,0
02/04/2015 20:00,0,0,0
02/04/2015 21:00,0,0,0
02/04/2015 22:00,0,0,0
02/04/2015 23:00,0,0,0
03/04/2015 00:00,0,0,0.000479087
03/04/2015 01:00,0,0,0.018225255
03/04/2015 02:00,1.66E-05,1.70E-06,0.106246361
03/04/2015 03:00,0.001858905,3.55E-05,0.269577233
03/04/2015 04:00,0.052933669,0.010778864,0.437979887
03/04/2015 05:00,0.203300239,0.115289628,0.559637579
03/04/2015 06:00,0.380055707,0.327733302,0.635077074
03/04/2015 07:00,0.538360263,0.56661896,0.655035928
03/04/2015 08:00,0.649956356,0.736974349,0.618244278
03/04/2015 09:00,0.693667029,0.829532933,0.538174998
03/04/2015 10:00,0.68547671,0.853597421,0.412662095
03/04/2015 11:00,0.617094023,0.830400563,0.242086968
03/04/2015 12:00,0.501765278,0.753394159,0.078582197
03/04/2015 13:00,0.32919701,0.611970473,0.000547338
03/04/2015 14:00,0.134330877,0.371641587,0
03/04/2015 15:00,0.008099971,0.101117837,0
03/04/2015 16:00,0,0.00250147,0
03/04/2015 17:00,0,0,0
03/04/2015 18:00,0,0,0
03/04/2015 19:00,0,0,0
03/04/2015 20:00,0,0,0
03/04/2015 21:00,0,0,0
03/04/2015 22:00,0,0,0
03/04/2015 23:00,0,0,0
04/04/2015 00:00,0,0,0.00054784
04/04/2015 01:00,0,0,0.020208887
04/04/2015 02:00,1.67E-05,2.21E-06,0.113464578
04/04/2015 03:00,0.001853791,3.76E-05,0.281553402
04/04/2015 04:00,0.052106229,0.013497342,0.447737618
04/04/2015 05:00,0.199110884,0.138342446,0.572040141
04/04/2015 06:00,0.375831924,0.382375311,0.637962738
04/04/2015 07:00,0.547301144,0.631186537,0.645143208
04/04/2015 08:00,0.658643697,0.814564522,0.611646626
04/04/2015 09:00,0.718480496,0.927435418,0.531397377
04/04/2015 10:00,0.712045018,0.966770875,0.406301774
04/04/2015 11:00,0.643599226,0.949021115,0.241507633
04/04/2015 12:00,0.525910362,0.851150765,0.079774709
04/04/2015 13:00,0.349478699,0.670053496,0.000954049
04/04/2015 14:00,0.142864961,0.39372704,0
04/04/2015 15:00,0.005051223,0.099615768,0
04/04/2015 16:00,0,0.002572466,0
04/04/2015 17:00,0,0,0
04/04/2015 18:00,0,0,0
04/04/2015 19:00,0,0,0
04/04/2015 20:00,0,0,0
04/04/2015 21:00,0,0,0
04/04/2015 22:00,0,0,0
04/04/2015 23:00,0,0,0
05/04/2015 00:00,0,0,0.000569929
05/04/2015 01:00,0,0,0.020207206
05/04/2015 02:00,1.71E-05,2.38E-06,0.110574127
05/04/2015 03:00,0.002152006,4.58E-05,0.271036296
05/04/2015 04:00,0.055669767,0.014248704,0.433611031
05/04/2015 05:00,0.204278163,0.139626239,0.555468662
05/04/2015 06:00,0.378486764,0.379544746,0.626939748
05/04/2015 07:00,0.544018632,0.615674119,0.630266427
05/04/2015 08:00,0.656281866,0.792068691,0.590894712
05/04/2015 09:00,0.711334335,0.907021327,0.516303802
05/04/2015 10:00,0.696147804,0.946492262,0.400086408
05/04/2015 11:00,0.632660202,0.926043778,0.239997957
05/04/2015 12:00,0.499113029,0.827073582,0.080912966
05/04/2015 13:00,0.325637584,0.644660817,0.000819543
05/04/2015 14:00,0.13217437,0.377319041,0
05/04/2015 15:00,0.006446932,0.092434841,0
05/04/2015 16:00,0,0.00242747,0
05/04/2015 17:00,0,0,0
05/04/2015 18:00,0,0,0
05/04/2015 19:00,0,0,0
05/04/2015 20:00,0,0,0
05/04/2015 21:00,0,0,0
05/04/2015 22:00,0,0,0
05/04/2015 23:00,0,0,0
06/04/2015 00:00,0,0,0.000489663
06/04/2015 01:00,0,0,0.014616417
06/04/2015 02:00,1.71E-05,2.87E-06,0.093339138
06/04/2015 03:00,0.002263867,5.08E-05,0.242393466
06/04/2015 04:00,0.056210156,0.01496077,0.392011675
06/04/2015 05:00,0.202897554,0.138783147,0.514318207
06/04/2015 06:00,0.372507902,0.370816744,0.590198266
06/04/2015 07:00,0.523375964,0.602382309,0.602790498
06/04/2015 08:00,0.634819865,0.771397532,0.573077846
06/04/2015 09:00,0.68378994,0.878673791,0.496992916
06/04/2015 10:00,0.677792049,0.910648564,0.370838227
06/04/2015 11:00,0.610110736,0.885471318,0.216784068
06/04/2015 12:00,0.490465044,0.786587028,0.073303023
06/04/2015 13:00,0.322605234,0.614169215,0.00169739
06/04/2015 14:00,0.133868712,0.351155689,0
06/04/2015 15:00,0.006348293,0.079543375,0
06/04/2015 16:00,0,0.003901411,0
06/04/2015 17:00,0,0,0
06/04/2015 18:00,0,0,0
06/04/2015 19:00,0,0,0
06/04/2015 20:00,0,0,0
06/04/2015 21:00,0,0,0
06/04/2015 22:00,0,0,0
06/04/2015 23:00,0,0,0
07/04/2015 00:00,0,0,0.000664534
07/04/2015 01:00,0,0,0.020119223
07/04/2015 02:00,1.75E-05,2.85E-06,0.105708586
07/04/2015 03:00,0.002266742,5.66E-05,0.261257177
07/04/2015 04:00,0.057379202,0.015772148,0.419269993
07/04/2015 05:00,0.213525764,0.138646168,0.536164789
07/04/2015 06:00,0.396501882,0.363790714,0.61023121
07/04/2015 07:00,0.553131357,0.58923973,0.636465472
07/04/2015 08:00,0.667856742,0.762638239,0.590234338
07/04/2015 09:00,0.711526316,0.868319623,0.512899822
07/04/2015 10:00,0.707331254,0.898862721,0.380569267
07/04/2015 11:00,0.64683691,0.85695299,0.225916644
07/04/2015 12:00,0.521533682,0.762378925,0.07788373
07/04/2015 13:00,0.355258592,0.566230755,0.001120942
07/04/2015 14:00,0.136279176,0.311469368,0
07/04/2015 15:00,0.004925613,0.065923217,0
07/04/2015 16:00,0,0.005137316,0
07/04/2015 17:00,0,0,0
07/04/2015 18:00,0,0,0
07/04/2015 19:00,0,0,0
07/04/2015 20:00,0,0,0
07/04/2015 21:00,0,0,0
07/04/2015 22:00,0,0,0
07/04/2015 23:00,0,0,0
08/04/2015 00:00,0,0,0.000460749
08/04/2015 01:00,0,0,0.011897873
08/04/2015 02:00,1.76E-05,4.04E-06,0.085022697
08/04/2015 03:00,0.002472759,6.56E-05,0.23292593
08/04/2015 04:00,0.05898444,0.016195131,0.390496394
08/04/2015 05:00,0.21486012,0.123244554,0.513078929
08/04/2015 06:00,0.402977467,0.302335866,0.594398891
08/04/2015 07:00,0.567839012,0.506745034,0.596204306
08/04/2015 08:00,0.675302748,0.645237827,0.580406367
08/04/2015 09:00,0.725304021,0.733717067,0.506574977
08/04/2015 10:00,0.717988173,0.721227618,0.397402588
08/04/2015 11:00,0.655596019,0.679457834,0.231499135
08/04/2015 12:00,0.53757712,0.583778944,0.075725052
08/04/2015 13:00,0.357489311,0.416027801,0.00098551
08/04/2015 14:00,0.137520535,0.227648723,0
08/04/2015 15:00,0.006041585,0.060054002,0
08/04/2015 16:00,0,0.007518158,0
08/04/2015 17:00,0,0,0
08/04/2015 18:00,0,0,0
08/04/2015 19:00,0,0,0
08/04/2015 20:00,0,0,0
08/04/2015 21:00,0,0,0
08/04/2015 22:00,0,0,0
08/04/2015 23:00,0,0,0
09/04/2015 00:00,0,0,0.000625338
09/04/2015 01:00,0,0,0.016194412
09/04/2015 02:00,1.78E-05,4.02E-06,0.098523891
09/04/2015 03:00,0.00266094,7.58E-05,0.250104635
09/04/2015 04:00,0.060071592,0.016068089,0.403091307
09/04/2015 05:00,0.214193217,0.11711383,0.518953
09/04/2015 06:00,0.400597146,0.287505999,0.590902807
09/04/2015 07:00,0.56224815,0.517251116,0.61631313
09/04/2015 08:00,0.674954107,0.653861451,0.587091587
09/04/2015 09:00,0.73857333,0.732227318,0.509691051
09/04/2015 10:00,0.733030114,0.73476149,0.389512314
09/04/2015 11:00,0.673284215,0.656955556,0.224334728
09/04/2015 12:00,0.549460819,0.560171268,0.072871462
09/04/2015 13:00,0.368074148,0.42068264,0.001356101
09/04/2015 14:00,0.143641806,0.233839843,0
09/04/2015 15:00,0.005481484,0.071941461,0
09/04/2015 16:00,0,0.006851109,0
09/04/2015 17:00,0,0,0
09/04/2015 18:00,0,0,0
09/04/2015 19:00,0,0,0
09/04/2015 20:00,0,0,0
09/04/2015 21:00,0,0,0
09/04/2015 22:00,0,0,0
09/04/2015 23:00,0,0,0
10/04/2015 00:00,0,0,0.000727348
10/04/2015 01:00,0,0,0.017066777
10/04/2015 02:00,1.82E-05,5.27E-06,0.098666465
10/04/2015 03:00,0.002901781,8.63E-05,0.249406381
10/04/2015 04:00,0.062037325,0.013931269,0.399893816
10/04/2015 05:00,0.220013029,0.093921461,0.524735807
10/04/2015 06:00,0.411606643,0.235699915,0.593445168
10/04/2015 07:00,0.578118013,0.390671175,0.591158966
10/04/2015 08:00,0.687360369,0.533262432,0.559686719
10/04/2015 09:00,0.74445227,0.624591967,0.499349881
10/04/2015 10:00,0.736006078,0.623702102,0.37766671
10/04/2015 11:00,0.671787613,0.55585273,0.220281268
10/04/2015 12:00,0.546251804,0.482046778,0.069246372
10/04/2015 13:00,0.364751289,0.365632319,0.002286603
10/04/2015 14:00,0.143837613,0.224643327,0
10/04/2015 15:00,0.006462377,0.070513928,0
10/04/2015 16:00,0,0.005989086,0
10/04/2015 17:00,0,0,0
10/04/2015 18:00,0,0,0
10/04/2015 19:00,0,0,0
10/04/2015 20:00,0,0,0
10/04/2015 21:00,0,0,0
10/04/2015 22:00,0,0,0
10/04/2015 23:00,0,0,0
11/04/2015 00:00,0,0,0.000884183
11/04/2015 01:00,0,0,0.018930026
11/04/2015 02:00,1.88E-05,6.52E-06,0.10355581
11/04/2015 03:00,0.002810087,9.58E-05,0.255370679
11/04/2015 04:00,0.060548738,0.015004757,0.407769738
11/04/2015 05:00,0.213090945,0.112692886,0.524652039
11/04/2015 06:00,0.399299784,0.297040513,0.590971223
11/04/2015 07:00,0.55021577,0.489553078,0.612955051
11/04/2015 08:00,0.654161713,0.628812776,0.583456194
11/04/2015 09:00,0.72164135,0.72832837,0.499705284
11/04/2015 10:00,0.703530277,0.727445182,0.37799878
11/04/2015 11:00,0.650097295,0.667813244,0.22572952
11/04/2015 12:00,0.531769842,0.575355275,0.071557522
11/04/2015 13:00,0.35851504,0.413461652,0.00162347
11/04/2015 14:00,0.143712254,0.240088023,0
11/04/2015 15:00,0.006434044,0.064338306,0
11/04/2015 16:00,0,0.00721171,0
11/04/2015 17:00,0,0,0
11/04/2015 18:00,0,0,0
11/04/2015 19:00,0,0,0
11/04/2015 20:00,0,0,0
11/04/2015 21:00,0,0,0
11/04/2015 22:00,0,0,0
11/04/2015 23:00,0,0,0
12/04/2015 00:00,0,0,0.000798291
12/04/2015 01:00,0,0,0.017025227
12/04/2015 02:00,1.94E-05,7.24E-06,0.099945817
12/04/2015 03:00,0.002996151,0.000123393,0.246883565
12/04/2015 04:00,0.064849843,0.017939903,0.391189015
12/04/2015 05:00,0.228140236,0.120206654,0.511263593
12/04/2015 06:00,0.422412939,0.28534111,0.580623122
12/04/2015 07:00,0.589547079,0.465606062,0.614492589
12/04/2015 08:00,0.703205157,0.617769991,0.570636302
12/04/2015 09:00,0.763274018,0.714620528,0.488767326
12/04/2015 10:00,0.754530914,0.721470017,0.38216843
12/04/2015 11:00,0.69668178,0.697305237,0.225858452
12/04/2015 12:00,0.566798264,0.583139255,0.069810936
12/04/2015 13:00,0.377390685,0.437106376,0.001195459
12/04/2015 14:00,0.14497477,0.250435079,0
12/04/2015 15:00,0.004974372,0.066038088,0
12/04/2015 16:00,0,0.005912799,0
12/04/2015 17:00,0,0,0
12/04/2015 18:00,0,0,0
12/04/2015 19:00,0,0,0
12/04/2015 20:00,0,0,0
12/04/2015 21:00,0,0,0
12/04/2015 22:00,0,0,0
12/04/2015 23:00,0,0,0
13/04/2015 00:00,0,0,0.000653976
13/04/2015 01:00,0,0,0.014655327
13/04/2015 02:00,2.00E-05,9.63E-06,0.09533594
13/04/2015 03:00,0.003594167,0.000124447,0.247257271
13/04/2015 04:00,0.070558801,0.018651513,0.401942937
13/04/2015 05:00,0.235854347,0.128788626,0.519674711
13/04/2015 06:00,0.42750015,0.330067445,0.585442142
13/04/2015 07:00,0.592235465,0.559018907,0.605403897
13/04/2015 08:00,0.701285738,0.716696412,0.570695874
13/04/2015 09:00,0.75678232,0.787518661,0.496213405
13/04/2015 10:00,0.749875371,0.787116452,0.375381245
13/04/2015 11:00,0.68488782,0.760197315,0.219422219
13/04/2015 12:00,0.562967014,0.661150163,0.06910335
13/04/2015 13:00,0.368779356,0.515832338,0.001469058
13/04/2015 14:00,0.135710789,0.300560978,0
13/04/2015 15:00,0.005096963,0.058573544,0
13/04/2015 16:00,0,0.003625489,0
13/04/2015 17:00,0,0,0
13/04/2015 18:00,0,0,0
13/04/2015 19:00,0,0,0
13/04/2015 20:00,0,0,0
13/04/2015 21:00,0,0,0
13/04/2015 22:00,0,0,0
13/04/2015 23:00,0,0,0
14/04/2015 00:00,0,0,0.000955526
14/04/2015 01:00,0,0,0.019683507
14/04/2015 02:00,2.04E-05,1.08E-05,0.108215536
14/04/2015 03:00,0.003844246,0.000149296,0.259683736
14/04/2015 04:00,0.071837333,0.020564439,0.413086111
14/04/2015 05:00,0.235006351,0.138608294,0.528549828
14/04/2015 06:00,0.425264482,0.350037222,0.586020423
14/04/2015 07:00,0.584952202,0.582595376,0.608560294
14/04/2015 08:00,0.691206548,0.748869696,0.575049692
14/04/2015 09:00,0.743307702,0.856867184,0.494558325
14/04/2015 10:00,0.737657337,0.883734821,0.377544285
14/04/2015 11:00,0.675007123,0.838313516,0.219070905
14/04/2015 12:00,0.553996365,0.749110903,0.069228379
14/04/2015 13:00,0.365610732,0.568816021,0.001459321
14/04/2015 14:00,0.136913322,0.327991502,0
14/04/2015 15:00,0.004474944,0.06267227,0
14/04/2015 16:00,0,0.0030156,0
14/04/2015 17:00,0,0,0
14/04/2015 18:00,0,0,0
14/04/2015 19:00,0,0,0
14/04/2015 20:00,0,0,0
14/04/2015 21:00,0,0,0
14/04/2015 22:00,0,0,0
14/04/2015 23:00,0,0,0
15/04/2015 00:00,0,0,0.000882371
15/04/2015 01:00,0,0,0.016876259
15/04/2015 02:00,2.12E-05,1.23E-05,0.096157977
15/04/2015 03:00,0.004253398,0.000201818,0.235187397
15/04/2015 04:00,0.075417271,0.022601187,0.377910971
15/04/2015 05:00,0.241322469,0.14873411,0.496383859
15/04/2015 06:00,0.432127568,0.374236721,0.566980878
15/04/2015 07:00,0.588899506,0.608476293,0.608119416
15/04/2015 08:00,0.699720693,0.788482737,0.584040952
15/04/2015 09:00,0.748664274,0.902700504,0.503435785
15/04/2015 10:00,0.73530625,0.943861306,0.380731298
15/04/2015 11:00,0.671938642,0.919207729,0.211596551
15/04/2015 12:00,0.560780128,0.822250411,0.066201955
15/04/2015 13:00,0.373164394,0.637833014,0.002298191
15/04/2015 14:00,0.138788598,0.361583335,0
15/04/2015 15:00,0.005029553,0.069493872,0
15/04/2015 16:00,0,0.003842863,0
15/04/2015 17:00,0,0,0
15/04/2015 18:00,0,0,0
15/04/2015 19:00,0,0,0
15/04/2015 20:00,0,0,0
15/04/2015 21:00,0,0,0
15/04/2015 22:00,0,0,0
15/04/2015 23:00,0,0,0
16/04/2015 00:00,0,0,0.001512796
16/04/2015 01:00,0,0,0.027141236
16/04/2015 02:00,2.14E-05,1.48E-05,0.127522086
16/04/2015 03:00,0.004393022,0.000256286,0.284460495
16/04/2015 04:00,0.075297841,0.026279031,0.436930753
16/04/2015 05:00,0.24105164,0.170307149,0.545423045
16/04/2015 06:00,0.431713396,0.406337532,0.60813718
16/04/2015 07:00,0.591722694,0.633787126,0.629145792
16/04/2015 08:00,0.700554014,0.796445647,0.580976775
16/04/2015 09:00,0.753972972,0.900090283,0.503244672
16/04/2015 10:00,0.754191696,0.932209581,0.384958174
16/04/2015 11:00,0.688140765,0.901021654,0.223988594
16/04/2015 12:00,0.567265841,0.794949777,0.069130408
16/04/2015 13:00,0.378113757,0.607963301,0.001379391
16/04/2015 14:00,0.141819279,0.340815086,0
16/04/2015 15:00,0.004066468,0.069169689,0
16/04/2015 16:00,0,0.006374835,0
16/04/2015 17:00,0,0,0
16/04/2015 18:00,0,0,0
16/04/2015 19:00,0,0,0
16/04/2015 20:00,0,0,0
16/04/2015 21:00,0,0,0
16/04/2015 22:00,0,0,0
16/04/2015 23:00,0,0,0
17/04/2015 00:00,0,0,0.001569604
17/04/2015 01:00,0,0,0.026623325
17/04/2015 02:00,2.20E-05,1.56E-05,0.124288249
17/04/2015 03:00,0.004549964,0.000295207,0.279848066
17/04/2015 04:00,0.077531834,0.026927276,0.435396606
17/04/2015 05:00,0.245380306,0.166708059,0.546392973
17/04/2015 06:00,0.439115207,0.390588901,0.610521587
17/04/2015 07:00,0.604984304,0.615016875,0.604415244
17/04/2015 08:00,0.717159892,0.778550351,0.580842542
17/04/2015 09:00,0.768486447,0.876731791,0.494759945
17/04/2015 10:00,0.762422149,0.915179544,0.380200819
17/04/2015 11:00,0.700109542,0.879194607,0.219637316
17/04/2015 12:00,0.575533749,0.772340559,0.069817078
17/04/2015 13:00,0.381626691,0.597488653,0.001259213
17/04/2015 14:00,0.13871123,0.335358496,0
17/04/2015 15:00,0.003882436,0.061481678,0
17/04/2015 16:00,0,0.003590408,0
17/04/2015 17:00,0,0,0
17/04/2015 18:00,0,0,0
17/04/2015 19:00,0,0,0
17/04/2015 20:00,0,0,0
17/04/2015 21:00,0,0,0
17/04/2015 22:00,0,0,0
17/04/2015 23:00,0,0,0
18/04/2015 00:00,0,0,0.001188904
18/04/2015 01:00,0,0,0.020011456
18/04/2015 02:00,2.27E-05,1.72E-05,0.108129317
18/04/2015 03:00,0.004915657,0.000343776,0.260116179
18/04/2015 04:00,0.078454413,0.027449873,0.404846689
18/04/2015 05:00,0.245517398,0.166957626,0.521811292
18/04/2015 06:00,0.439059766,0.390992737,0.58720037
18/04/2015 07:00,0.603654872,0.614127778,0.621061076
18/04/2015 08:00,0.714326595,0.777936939,0.589476344
18/04/2015 09:00,0.768136616,0.880602624,0.51249603
18/04/2015 10:00,0.755358465,0.915923219,0.392574363
18/04/2015 11:00,0.688535568,0.888618664,0.230557419
18/04/2015 12:00,0.563271844,0.78817115,0.068552651
18/04/2015 13:00,0.370779642,0.605855529,0.00148743
18/04/2015 14:00,0.133122141,0.333962867,0
18/04/2015 15:00,0.004418683,0.06068804,0
18/04/2015 16:00,0,0.003645323,0
18/04/2015 17:00,0,0,0
18/04/2015 18:00,0,0,0
18/04/2015 19:00,0,0,0
18/04/2015 20:00,0,0,0
18/04/2015 21:00,0,0,0
18/04/2015 22:00,0,0,0
18/04/2015 23:00,0,0,0
19/04/2015 00:00,0,0,0.001022083
19/04/2015 01:00,0,0,0.018426118
19/04/2015 02:00,2.32E-05,1.83E-05,0.105395765
19/04/2015 03:00,0.005356833,0.000386837,0.246263982
19/04/2015 04:00,0.080501936,0.027371702,0.391446801
19/04/2015 05:00,0.246635288,0.156660195,0.503289604
19/04/2015 06:00,0.434851616,0.3629747,0.567562168
19/04/2015 07:00,0.589515459,0.565022962,0.588160446
19/04/2015 08:00,0.696411022,0.729134966,0.57226326
19/04/2015 09:00,0.742721664,0.827207102,0.500216649
19/04/2015 10:00,0.73014238,0.846515883,0.389401691
19/04/2015 11:00,0.668137501,0.788812995,0.224832592
19/04/2015 12:00,0.547760376,0.6722596,0.069288441
19/04/2015 13:00,0.353817223,0.497946986,0.002053991
19/04/2015 14:00,0.12772762,0.282381885,0
19/04/2015 15:00,0.003668358,0.061651888,0
19/04/2015 16:00,0,0.005163562,0
19/04/2015 17:00,0,0,0
19/04/2015 18:00,0,0,0
19/04/2015 19:00,0,0,0
19/04/2015 20:00,0,0,0
19/04/2015 21:00,0,0,0
19/04/2015 22:00,0,0,0
19/04/2015 23:00,0,0,0
20/04/2015 00:00,0,0,0.001085367
20/04/2015 01:00,0,0,0.018008171
20/04/2015 02:00,2.39E-05,1.94E-05,0.10343194
20/04/2015 03:00,0.005435357,0.000451312,0.238919615
20/04/2015 04:00,0.079528933,0.025637052,0.37429367
20/04/2015 05:00,0.242842131,0.122301097,0.471847419
20/04/2015 06:00,0.430330447,0.268612142,0.543008316
20/04/2015 07:00,0.588997044,0.432811633,0.594878897
20/04/2015 08:00,0.692988376,0.503565401,0.561262743
20/04/2015 09:00,0.73722056,0.564960753,0.493410291
20/04/2015 10:00,0.732209062,0.572646927,0.376049345
20/04/2015 11:00,0.665149923,0.553324959,0.222193831
20/04/2015 12:00,0.545766042,0.515065569,0.070105707
20/04/2015 13:00,0.355847367,0.378804004,0.000883849
20/04/2015 14:00,0.127979413,0.229202143,0
20/04/2015 15:00,0.004034308,0.062971345,0
20/04/2015 16:00,0,0.008523747,0
20/04/2015 17:00,0,0,0
20/04/2015 18:00,0,0,0
20/04/2015 19:00,0,0,0
20/04/2015 20:00,0,0,0
20/04/2015 21:00,0,0,0
20/04/2015 22:00,0,0,0
20/04/2015 23:00,0,0,0
21/04/2015 00:00,0,0,0.00100357
21/04/2015 01:00,0,0,0.018397298
21/04/2015 02:00,2.38E-05,2.14E-05,0.107765858
21/04/2015 03:00,0.00571029,0.000356122,0.25315314
21/04/2015 04:00,0.078717607,0.020618524,0.403857143
21/04/2015 05:00,0.234030329,0.112214594,0.512860549
21/04/2015 06:00,0.409713771,0.256672139,0.583526904
21/04/2015 07:00,0.565043229,0.440328946,0.586931506
21/04/2015 08:00,0.665102339,0.564204462,0.565136755
21/04/2015 09:00,0.719195948,0.625453239,0.49410001
21/04/2015 10:00,0.716559484,0.61988244,0.385918384
21/04/2015 11:00,0.651672018,0.599054017,0.229221319
21/04/2015 12:00,0.519771342,0.538128177,0.070529336
21/04/2015 13:00,0.333064439,0.420139643,0.00052514
21/04/2015 14:00,0.114715663,0.244092952,0
21/04/2015 15:00,0.005887643,0.066959381,0
21/04/2015 16:00,1.42E-05,0.005330817,0
21/04/2015 17:00,0,0,0
21/04/2015 18:00,0,0,0
21/04/2015 19:00,0,0,0
21/04/2015 20:00,0,0,0
21/04/2015 21:00,0,0,0
21/04/2015 22:00,0,0,0
21/04/2015 23:00,0,0,0
22/04/2015 00:00,0,0,0.000962776
22/04/2015 01:00,0,0,0.018056042
22/04/2015 02:00,2.45E-05,2.33E-05,0.106809836
22/04/2015 03:00,0.005912859,0.000531382,0.256625058
22/04/2015 04:00,0.078777422,0.028044411,0.405289743
22/04/2015 05:00,0.230992319,0.153968811,0.511871256
22/04/2015 06:00,0.404893869,0.366079272,0.59294896
22/04/2015 07:00,0.560627889,0.604745221,0.613002279
22/04/2015 08:00,0.665738869,0.774045207,0.58686612
22/04/2015 09:00,0.703045167,0.878550153,0.507784
22/04/2015 10:00,0.66822836,0.904984969,0.382621951
22/04/2015 11:00,0.611599732,0.868290868,0.227730358
22/04/2015 12:00,0.47978127,0.779524565,0.069099057
22/04/2015 13:00,0.311222866,0.598933262,0.000858552
22/04/2015 14:00,0.117445489,0.333740133,0
22/04/2015 15:00,0.010469416,0.058794496,0
22/04/2015 16:00,2.46E-05,0.003889437,0
22/04/2015 17:00,0,0,0
22/04/2015 18:00,0,0,0
22/04/2015 19:00,0,0,0
22/04/2015 20:00,0,0,0
22/04/2015 21:00,0,0,0
22/04/2015 22:00,0,0,0
22/04/2015 23:00,0,0,0
23/04/2015 00:00,0,0,0.001352449
23/04/2015 01:00,0,0,0.022051849
23/04/2015 02:00,2.51E-05,2.37E-05,0.11426566
23/04/2015 03:00,0.005697026,0.000653658,0.270390567
23/04/2015 04:00,0.077547125,0.031859207,0.421979211
23/04/2015 05:00,0.232669488,0.172455774,0.536415457
23/04/2015 06:00,0.417193349,0.403293666,0.606001137
23/04/2015 07:00,0.583229246,0.610887327,0.639833214
23/04/2015 08:00,0.694224147,0.766808368,0.609958807
23/04/2015 09:00,0.740965061,0.862967147,0.531038865
23/04/2015 10:00,0.730952628,0.870642864,0.404265849
23/04/2015 11:00,0.6712294,0.822786223,0.229911846
23/04/2015 12:00,0.545002065,0.684966875,0.06845388
23/04/2015 13:00,0.357794361,0.528723347,0.00068717
23/04/2015 14:00,0.126663272,0.303184957,0
23/04/2015 15:00,0.004343788,0.059874552,0
23/04/2015 16:00,1.72E-05,0.005227326,0
23/04/2015 17:00,0,0,0
23/04/2015 18:00,0,0,0
23/04/2015 19:00,0,0,0
23/04/2015 20:00,0,0,0
23/04/2015 21:00,0,0,0
23/04/2015 22:00,0,0,0
23/04/2015 23:00,0,0,0
24/04/2015 00:00,0,0,0.002169334
24/04/2015 01:00,0,0,0.029056943
24/04/2015 02:00,2.58E-05,2.51E-05,0.129164696
24/04/2015 03:00,0.00621301,0.000749094,0.286591013
24/04/2015 04:00,0.080500327,0.033300587,0.431831053
24/04/2015 05:00,0.239485575,0.178146435,0.549225873
24/04/2015 06:00,0.421501238,0.404336227,0.620274888
24/04/2015 07:00,0.576408847,0.619972579,0.646080702
24/04/2015 08:00,0.67545557,0.772047803,0.6081688
24/04/2015 09:00,0.722749859,0.843346416,0.527403958
24/04/2015 10:00,0.697222081,0.851865329,0.405439169
24/04/2015 11:00,0.635217817,0.823591518,0.22800182
24/04/2015 12:00,0.516943891,0.723047195,0.067898857
24/04/2015 13:00,0.331392434,0.560558226,0.000517297
24/04/2015 14:00,0.121156592,0.309525084,0
24/04/2015 15:00,0.006343573,0.053379484,0
24/04/2015 16:00,1.48E-05,0.005322418,0
24/04/2015 17:00,0,0,0
24/04/2015 18:00,0,0,0
24/04/2015 19:00,0,0,0
24/04/2015 20:00,0,0,0
24/04/2015 21:00,0,0,0
24/04/2015 22:00,0,0,0
24/04/2015 23:00,0,0,0
25/04/2015 00:00,0,0,0.002290501
25/04/2015 01:00,0,0,0.031103313
25/04/2015 02:00,2.63E-05,2.61E-05,0.140104734
25/04/2015 03:00,0.006109729,0.000837061,0.299098375
25/04/2015 04:00,0.077436676,0.034301132,0.452135945
25/04/2015 05:00,0.227760808,0.180262037,0.565028835
25/04/2015 06:00,0.406368406,0.407227744,0.627150933
25/04/2015 07:00,0.550324511,0.617568608,0.642715986
25/04/2015 08:00,0.652340571,0.763471791,0.609385026
25/04/2015 09:00,0.700719964,0.842593949,0.527184309
25/04/2015 10:00,0.683099998,0.860819549,0.404001798
25/04/2015 11:00,0.60665042,0.822948796,0.232811427
25/04/2015 12:00,0.489409375,0.705913928,0.065099349
25/04/2015 13:00,0.306270579,0.545784448,0.000534076
25/04/2015 14:00,0.118155863,0.28668582,0
25/04/2015 15:00,0.009996339,0.050017118,0
25/04/2015 16:00,6.29E-05,0.007274347,0
25/04/2015 17:00,0,0,0
25/04/2015 18:00,0,0,0
25/04/2015 19:00,0,0,0
25/04/2015 20:00,0,0,0
25/04/2015 21:00,0,0,0
25/04/2015 22:00,0,0,0
25/04/2015 23:00,0,0,0
26/04/2015 00:00,0,0,0.002187521
26/04/2015 01:00,0,0,0.028064515
26/04/2015 02:00,2.68E-05,2.69E-05,0.128733071
26/04/2015 03:00,0.006397275,0.000926995,0.280054725
26/04/2015 04:00,0.079212399,0.035221545,0.430313574
26/04/2015 05:00,0.231801266,0.177805585,0.546455496
26/04/2015 06:00,0.406290049,0.398545851,0.602918644
26/04/2015 07:00,0.560775528,0.598988538,0.622082449
26/04/2015 08:00,0.653298362,0.740475419,0.592150637
26/04/2015 09:00,0.699215782,0.813914973,0.512661003
26/04/2015 10:00,0.684571813,0.837718265,0.391006458
26/04/2015 11:00,0.595655806,0.789128484,0.228910206
26/04/2015 12:00,0.469292644,0.671786504,0.067873545
26/04/2015 13:00,0.305362918,0.494904001,0.000481756
26/04/2015 14:00,0.112253115,0.250377478,0
26/04/2015 15:00,0.007379323,0.050823599,0
26/04/2015 16:00,7.32E-05,0.009116561,0
26/04/2015 17:00,0,0.00017564,0
26/04/2015 18:00,0,0,0
26/04/2015 19:00,0,0,0
26/04/2015 20:00,0,0,0
26/04/2015 21:00,0,0,0
26/04/2015 22:00,0,0,0
26/04/2015 23:00,0,0,1.41E-09
27/04/2015 00:00,0,0,0.00252569
27/04/2015 01:00,2.33E-08,0,0.031641594
27/04/2015 02:00,2.78E-05,2.87E-05,0.134725379
27/04/2015 03:00,0.00704028,0.001059347,0.295366611
27/04/2015 04:00,0.083444121,0.034917373,0.446326506
27/04/2015 05:00,0.243324511,0.165676135,0.556372741
27/04/2015 06:00,0.419947755,0.370611603,0.617670752
27/04/2015 07:00,0.571368728,0.544755579,0.618149827
27/04/2015 08:00,0.677571322,0.673657803,0.579430462
27/04/2015 09:00,0.718060464,0.749526894,0.507833858
27/04/2015 10:00,0.692920333,0.770255481,0.37399944
27/04/2015 11:00,0.61687161,0.705738983,0.218377935
27/04/2015 12:00,0.498370594,0.57853489,0.064660789
27/04/2015 13:00,0.320157025,0.41104827,0.001999538
27/04/2015 14:00,0.113388769,0.23134343,0
27/04/2015 15:00,0.00713327,0.067082827,0
27/04/2015 16:00,0.000149543,0.012395253,0
27/04/2015 17:00,0,0.00027492,0
27/04/2015 18:00,0,0,0
27/04/2015 19:00,0,0,0
27/04/2015 20:00,0,0,0
27/04/2015 21:00,0,0,0
27/04/2015 22:00,0,0,0
27/04/2015 23:00,0,0,2.63E-09
28/04/2015 00:00,0,0,0.002457976
28/04/2015 01:00,8.39E-08,0,0.0319357
28/04/2015 02:00,2.80E-05,2.98E-05,0.134688991
28/04/2015 03:00,0.007423949,0.001056021,0.289923946
28/04/2015 04:00,0.08614134,0.033695371,0.445784267
28/04/2015 05:00,0.244952715,0.160899898,0.549650138
28/04/2015 06:00,0.424964618,0.363545633,0.615266293
28/04/2015 07:00,0.571615998,0.559317883,0.622951457
28/04/2015 08:00,0.674279751,0.698422931,0.586852707
28/04/2015 09:00,0.720037661,0.779106588,0.499458315
28/04/2015 10:00,0.708039477,0.787258253,0.380689767
28/04/2015 11:00,0.637947525,0.768424947,0.211641545
28/04/2015 12:00,0.508681304,0.665992861,0.065840093
28/04/2015 13:00,0.326188292,0.497203062,0.001159912
28/04/2015 14:00,0.110382672,0.281761296,0
28/04/2015 15:00,0.007278863,0.057585845,0
28/04/2015 16:00,0.000113578,0.008401029,0
28/04/2015 17:00,0,0.000274394,0
28/04/2015 18:00,0,0,0
28/04/2015 19:00,0,0,0
28/04/2015 20:00,0,0,0
28/04/2015 21:00,0,0,0
28/04/2015 22:00,0,0,0
28/04/2015 23:00,0,0,2.77E-09
29/04/2015 00:00,0,0,0.001915697
29/04/2015 01:00,1.58E-07,0,0.022323024
29/04/2015 02:00,2.91E-05,3.04E-05,0.108165076
29/04/2015 03:00,0.007926061,0.001154538,0.249008171
29/04/2015 04:00,0.090059141,0.034264452,0.394473614
29/04/2015 05:00,0.253420725,0.164470055,0.495037464
29/04/2015 06:00,0.435113045,0.380713908,0.560815243
29/04/2015 07:00,0.587204027,0.596630759,0.563180964
29/04/2015 08:00,0.687726474,0.738883895,0.540375495
29/04/2015 09:00,0.73500223,0.824092207,0.469594519
29/04/2015 10:00,0.728332907,0.845547325,0.351693349
29/04/2015 11:00,0.662976008,0.799172271,0.207663359
29/04/2015 12:00,0.539354407,0.686528139,0.065607373
29/04/2015 13:00,0.347277713,0.51538919,0.003320485
29/04/2015 14:00,0.11716866,0.279698486,0
29/04/2015 15:00,0.003986685,0.052577566,0
29/04/2015 16:00,0.000135191,0.008908858,0
29/04/2015 17:00,0,0.000334223,0
29/04/2015 18:00,0,0,0
29/04/2015 19:00,0,0,0
29/04/2015 20:00,0,0,0
29/04/2015 21:00,0,0,0
29/04/2015 22:00,0,0,0
29/04/2015 23:00,0,0,5.24E-09
30/04/2015 00:00,0,0,0.001854651
30/04/2015 01:00,2.33E-07,0,0.02518056
30/04/2015 02:00,2.95E-05,3.14E-05,0.114085933
30/04/2015 03:00,0.008245369,0.001287843,0.254256707
30/04/2015 04:00,0.090583898,0.036753285,0.386200079
30/04/2015 05:00,0.2521363,0.174797712,0.495838866
30/04/2015 06:00,0.433694885,0.389995092,0.559051668
30/04/2015 07:00,0.587054198,0.593648199,0.58934025
30/04/2015 08:00,0.687874514,0.733605736,0.546844157
30/04/2015 09:00,0.735745358,0.819721899,0.468102597
30/04/2015 10:00,0.723637294,0.83449292,0.348759146
30/04/2015 11:00,0.655047683,0.77731176,0.206344819
30/04/2015 12:00,0.525427367,0.639653043,0.066058112
30/04/2015 13:00,0.336785726,0.466357426,0.002152634
30/04/2015 14:00,0.112708723,0.255327403,0
30/04/2015 15:00,0.005288747,0.058205932,0
30/04/2015 16:00,0.00037916,0.011058525,0
30/04/2015 17:00,0,0.000331205,0
30/04/2015 18:00,0,0,0
30/04/2015 19:00,0,0,0
30/04/2015 20:00,0,0,0
30/04/2015 21:00,0,0,0
30/04/2015 22:00,0,0,0
30/04/2015 23:00,0,0,2.73E-08
01/05/2015 00:00,0,0,0.002189042
01/05/2015 01:00,0,0,0.024609477
01/05/2015 02:00,4.15E-06,0,0.117914316
01/05/2015 03:00,0.008365452,0.001399323,0.266663799
01/05/2015 04:00,0.087720618,0.036223611,0.412883543
01/05/2015 05:00,0.237816774,0.159805734,0.519355896
01/05/2015 06:00,0.40171689,0.350587909,0.581904738
01/05/2015 07:00,0.54592341,0.543150047,0.607401114
01/05/2015 08:00,0.640022173,0.677151336,0.564764952
01/05/2015 09:00,0.687281488,0.752371006,0.492510554
01/05/2015 10:00,0.672476112,0.738044088,0.363443903
01/05/2015 11:00,0.601639191,0.688392771,0.209335419
01/05/2015 12:00,0.470130724,0.566410651,0.064844553
01/05/2015 13:00,0.289319903,0.406727951,0.003311013
01/05/2015 14:00,0.10461351,0.228389242,0
01/05/2015 15:00,0.014111263,0.060539405,0
01/05/2015 16:00,0.000172598,0.012871764,0
01/05/2015 17:00,0,0.00058723,0
01/05/2015 18:00,0,0,0
01/05/2015 19:00,0,0,0
01/05/2015 20:00,0,0,0
01/05/2015 21:00,0,0,0
01/05/2015 22:00,0,0,0
01/05/2015 23:00,0,0,1.16E-07
02/05/2015 00:00,0,0,0.002259987
02/05/2015 01:00,0,0,0.023947971
02/05/2015 02:00,5.01E-06,0,0.109536596
02/05/2015 03:00,0.008452158,0.001582993,0.247444543
02/05/2015 04:00,0.085888344,0.037900735,0.390500578
02/05/2015 05:00,0.237449962,0.166452514,0.496588474
02/05/2015 06:00,0.404395031,0.368464421,0.567332596
02/05/2015 07:00,0.541372504,0.552565687,0.60563496
02/05/2015 08:00,0.629198971,0.694818015,0.573798627
02/05/2015 09:00,0.668686034,0.77110642,0.493966795
02/05/2015 10:00,0.647951673,0.74501236,0.374244728
02/05/2015 11:00,0.573932493,0.674659492,0.207718594
02/05/2015 12:00,0.446720302,0.539017336,0.065527467
02/05/2015 13:00,0.273688859,0.379321309,0.003298985
02/05/2015 14:00,0.104504116,0.204415774,0
02/05/2015 15:00,0.015986774,0.059204742,0
02/05/2015 16:00,0.000217726,0.01726692,0
02/05/2015 17:00,0,0.000704285,0
02/05/2015 18:00,0,0,0
02/05/2015 19:00,0,0,0
02/05/2015 20:00,0,0,0
02/05/2015 21:00,0,0,0
02/05/2015 22:00,0,0,0
02/05/2015 23:00,0,0,1.31E-07
03/05/2015 00:00,0,0,0.002489341
03/05/2015 01:00,0,0,0.027367415
03/05/2015 02:00,6.04E-06,0,0.118164596
03/05/2015 03:00,0.008701342,0.001725565,0.257506415
03/05/2015 04:00,0.087081815,0.039382068,0.396476168
03/05/2015 05:00,0.240733702,0.171595633,0.499045245
03/05/2015 06:00,0.414261304,0.375260994,0.563568207
03/05/2015 07:00,0.564455209,0.570720452,0.589732457
03/05/2015 08:00,0.665398145,0.698495918,0.562546478
03/05/2015 09:00,0.69907679,0.737974808,0.478593183
03/05/2015 10:00,0.684671071,0.764339286,0.354263107
03/05/2015 11:00,0.603873612,0.705608334,0.204370635
03/05/2015 12:00,0.484376781,0.596636213,0.064511662
03/05/2015 13:00,0.306765339,0.438028179,0.00307622
03/05/2015 14:00,0.106114862,0.242382244,0
03/05/2015 15:00,0.011536371,0.055001745,0
03/05/2015 16:00,0.000264426,0.010824629,0
03/05/2015 17:00,0,0.000690774,0
03/05/2015 18:00,0,0,0
03/05/2015 19:00,0,0,0
03/05/2015 20:00,0,0,0
03/05/2015 21:00,0,0,0
03/05/2015 22:00,0,0,0
03/05/2015 23:00,0,0,3.17E-07
04/05/2015 00:00,0,0,0.002817948
04/05/2015 01:00,0,0,0.029551206
04/05/2015 02:00,7.15E-06,0,0.123899839
04/05/2015 03:00,0.009190197,0.001858349,0.261868715
04/05/2015 04:00,0.089457674,0.039577929,0.40577746
04/05/2015 05:00,0.241899689,0.17493158,0.512592658
04/05/2015 06:00,0.408479205,0.38004187,0.569076778
04/05/2015 07:00,0.555427411,0.56657113,0.574630111
04/05/2015 08:00,0.645018837,0.687128366,0.541325569
04/05/2015 09:00,0.687399492,0.754211427,0.466762439
04/05/2015 10:00,0.678410534,0.79217014,0.338565684
04/05/2015 11:00,0.606534339,0.717134514,0.20007554
04/05/2015 12:00,0.46428781,0.610831733,0.063722205
04/05/2015 13:00,0.283701943,0.428750422,0.002946204
04/05/2015 14:00,0.10056245,0.224510026,0
04/05/2015 15:00,0.017799944,0.052651679,0
04/05/2015 16:00,0.000637474,0.014406196,0
04/05/2015 17:00,0,0.000780001,0
04/05/2015 18:00,0,0,0
04/05/2015 19:00,0,0,0
04/05/2015 20:00,0,0,0
04/05/2015 21:00,0,0,0
04/05/2015 22:00,0,0,0
04/05/2015 23:00,0,0,4.05E-07
05/05/2015 00:00,0,0,0.001867158
05/05/2015 01:00,0,0,0.024267487
05/05/2015 02:00,8.62E-06,0,0.116280828
05/05/2015 03:00,0.009478425,0.001908483,0.258437435
05/05/2015 04:00,0.09165884,0.039754257,0.396783632
05/05/2015 05:00,0.244057887,0.163037134,0.504105851
05/05/2015 06:00,0.410285107,0.341934543,0.56483385
05/05/2015 07:00,0.559589806,0.500608748,0.563760797
05/05/2015 08:00,0.661072608,0.647872743,0.533540356
05/05/2015 09:00,0.708832183,0.711905187,0.462439102
05/05/2015 10:00,0.694849141,0.703998117,0.344497837
05/05/2015 11:00,0.625214861,0.629176038,0.198878888
05/05/2015 12:00,0.488843818,0.491790921,0.062368212
05/05/2015 13:00,0.302950551,0.347781807,0.0022206
05/05/2015 14:00,0.10102255,0.193352374,0
05/05/2015 15:00,0.012185677,0.063149126,0
05/05/2015 16:00,0.000365916,0.018294784,0
05/05/2015 17:00,0,0.00094184,0
05/05/2015 18:00,0,0,0
05/05/2015 19:00,0,0,0
05/05/2015 20:00,0,0,0
05/05/2015 21:00,0,0,0
05/05/2015 22:00,0,0,0
05/05/2015 23:00,0,0,5.88E-07
06/05/2015 00:00,0,0,0.001939999
06/05/2015 01:00,0,0,0.023820815
06/05/2015 02:00,1.00E-05,0,0.112151538
06/05/2015 03:00,0.009727299,0.002068061,0.245608122
06/05/2015 04:00,0.091457055,0.035443253,0.388280153
06/05/2015 05:00,0.23882181,0.130070697,0.486499469
06/05/2015 06:00,0.395889439,0.252260303,0.550532902
06/05/2015 07:00,0.537145193,0.408807182,0.551003345
06/05/2015 08:00,0.630549155,0.492307372,0.518873965
06/05/2015 09:00,0.674820337,0.552681183,0.443933694
06/05/2015 10:00,0.663361975,0.54645706,0.334659658
06/05/2015 11:00,0.600733243,0.508677025,0.199361793
06/05/2015 12:00,0.476149969,0.418870561,0.062874007
06/05/2015 13:00,0.299967724,0.325488999,0.002309203
06/05/2015 14:00,0.101088036,0.178956167,0
06/05/2015 15:00,0.013543065,0.055978415,0
06/05/2015 16:00,0.00044126,0.018329706,0
06/05/2015 17:00,0,0.001025971,0
06/05/2015 18:00,0,0,0
06/05/2015 19:00,0,0,0
06/05/2015 20:00,0,0,0
06/05/2015 21:00,0,0,0
06/05/2015 22:00,0,0,0
06/05/2015 23:00,0,0,8.01E-07
07/05/2015 00:00,0,0,0.0018023
07/05/2015 01:00,0,0,0.02275208
07/05/2015 02:00,1.15E-05,6.00E-08,0.110956224
07/05/2015 03:00,0.009983611,0.002160465,0.243015218
07/05/2015 04:00,0.090510849,0.039785008,0.372731527
07/05/2015 05:00,0.23730954,0.151700723,0.469813136
07/05/2015 06:00,0.3933404,0.306364489,0.526525599
07/05/2015 07:00,0.531892843,0.453067845,0.552060542
07/05/2015 08:00,0.631145671,0.53791346,0.529226769
07/05/2015 09:00,0.676884943,0.565776804,0.463718169
07/05/2015 10:00,0.665420461,0.53092976,0.349847211
07/05/2015 11:00,0.595411576,0.452849927,0.208507048
07/05/2015 12:00,0.460467942,0.374944151,0.063340119
07/05/2015 13:00,0.286430849,0.284345633,0.004255599
07/05/2015 14:00,0.099943408,0.170582348,0
07/05/2015 15:00,0.013794449,0.068157107,0
07/05/2015 16:00,0.000554643,0.023503096,0
07/05/2015 17:00,0,0.001276686,0
07/05/2015 18:00,0,0,0
07/05/2015 19:00,0,0,0
07/05/2015 20:00,0,0,0
07/05/2015 21:00,0,0,0
07/05/2015 22:00,0,0,0
07/05/2015 23:00,0,0,8.80E-07
08/05/2015 00:00,0,0,0.001765721
08/05/2015 01:00,0,0,0.022524986
08/05/2015 02:00,1.35E-05,1.97E-07,0.106555383
08/05/2015 03:00,0.010076716,0.001868326,0.235907105
08/05/2015 04:00,0.092750681,0.031894534,0.366127454
08/05/2015 05:00,0.245764274,0.116220177,0.464701682
08/05/2015 06:00,0.412791693,0.243165152,0.5336005
08/05/2015 07:00,0.56219955,0.396475484,0.546234417
08/05/2015 08:00,0.660475897,0.489676773,0.523561356
08/05/2015 09:00,0.714511112,0.522376053,0.447584484
08/05/2015 10:00,0.701273308,0.511369312,0.336365412
08/05/2015 11:00,0.62652512,0.495294676,0.19479996
08/05/2015 12:00,0.497094866,0.434297744,0.061075356
08/05/2015 13:00,0.310852509,0.308049148,0.003969182
08/05/2015 14:00,0.106578178,0.182892822,0
08/05/2015 15:00,0.009560438,0.058965185,0
08/05/2015 16:00,0.000353901,0.019556493,0
08/05/2015 17:00,0,0.001448987,0
08/05/2015 18:00,0,0,0
08/05/2015 19:00,0,0,0
08/05/2015 20:00,0,0,0
08/05/2015 21:00,0,0,0
08/05/2015 22:00,0,0,0
08/05/2015 23:00,0,0,1.08E-06
09/05/2015 00:00,0,0,0.001957809
09/05/2015 01:00,0,0,0.023646056
09/05/2015 02:00,1.53E-05,4.38E-07,0.10982112
09/05/2015 03:00,0.010450489,0.002153493,0.242547408
09/05/2015 04:00,0.094157912,0.031415109,0.367775851
09/05/2015 05:00,0.251908828,0.11625979,0.469747792
09/05/2015 06:00,0.428390991,0.232189357,0.529428581
09/05/2015 07:00,0.571456869,0.352836432,0.552265765
09/05/2015 08:00,0.670910147,0.427362638,0.509829921
09/05/2015 09:00,0.714491942,0.485316388,0.444347087
09/05/2015 10:00,0.707192117,0.492127871,0.340137907
09/05/2015 11:00,0.638831011,0.464670192,0.192161504
09/05/2015 12:00,0.518177761,0.402530273,0.060564322
09/05/2015 13:00,0.330800608,0.315344232,0.003522776
09/05/2015 14:00,0.111443184,0.188518247,0
09/05/2015 15:00,0.00484631,0.062334738,0
09/05/2015 16:00,0.000321401,0.021274485,0
09/05/2015 17:00,0,0.001580301,0
09/05/2015 18:00,0,0,0
09/05/2015 19:00,0,0,0
09/05/2015 20:00,0,0,0
09/05/2015 21:00,0,0,0
09/05/2015 22:00,0,0,0
09/05/2015 23:00,0,0,1.14E-06
10/05/2015 00:00,0,0,0.002447417
10/05/2015 01:00,0,0,0.026800152
10/05/2015 02:00,1.70E-05,7.26E-07,0.115791372
10/05/2015 03:00,0.010703877,0.002153561,0.250342233
10/05/2015 04:00,0.097304819,0.033316496,0.38779829
10/05/2015 05:00,0.256856503,0.134233684,0.496451608
10/05/2015 06:00,0.434290261,0.282534202,0.556012071
10/05/2015 07:00,0.582336963,0.439477719,0.557159895
10/05/2015 08:00,0.676131599,0.555084896,0.527761894
10/05/2015 09:00,0.719533361,0.586939332,0.454825829
10/05/2015 10:00,0.704944084,0.583401472,0.339584486
10/05/2015 11:00,0.627804747,0.499721043,0.19522466
10/05/2015 12:00,0.507735448,0.441177793,0.059505841
10/05/2015 13:00,0.32515642,0.326540388,0.003711748
10/05/2015 14:00,0.104647035,0.183290976,0
10/05/2015 15:00,0.00798453,0.064947552,0
10/05/2015 16:00,0.000790179,0.024453515,0
10/05/2015 17:00,0,0.001711776,0
10/05/2015 18:00,0,0,0
10/05/2015 19:00,0,0,0
10/05/2015 20:00,0,0,0
10/05/2015 21:00,0,0,0
10/05/2015 22:00,0,0,0
10/05/2015 23:00,0,0,2.22E-06
11/05/2015 00:00,0,0,0.003120551
11/05/2015 01:00,0,0,0.031740912
11/05/2015 02:00,1.88E-05,8.75E-07,0.12735622
11/05/2015 03:00,0.01095488,0.002554925,0.268143527
11/05/2015 04:00,0.095825077,0.035599124,0.398035993
11/05/2015 05:00,0.251789274,0.128216584,0.494693875
11/05/2015 06:00,0.423807552,0.256085528,0.551457631
11/05/2015 07:00,0.575933807,0.414810979,0.572467154
11/05/2015 08:00,0.677733666,0.511370966,0.539644902
11/05/2015 09:00,0.725658409,0.543194631,0.463580713
11/05/2015 10:00,0.708933283,0.548720429,0.344554302
11/05/2015 11:00,0.640060501,0.478166368,0.198214422
11/05/2015 12:00,0.506213898,0.415864682,0.061411139
11/05/2015 13:00,0.324710497,0.313160048,0.004237868
11/05/2015 14:00,0.109740708,0.187345476,0
11/05/2015 15:00,0.006729254,0.067608012,0
11/05/2015 16:00,0.000233606,0.023898789,0
11/05/2015 17:00,0,0.002103669,0
11/05/2015 18:00,0,0,0
11/05/2015 19:00,0,0,0
11/05/2015 20:00,0,0,0
11/05/2015 21:00,0,0,0
11/05/2015 22:00,0,0,0
11/05/2015 23:00,0,0,2.31E-06
12/05/2015 00:00,0,0,0.003008806
12/05/2015 01:00,0,0,0.029714476
12/05/2015 02:00,2.14E-05,9.04E-07,0.125291092
12/05/2015 03:00,0.011309942,0.002083112,0.269177723
12/05/2015 04:00,0.099080674,0.026582078,0.405494461
12/05/2015 05:00,0.259876123,0.087949895,0.506088565
12/05/2015 06:00,0.437414795,0.179142855,0.565664179
12/05/2015 07:00,0.589307794,0.310898012,0.570836801
12/05/2015 08:00,0.69030337,0.402218083,0.545207834
12/05/2015 09:00,0.74065074,0.479353926,0.470317873
12/05/2015 10:00,0.731144874,0.487878914,0.33947697
12/05/2015 11:00,0.661838719,0.478643512,0.1952834
12/05/2015 12:00,0.531853723,0.419692705,0.061378899
12/05/2015 13:00,0.337769002,0.319490109,0.00438768
12/05/2015 14:00,0.108870199,0.195835238,0
12/05/2015 15:00,0.00448141,0.065346987,0
12/05/2015 16:00,0.00032956,0.018900611,0
12/05/2015 17:00,0,0.00198259,0
12/05/2015 18:00,0,0,0
12/05/2015 19:00,0,0,0
12/05/2015 20:00,0,0,0
12/05/2015 21:00,0,0,0
12/05/2015 22:00,0,0,0
12/05/2015 23:00,0,0,2.10E-06
13/05/2015 00:00,0,0,0.003268122
13/05/2015 01:00,0,0,0.032627424
13/05/2015 02:00,2.27E-05,9.92E-07,0.133074459
13/05/2015 03:00,0.011398783,0.002324172,0.279624595
13/05/2015 04:00,0.099580888,0.033025845,0.415654303
13/05/2015 05:00,0.260183436,0.125390481,0.515022501
13/05/2015 06:00,0.437833627,0.274196027,0.569739929
13/05/2015 07:00,0.587411825,0.451107861,0.577897558
13/05/2015 08:00,0.68753564,0.559040583,0.535235496
13/05/2015 09:00,0.737251512,0.624814552,0.470944889
13/05/2015 10:00,0.729407051,0.64213583,0.348302012
13/05/2015 11:00,0.659834996,0.61578093,0.191209024
13/05/2015 12:00,0.530648408,0.56370463,0.063283367
13/05/2015 13:00,0.335871758,0.438297482,0.004942378
13/05/2015 14:00,0.107394277,0.255923714,0
13/05/2015 15:00,0.004938383,0.056486947,0
13/05/2015 16:00,0.000444985,0.009987922,0
13/05/2015 17:00,0,0.002085736,0
13/05/2015 18:00,0,0,0
13/05/2015 19:00,0,0,0
13/05/2015 20:00,0,0,0
13/05/2015 21:00,0,0,0
13/05/2015 22:00,0,0,0
13/05/2015 23:00,0,0,4.30E-06
14/05/2015 00:00,0,0,0.003078254
14/05/2015 01:00,0,0,0.028322726
14/05/2015 02:00,2.58E-05,1.59E-06,0.122705966
14/05/2015 03:00,0.011764379,0.003099816,0.254431675
14/05/2015 04:00,0.100299688,0.044237521,0.383779
14/05/2015 05:00,0.260880841,0.178713668,0.481425135
14/05/2015 06:00,0.438329188,0.379916356,0.539673046
14/05/2015 07:00,0.588197121,0.575543499,0.547569338
14/05/2015 08:00,0.686328029,0.715913464,0.532915871
14/05/2015 09:00,0.733281437,0.772503173,0.456211085
14/05/2015 10:00,0.724159542,0.795269005,0.333831944
14/05/2015 11:00,0.659162433,0.748046432,0.190507309
14/05/2015 12:00,0.532274263,0.65353811,0.063632384
14/05/2015 13:00,0.339288877,0.493047782,0.00564533
14/05/2015 14:00,0.109081225,0.264425472,0
14/05/2015 15:00,0.003456696,0.05026887,0
14/05/2015 16:00,0.000312422,0.011288797,0
14/05/2015 17:00,0,0.002705461,0
14/05/2015 18:00,0,0,0
14/05/2015 19:00,0,0,0
14/05/2015 20:00,0,0,0
14/05/2015 21:00,0,0,0
14/05/2015 22:00,0,0,0
14/05/2015 23:00,0,0,3.64E-06
15/05/2015 00:00,0,0,0.002847882
15/05/2015 01:00,0,0,0.028535789
15/05/2015 02:00,2.78E-05,2.29E-06,0.118593009
15/05/2015 03:00,0.011838804,0.003199323,0.261354616
15/05/2015 04:00,0.099751631,0.046934271,0.395614885
15/05/2015 05:00,0.259211836,0.189645876,0.500707936
15/05/2015 06:00,0.435184887,0.397397008,0.555275068
15/05/2015 07:00,0.581847847,0.596869105,0.572971734
15/05/2015 08:00,0.679062009,0.736421443,0.546601122
15/05/2015 09:00,0.724208969,0.818197355,0.474496415
15/05/2015 10:00,0.716702239,0.826111116,0.350711035
15/05/2015 11:00,0.64928478,0.768559251,0.196073734
15/05/2015 12:00,0.521756623,0.65647556,0.062108118
15/05/2015 13:00,0.331326266,0.491912429,0.004377227
15/05/2015 14:00,0.108131817,0.275413201,0
15/05/2015 15:00,0.004339279,0.047653133,0
15/05/2015 16:00,0.000336568,0.008033146,0
15/05/2015 17:00,0,0.002643522,0
15/05/2015 18:00,0,0,0
15/05/2015 19:00,0,0,0
15/05/2015 20:00,0,0,0
15/05/2015 21:00,0,0,0
15/05/2015 22:00,0,0,0
15/05/2015 23:00,0,0,4.84E-06
16/05/2015 00:00,0,0,0.003248713
16/05/2015 01:00,0,0,0.031802923
16/05/2015 02:00,3.02E-05,3.84E-06,0.125689527
16/05/2015 03:00,0.011681197,0.003402927,0.259936018
16/05/2015 04:00,0.096616285,0.048714146,0.397399762
16/05/2015 05:00,0.253104991,0.195055446,0.491575061
16/05/2015 06:00,0.426321844,0.403556137,0.551672802
16/05/2015 07:00,0.576198847,0.603060666,0.559959727
16/05/2015 08:00,0.673698,0.74199669,0.524033628
16/05/2015 09:00,0.720603132,0.8223468,0.446247759
16/05/2015 10:00,0.708956921,0.830207901,0.331417888
16/05/2015 11:00,0.639731581,0.781960866,0.187308965
16/05/2015 12:00,0.51256355,0.661941215,0.059467493
16/05/2015 13:00,0.324394537,0.46916069,0.005629214
16/05/2015 14:00,0.106102298,0.247846395,0
16/05/2015 15:00,0.005415054,0.04819354,0
16/05/2015 16:00,0.000482221,0.017089547,0
16/05/2015 17:00,0,0.003070316,0
16/05/2015 18:00,0,0,0
16/05/2015 19:00,0,0,0
16/05/2015 20:00,0,0,0
16/05/2015 21:00,0,0,0
16/05/2015 22:00,0,0,0
16/05/2015 23:00,0,0,6.41E-06
17/05/2015 00:00,0,0,0.003236663
17/05/2015 01:00,0,0,0.029825707
17/05/2015 02:00,3.38E-05,5.04E-06,0.1251148
17/05/2015 03:00,0.011922849,0.003595263,0.265165217
17/05/2015 04:00,0.0944652,0.049739403,0.39813537
17/05/2015 05:00,0.244913215,0.192622815,0.495041338
17/05/2015 06:00,0.409685375,0.394701662,0.553121319
17/05/2015 07:00,0.556935935,0.579042193,0.555373047
17/05/2015 08:00,0.649808037,0.707464994,0.522392614
17/05/2015 09:00,0.698221095,0.756084784,0.445652473
17/05/2015 10:00,0.684287624,0.773069454,0.336899838
17/05/2015 11:00,0.618131393,0.720030529,0.189001827
17/05/2015 12:00,0.490521009,0.577639141,0.060440388
17/05/2015 13:00,0.310722969,0.415526756,0.005373069
17/05/2015 14:00,0.102600676,0.222552404,0
17/05/2015 15:00,0.008200742,0.054376325,0
17/05/2015 16:00,0.000643193,0.022598728,0
17/05/2015 17:00,0,0.00318771,0
17/05/2015 18:00,0,0,0
17/05/2015 19:00,0,0,0
17/05/2015 20:00,0,0,0
17/05/2015 21:00,0,0,0
17/05/2015 22:00,0,0,0
17/05/2015 23:00,0,0,6.15E-06
18/05/2015 00:00,0,0,0.003012812
18/05/2015 01:00,0,0,0.030146637
18/05/2015 02:00,3.55E-05,6.03E-06,0.119557899
18/05/2015 03:00,0.012107979,0.003845212,0.244769021
18/05/2015 04:00,0.094988454,0.048824192,0.381640882
18/05/2015 05:00,0.247509203,0.178640693,0.477359627
18/05/2015 06:00,0.414468022,0.349568894,0.536432348
18/05/2015 07:00,0.551361963,0.516942577,0.5484906
18/05/2015 08:00,0.641373855,0.632840163,0.512732835
18/05/2015 09:00,0.676645663,0.69888645,0.436122016
18/05/2015 10:00,0.666465594,0.708708764,0.32880364
18/05/2015 11:00,0.597783622,0.666785007,0.186757934
18/05/2015 12:00,0.455364309,0.533900365,0.062108472
18/05/2015 13:00,0.277654631,0.393404024,0.005600266
18/05/2015 14:00,0.094421804,0.200916053,0
18/05/2015 15:00,0.012888692,0.065322185,0
18/05/2015 16:00,0.001016747,0.027528228,0
18/05/2015 17:00,0,0.003693964,0
18/05/2015 18:00,0,0,0
18/05/2015 19:00,0,0,0
18/05/2015 20:00,0,0,0
18/05/2015 21:00,0,0,0
18/05/2015 22:00,0,0,0
18/05/2015 23:00,0,0,7.31E-06
19/05/2015 00:00,0,0,0.002764394
19/05/2015 01:00,0,0,0.028893076
19/05/2015 02:00,3.86E-05,7.54E-06,0.121651735
19/05/2015 03:00,0.012041995,0.004373936,0.253448333
19/05/2015 04:00,0.092256415,0.049111093,0.386960315
19/05/2015 05:00,0.238907358,0.163033153,0.482580455
19/05/2015 06:00,0.404363273,0.317016489,0.54141516
19/05/2015 07:00,0.546302163,0.491358452,0.546938937
19/05/2015 08:00,0.642297109,0.623372674,0.522464893
19/05/2015 09:00,0.685941688,0.680961501,0.445904536
19/05/2015 10:00,0.670655236,0.682498072,0.336030511
19/05/2015 11:00,0.606530154,0.63243119,0.196459403
19/05/2015 12:00,0.483580561,0.521419308,0.063125706
19/05/2015 13:00,0.307360001,0.379046779,0.005230212
19/05/2015 14:00,0.107388362,0.212746822,0
19/05/2015 15:00,0.007341444,0.05653181,0
19/05/2015 16:00,0.000438091,0.018808026,0
19/05/2015 17:00,0,0.004003154,0
19/05/2015 18:00,0,0,0
19/05/2015 19:00,0,0,0
19/05/2015 20:00,0,0,0
19/05/2015 21:00,0,0,0
19/05/2015 22:00,0,0,0
19/05/2015 23:00,0,0,7.44E-06
20/05/2015 00:00,0,0,0.002696122
20/05/2015 01:00,0,0,0.02713813
20/05/2015 02:00,4.19E-05,7.66E-06,0.120433121
20/05/2015 03:00,0.012537463,0.004231895,0.252926779
20/05/2015 04:00,0.097533151,0.047728823,0.385821961
20/05/2015 05:00,0.249084473,0.160974418,0.493537454
20/05/2015 06:00,0.416978771,0.325177855,0.547649413
20/05/2015 07:00,0.557665088,0.497618309,0.553109584
20/05/2015 08:00,0.653933905,0.629026062,0.527512688
20/05/2015 09:00,0.696135409,0.687531133,0.452829699
20/05/2015 10:00,0.678241194,0.679380681,0.335869063
20/05/2015 11:00,0.613669723,0.582973125,0.193355575
20/05/2015 12:00,0.488002317,0.474494895,0.061671759
20/05/2015 13:00,0.307292729,0.347598321,0.004539841
20/05/2015 14:00,0.09912239,0.201447771,0
20/05/2015 15:00,0.010939445,0.064343901,0
20/05/2015 16:00,0.000848029,0.02319366,0
20/05/2015 17:00,0,0.00447383,0
20/05/2015 18:00,0,0,0
20/05/2015 19:00,0,0,0
20/05/2015 20:00,0,0,0
20/05/2015 21:00,0,0,0
20/05/2015 22:00,0,0,0
20/05/2015 23:00,0,0,9.15E-06
21/05/2015 00:00,0,0,0.003067204
21/05/2015 01:00,0,0,0.032218911
21/05/2015 02:00,4.55E-05,9.44E-06,0.122015225
21/05/2015 03:00,0.01286187,0.004077326,0.257507339
21/05/2015 04:00,0.097920395,0.04512952,0.388427103
21/05/2015 05:00,0.248838276,0.156908159,0.480092553
21/05/2015 06:00,0.413072853,0.322169859,0.541036894
21/05/2015 07:00,0.551355827,0.482762583,0.537781756
21/05/2015 08:00,0.639857848,0.615289011,0.509389105
21/05/2015 09:00,0.674534722,0.652528523,0.443530258
21/05/2015 10:00,0.66395306,0.674208344,0.328587954
21/05/2015 11:00,0.592976676,0.635853156,0.186467573
21/05/2015 12:00,0.468813422,0.54335809,0.06340494
21/05/2015 13:00,0.289422797,0.403518325,0.006295829
21/05/2015 14:00,0.099622398,0.221626299,0
21/05/2015 15:00,0.015708422,0.054143603,0
21/05/2015 16:00,0.001039183,0.019101197,0
21/05/2015 17:00,0,0.004095857,0
21/05/2015 18:00,0,0,0
21/05/2015 19:00,0,0,0
21/05/2015 20:00,0,0,0
21/05/2015 21:00,0,0,0
21/05/2015 22:00,0,0,0
21/05/2015 23:00,0,0,8.17E-06
22/05/2015 00:00,0,0,0.00313992
22/05/2015 01:00,0,0,0.029993449
22/05/2015 02:00,4.82E-05,1.14E-05,0.119835575
22/05/2015 03:00,0.013270639,0.004372893,0.254755744
22/05/2015 04:00,0.098321619,0.04798239,0.387680052
22/05/2015 05:00,0.249290118,0.169924464,0.484654946
22/05/2015 06:00,0.41580252,0.338475792,0.550261361
22/05/2015 07:00,0.551210981,0.514936436,0.544759844
22/05/2015 08:00,0.644121723,0.627002981,0.521387721
22/05/2015 09:00,0.690228935,0.691373644,0.446930718
22/05/2015 10:00,0.680544587,0.706940013,0.337815484
22/05/2015 11:00,0.618852951,0.642704252,0.193791437
22/05/2015 12:00,0.495113611,0.516489037,0.063268057
22/05/2015 13:00,0.311998028,0.360634065,0.005282218
22/05/2015 14:00,0.105391827,0.210604742,0
22/05/2015 15:00,0.009777179,0.05922908,0
22/05/2015 16:00,0.000776464,0.018856683,0
22/05/2015 17:00,0,0.004731684,0
22/05/2015 18:00,0,0,0
22/05/2015 19:00,0,0,0
22/05/2015 20:00,0,0,0
22/05/2015 21:00,0,0,0
22/05/2015 22:00,0,0,0
22/05/2015 23:00,0,0,6.20E-06
23/05/2015 00:00,0,0,0.003064383
23/05/2015 01:00,0,0,0.028918904
23/05/2015 02:00,5.20E-05,1.36E-05,0.116626074
23/05/2015 03:00,0.013199787,0.004142987,0.240910745
23/05/2015 04:00,0.097605335,0.047709742,0.368191849
23/05/2015 05:00,0.248836053,0.176145667,0.453129706
23/05/2015 06:00,0.415988443,0.371226931,0.517590845
23/05/2015 07:00,0.557172754,0.545789675,0.517067829
23/05/2015 08:00,0.651629356,0.662763402,0.496063464
23/05/2015 09:00,0.698236739,0.694262879,0.420835842
23/05/2015 10:00,0.691011927,0.722848321,0.315668644
23/05/2015 11:00,0.628731477,0.678070627,0.183859566
23/05/2015 12:00,0.501313095,0.572171553,0.066053018
23/05/2015 13:00,0.315957216,0.429311068,0.005577837
23/05/2015 14:00,0.102178153,0.232985404,0
23/05/2015 15:00,0.007622188,0.050933324,0
23/05/2015 16:00,0.000859846,0.013165352,0
23/05/2015 17:00,0,0.004485419,0
23/05/2015 18:00,0,0,0
23/05/2015 19:00,0,0,0
23/05/2015 20:00,0,0,0
23/05/2015 21:00,0,0,0
23/05/2015 22:00,0,0,0
23/05/2015 23:00,0,0,8.33E-06
24/05/2015 00:00,0,0,0.003064569
24/05/2015 01:00,0,0,0.029574487
24/05/2015 02:00,5.47E-05,1.38E-05,0.118834067
24/05/2015 03:00,0.013413112,0.004259421,0.24418822
24/05/2015 04:00,0.09742482,0.047948261,0.37252898
24/05/2015 05:00,0.24863117,0.179092713,0.470851899
24/05/2015 06:00,0.415714058,0.367336442,0.51332176
24/05/2015 07:00,0.55671525,0.548785743,0.544126299
24/05/2015 08:00,0.651001316,0.671835164,0.503531333
24/05/2015 09:00,0.698397364,0.711041226,0.438559032
24/05/2015 10:00,0.690646254,0.730775182,0.324454178
24/05/2015 11:00,0.626373259,0.664528423,0.185516099
24/05/2015 12:00,0.501290514,0.52770562,0.065080253
24/05/2015 13:00,0.314729789,0.386875992,0.005880379
24/05/2015 14:00,0.107247247,0.2120341,0
24/05/2015 15:00,0.008344752,0.052416615,0
24/05/2015 16:00,0.000768719,0.022448271,0
24/05/2015 17:00,0,0.004982085,0
24/05/2015 18:00,0,0,0
24/05/2015 19:00,0,0,0
24/05/2015 20:00,0,0,0
24/05/2015 21:00,0,0,0
24/05/2015 22:00,0,0,0
24/05/2015 23:00,0,0,6.91E-06
25/05/2015 00:00,0,0,0.002541736
25/05/2015 01:00,0,0,0.026836141
25/05/2015 02:00,5.27E-05,1.55E-05,0.110387841
25/05/2015 03:00,0.013271177,0.004183661,0.239158007
25/05/2015 04:00,0.096260412,0.04620431,0.360128506
25/05/2015 05:00,0.245525732,0.163179524,0.451060732
25/05/2015 06:00,0.411955041,0.332991962,0.505695227
25/05/2015 07:00,0.548971315,0.516650529,0.516198318
25/05/2015 08:00,0.638485527,0.608369026,0.48587179
25/05/2015 09:00,0.679320157,0.673650617,0.406295674
25/05/2015 10:00,0.667188158,0.670732577,0.30930296
25/05/2015 11:00,0.600030214,0.590681769,0.175426163
25/05/2015 12:00,0.476169283,0.490794286,0.060449987
25/05/2015 13:00,0.301330521,0.347546858,0.005171361
25/05/2015 14:00,0.102235429,0.196788143,3.00E-06
25/05/2015 15:00,0.011799301,0.058243863,0
25/05/2015 16:00,0.001381702,0.024830556,0
25/05/2015 17:00,0,0.005654694,0
25/05/2015 18:00,0,0,0
25/05/2015 19:00,0,0,0
25/05/2015 20:00,0,0,0
25/05/2015 21:00,0,0,0
25/05/2015 22:00,0,0,0
25/05/2015 23:00,0,0,9.40E-06
26/05/2015 00:00,0,0,0.002410729
26/05/2015 01:00,0,0,0.025061197
26/05/2015 02:00,3.79E-05,1.91E-05,0.110180656
26/05/2015 03:00,0.0121997,0.004385259,0.230766365
26/05/2015 04:00,0.089852764,0.046647522,0.361091011
26/05/2015 05:00,0.231442752,0.161659716,0.453509802
26/05/2015 06:00,0.388721727,0.320769681,0.508017695
26/05/2015 07:00,0.521909396,0.488809936,0.524756714
26/05/2015 08:00,0.611565272,0.604070869,0.496908551
26/05/2015 09:00,0.649093718,0.654177694,0.425242736
26/05/2015 10:00,0.634945152,0.660214485,0.322739253
26/05/2015 11:00,0.566035364,0.629870179,0.186989132
26/05/2015 12:00,0.441342373,0.513152428,0.063792056
26/05/2015 13:00,0.275539881,0.345354135,0.006117524
26/05/2015 14:00,0.102657412,0.19835014,2.83E-06
26/05/2015 15:00,0.018412107,0.054900966,0
26/05/2015 16:00,0.001464783,0.023705227,0
26/05/2015 17:00,0,0.005553111,0
26/05/2015 18:00,0,0,0
26/05/2015 19:00,0,0,0
26/05/2015 20:00,0,0,0
26/05/2015 21:00,0,0,0
26/05/2015 22:00,0,0,0
26/05/2015 23:00,0,0,1.20E-05
27/05/2015 00:00,0,0,0.002985555
27/05/2015 01:00,0,0,0.027994461
27/05/2015 02:00,3.63E-05,2.21E-05,0.112448417
27/05/2015 03:00,0.011046929,0.00433047,0.243630749
27/05/2015 04:00,0.083210625,0.048293593,0.365260882
27/05/2015 05:00,0.215042556,0.175135429,0.463421032
27/05/2015 06:00,0.365730647,0.343338992,0.528815244
27/05/2015 07:00,0.493059403,0.502906282,0.538384426
27/05/2015 08:00,0.573905658,0.611969623,0.515430673
27/05/2015 09:00,0.610319145,0.686324085,0.441070129
27/05/2015 10:00,0.596494934,0.685783395,0.332238303
27/05/2015 11:00,0.530464074,0.642077157,0.191918504
27/05/2015 12:00,0.411574505,0.526976509,0.062590579
27/05/2015 13:00,0.264020423,0.364524641,0.006158132
27/05/2015 14:00,0.100459485,0.202859927,2.12E-05
27/05/2015 15:00,0.022453636,0.053798728,0
27/05/2015 16:00,0.002115837,0.02121785,0
27/05/2015 17:00,0,0.006059157,0
27/05/2015 18:00,0,0,0
27/05/2015 19:00,0,0,0
27/05/2015 20:00,0,0,0
27/05/2015 21:00,0,0,0
27/05/2015 22:00,0,0,0
27/05/2015 23:00,0,0,1.44E-05
28/05/2015 00:00,0,0,0.003837543
28/05/2015 01:00,0,0,0.033959483
28/05/2015 02:00,5.61E-05,2.31E-05,0.127211625
28/05/2015 03:00,0.01240047,0.004962632,0.254186086
28/05/2015 04:00,0.087078342,0.046817893,0.371164337
28/05/2015 05:00,0.219422077,0.156347044,0.473539225
28/05/2015 06:00,0.360612041,0.307266786,0.52262352
28/05/2015 07:00,0.496330528,0.452877424,0.54246183
28/05/2015 08:00,0.580159895,0.550366277,0.515610228
28/05/2015 09:00,0.623087176,0.612925287,0.441924158
28/05/2015 10:00,0.608433018,0.588194849,0.329388084
28/05/2015 11:00,0.53995878,0.542354544,0.184354035
28/05/2015 12:00,0.4199161,0.448761363,0.061128109
28/05/2015 13:00,0.260344094,0.333185236,0.00658311
28/05/2015 14:00,0.098412391,0.189631201,5.89E-05
28/05/2015 15:00,0.018521135,0.070200489,0
28/05/2015 16:00,0.002011418,0.025512125,0
28/05/2015 17:00,0,0.005291699,0
28/05/2015 18:00,0,0,0
28/05/2015 19:00,0,0,0
28/05/2015 20:00,0,0,0
28/05/2015 21:00,0,0,0
28/05/2015 22:00,0,0,0
28/05/2015 23:00,0,0,1.95E-05
29/05/2015 00:00,0,0,0.004054057
29/05/2015 01:00,0,0,0.033394763
29/05/2015 02:00,6.08E-05,1.26E-05,0.122024075
29/05/2015 03:00,0.012811592,0.004442167,0.256715902
29/05/2015 04:00,0.090040822,0.038003264,0.382366069
29/05/2015 05:00,0.230919084,0.126765758,0.488379388
29/05/2015 06:00,0.390942138,0.257445585,0.552122182
29/05/2015 07:00,0.525386283,0.401683151,0.545666699
29/05/2015 08:00,0.615296423,0.495699732,0.513916992
29/05/2015 09:00,0.650729663,0.553376018,0.44310853
29/05/2015 10:00,0.637731707,0.574301119,0.321934155
29/05/2015 11:00,0.569390312,0.520775306,0.180113631
29/05/2015 12:00,0.44216674,0.433244516,0.057863603
29/05/2015 13:00,0.278460853,0.324075705,0.007662449
29/05/2015 14:00,0.101790577,0.17896886,0.000123358
29/05/2015 15:00,0.014107773,0.068810952,0
29/05/2015 16:00,0.001307268,0.030808594,0
29/05/2015 17:00,0,0.006237252,0
29/05/2015 18:00,0,0,0
29/05/2015 19:00,0,0,0
29/05/2015 20:00,0,0,0
29/05/2015 21:00,0,0,0
29/05/2015 22:00,0,0,0
29/05/2015 23:00,0,0,8.88E-06
30/05/2015 00:00,0,0,0.003620353
30/05/2015 01:00,0,0,0.033653542
30/05/2015 02:00,6.32E-05,1.85E-05,0.121306813
30/05/2015 03:00,0.013212459,0.004887706,0.250137404
30/05/2015 04:00,0.092073306,0.044353584,0.376054751
30/05/2015 05:00,0.235251566,0.146176179,0.475102941
30/05/2015 06:00,0.395965828,0.289446819,0.531128258
30/05/2015 07:00,0.532762689,0.448643024,0.525751333
30/05/2015 08:00,0.623516898,0.567825998,0.505411933
30/05/2015 09:00,0.665556007,0.612373656,0.425597194
30/05/2015 10:00,0.65099376,0.621777504,0.313226904
30/05/2015 11:00,0.589262142,0.540289238,0.178337709
30/05/2015 12:00,0.469559944,0.47343806,0.062219767
30/05/2015 13:00,0.29803789,0.339700159,0.00836026
30/05/2015 14:00,0.1080739,0.195012328,0.00014439
30/05/2015 15:00,0.014054823,0.061927447,0
30/05/2015 16:00,0.000976234,0.027529404,0
30/05/2015 17:00,0,0.005782113,0
30/05/2015 18:00,0,0,0
30/05/2015 19:00,0,0,0
30/05/2015 20:00,0,0,0
30/05/2015 21:00,0,0,0
30/05/2015 22:00,0,0,0
30/05/2015 23:00,0,0,1.54E-05
31/05/2015 00:00,0,0,0.003282884
31/05/2015 01:00,0,0,0.030881241
31/05/2015 02:00,6.43E-05,2.81E-05,0.114732785
31/05/2015 03:00,0.013230913,0.004758428,0.240025408
31/05/2015 04:00,0.091690945,0.042377175,0.365676075
31/05/2015 05:00,0.235151699,0.134882832,0.450408148
31/05/2015 06:00,0.395597424,0.266915433,0.515116121
31/05/2015 07:00,0.530751097,0.421618898,0.48033097
31/05/2015 08:00,0.622206558,0.520218857,0.463235247
31/05/2015 09:00,0.660522283,0.554149129,0.403469214
31/05/2015 10:00,0.648770538,0.563713637,0.307095099
31/05/2015 11:00,0.583985715,0.542373688,0.184444149
31/05/2015 12:00,0.467824255,0.453146941,0.065930078
31/05/2015 13:00,0.299642189,0.339978181,0.007593311
31/05/2015 14:00,0.108376168,0.191527232,0.000156716
31/05/2015 15:00,0.013490561,0.060133615,0
31/05/2015 16:00,0.000927136,0.023463503,0
31/05/2015 17:00,0,0.005791416,0
31/05/2015 18:00,0,0,0
31/05/2015 19:00,0,0,0
31/05/2015 20:00,0,0,0
31/05/2015 21:00,0,0,0
31/05/2015 22:00,0,0,0
31/05/2015 23:00,0,0,1.99E-05
01/06/2015 00:00,0,0,0.003237299
01/06/2015 01:00,0,0,0.028820196
01/06/2015 02:00,6.54E-05,2.53E-05,0.109539953
01/06/2015 03:00,0.013123685,0.004820538,0.226420293
01/06/2015 04:00,0.090691304,0.044344062,0.350092189
01/06/2015 05:00,0.231050612,0.145028693,0.442383416
01/06/2015 06:00,0.39005208,0.277314551,0.499249287
01/06/2015 07:00,0.526975938,0.461827381,0.509752205
01/06/2015 08:00,0.616082677,0.564903093,0.477912777
01/06/2015 09:00,0.658716728,0.613779513,0.403379103
01/06/2015 10:00,0.64734299,0.621216051,0.297216532
01/06/2015 11:00,0.588309365,0.567788487,0.17697369
01/06/2015 12:00,0.474325902,0.486328199,0.064172872
01/06/2015 13:00,0.302828988,0.36950502,0.008618734
01/06/2015 14:00,0.108710722,0.19930136,0.000207761
01/06/2015 15:00,0.009728255,0.06047725,0
01/06/2015 16:00,0.000955823,0.020460952,0
01/06/2015 17:00,0,0.006073784,0
01/06/2015 18:00,0,0,0
01/06/2015 19:00,0,0,0
01/06/2015 20:00,0,0,0
01/06/2015 21:00,0,0,0
01/06/2015 22:00,0,0,0
01/06/2015 23:00,0,0,1.62E-05
02/06/2015 00:00,0,0,0.003241793
02/06/2015 01:00,0,0,0.026174097
02/06/2015 02:00,6.77E-05,2.91E-05,0.106270181
02/06/2015 03:00,0.013231812,0.004993867,0.222584999
02/06/2015 04:00,0.091093729,0.047835722,0.334532281
02/06/2015 05:00,0.232860183,0.163449255,0.419128552
02/06/2015 06:00,0.391432556,0.336997711,0.479894805
02/06/2015 07:00,0.526965845,0.501018561,0.470098091
02/06/2015 08:00,0.617854631,0.633060344,0.455401195
02/06/2015 09:00,0.659328182,0.713616062,0.39734064
02/06/2015 10:00,0.645288323,0.704436258,0.297589263
02/06/2015 11:00,0.584345655,0.650268618,0.174090181
02/06/2015 12:00,0.467429561,0.556070391,0.065037781
02/06/2015 13:00,0.297358423,0.414084567,0.009175882
02/06/2015 14:00,0.106741974,0.237614961,0.000244262
02/06/2015 15:00,0.011674531,0.061013627,0
02/06/2015 16:00,0.001246335,0.015595025,0
02/06/2015 17:00,0,0.005067966,0
02/06/2015 18:00,0,0,0
02/06/2015 19:00,0,0,0
02/06/2015 20:00,0,0,0
02/06/2015 21:00,0,0,0
02/06/2015 22:00,0,0,0
02/06/2015 23:00,0,0,1.50E-05
03/06/2015 00:00,0,0,0.003452491
03/06/2015 01:00,0,0,0.031045273
03/06/2015 02:00,6.85E-05,3.15E-05,0.113168679
03/06/2015 03:00,0.013286845,0.005028848,0.237249068
03/06/2015 04:00,0.091355604,0.050563914,0.351660924
03/06/2015 05:00,0.234138893,0.186945401,0.44624687
03/06/2015 06:00,0.394439595,0.390364029,0.507207994
03/06/2015 07:00,0.531084976,0.58106838,0.525582556
03/06/2015 08:00,0.622589584,0.704978846,0.483753874
03/06/2015 09:00,0.667577088,0.77221457,0.417009766
03/06/2015 10:00,0.659001448,0.77950026,0.309561544
03/06/2015 11:00,0.600138394,0.754221666,0.168741464
03/06/2015 12:00,0.484280586,0.642061609,0.060060533
03/06/2015 13:00,0.309524235,0.498538338,0.010097771
03/06/2015 14:00,0.110043072,0.2713115,0.000264528
03/06/2015 15:00,0.008837811,0.058271917,0
03/06/2015 16:00,0.00089874,0.011230898,0
03/06/2015 17:00,0,0.004937357,0
03/06/2015 18:00,0,0,0
03/06/2015 19:00,0,0,0
03/06/2015 20:00,0,0,0
03/06/2015 21:00,0,0,0
03/06/2015 22:00,0,0,0
03/06/2015 23:00,0,0,1.90E-05
04/06/2015 00:00,0,0,0.003204442
04/06/2015 01:00,0,0,0.027457232
04/06/2015 02:00,6.89E-05,3.39E-05,0.111565319
04/06/2015 03:00,0.013364515,0.004902566,0.231362815
04/06/2015 04:00,0.091632144,0.050313877,0.347325217
04/06/2015 05:00,0.234111822,0.189129063,0.447442885
04/06/2015 06:00,0.39341922,0.388704962,0.5135565
04/06/2015 07:00,0.528542077,0.581232956,0.491277705
04/06/2015 08:00,0.620059756,0.706630539,0.473077131
04/06/2015 09:00,0.66506772,0.768678332,0.414491153
04/06/2015 10:00,0.657096268,0.774532629,0.31757756
04/06/2015 11:00,0.597698623,0.731081197,0.181443645
04/06/2015 12:00,0.481436674,0.646313127,0.062581503
04/06/2015 13:00,0.307562422,0.476520181,0.009489971
04/06/2015 14:00,0.110239866,0.272751643,0.000331953
04/06/2015 15:00,0.012331783,0.060260436,0
04/06/2015 16:00,0.000914005,0.012867948,0
04/06/2015 17:00,0,0.00481901,0
04/06/2015 18:00,0,0,0
04/06/2015 19:00,0,0,0
04/06/2015 20:00,0,0,0
04/06/2015 21:00,0,0,0
04/06/2015 22:00,0,0,0
04/06/2015 23:00,0,0,2.33E-05
05/06/2015 00:00,0,0,0.00374688
05/06/2015 01:00,0,0,0.028961205
05/06/2015 02:00,6.85E-05,3.63E-05,0.107987556
05/06/2015 03:00,0.013283935,0.005086807,0.223702474
05/06/2015 04:00,0.090215156,0.050522114,0.341379333
05/06/2015 05:00,0.23151784,0.188948233,0.434906105
05/06/2015 06:00,0.389473394,0.385706635,0.481025648
05/06/2015 07:00,0.525701642,0.559775497,0.495980703
05/06/2015 08:00,0.616608595,0.693841614,0.470686592
05/06/2015 09:00,0.66150686,0.766065128,0.410560151
05/06/2015 10:00,0.65089639,0.762243664,0.299166611
05/06/2015 11:00,0.589101768,0.701141986,0.17550797
05/06/2015 12:00,0.471834703,0.582948119,0.06337075
05/06/2015 13:00,0.303435832,0.425144731,0.011303141
05/06/2015 14:00,0.111011345,0.224815223,0.000354202
05/06/2015 15:00,0.012757253,0.054062435,0
05/06/2015 16:00,0.001045256,0.020959924,0
05/06/2015 17:00,0,0.00715107,0
05/06/2015 18:00,0,0,0
05/06/2015 19:00,0,0,0
05/06/2015 20:00,0,0,0
05/06/2015 21:00,0,0,0
05/06/2015 22:00,0,0,0
05/06/2015 23:00,0,0,2.37E-05
06/06/2015 00:00,0,0,0.003889297
06/06/2015 01:00,0,0,0.029122586
06/06/2015 02:00,6.77E-05,4.05E-05,0.103930431
06/06/2015 03:00,0.01304429,0.004887898,0.213500578
06/06/2015 04:00,0.087850959,0.050946518,0.327836156
06/06/2015 05:00,0.224697867,0.192803172,0.428313349
06/06/2015 06:00,0.380915117,0.395172189,0.484192283
06/06/2015 07:00,0.51438033,0.577410418,0.499389665
06/06/2015 08:00,0.606807648,0.692816758,0.468459461
06/06/2015 09:00,0.650764381,0.733022981,0.412327277
06/06/2015 10:00,0.643413365,0.723861359,0.297248433
06/06/2015 11:00,0.582950181,0.682230841,0.180032327
06/06/2015 12:00,0.467389796,0.558147116,0.066000308
06/06/2015 13:00,0.296938061,0.399941372,0.011963893
06/06/2015 14:00,0.110242133,0.209837295,0.000422838
06/06/2015 15:00,0.016361412,0.058694043,0
06/06/2015 16:00,0.00120974,0.023855483,0
06/06/2015 17:00,0,0.007019329,0
06/06/2015 18:00,0,0,0
06/06/2015 19:00,0,0,0
06/06/2015 20:00,0,0,0
06/06/2015 21:00,0,0,0
06/06/2015 22:00,0,0,0
06/06/2015 23:00,0,0,2.00E-05
07/06/2015 00:00,0,0,0.003543552
07/06/2015 01:00,0,0,0.029086324
07/06/2015 02:00,6.74E-05,3.96E-05,0.100412568
07/06/2015 03:00,0.012995214,0.004879037,0.208188473
07/06/2015 04:00,0.086966474,0.050791818,0.319143094
07/06/2015 05:00,0.221110143,0.193880187,0.400019126
07/06/2015 06:00,0.373450937,0.395285412,0.447995604
07/06/2015 07:00,0.497409907,0.578892122,0.441562704
07/06/2015 08:00,0.583137404,0.710493975,0.42584673
07/06/2015 09:00,0.625944986,0.769682787,0.373409518
07/06/2015 10:00,0.612723155,0.763559664,0.273553631
07/06/2015 11:00,0.547619926,0.694832945,0.157412797
07/06/2015 12:00,0.43244539,0.59585018,0.058301232
07/06/2015 13:00,0.276671541,0.424823125,0.011604305
07/06/2015 14:00,0.105537718,0.225855162,0.000485658
07/06/2015 15:00,0.022329381,0.058789503,0
07/06/2015 16:00,0.001846546,0.015190709,0
07/06/2015 17:00,0,0.006289736,0
07/06/2015 18:00,0,0,0
07/06/2015 19:00,0,0,0
07/06/2015 20:00,0,0,0
07/06/2015 21:00,0,0,0
07/06/2015 22:00,0,0,0
07/06/2015 23:00,0,0,1.94E-05
08/06/2015 00:00,0,0,0.003598903
08/06/2015 01:00,0,0,0.028312979
08/06/2015 02:00,6.73E-05,4.02E-05,0.095709797
08/06/2015 03:00,0.013006713,0.004860209,0.187216057
08/06/2015 04:00,0.086590876,0.049886925,0.289105637
08/06/2015 05:00,0.219489906,0.189456668,0.352849652
08/06/2015 06:00,0.369923368,0.386845805,0.402861713
08/06/2015 07:00,0.501661555,0.564456801,0.413223147
08/06/2015 08:00,0.58978117,0.691969647,0.39741288
08/06/2015 09:00,0.629670802,0.759585939,0.344232671
08/06/2015 10:00,0.608872782,0.766113044,0.260462974
08/06/2015 11:00,0.546293339,0.689170727,0.157733788
08/06/2015 12:00,0.43102609,0.616038419,0.060385377
08/06/2015 13:00,0.272066562,0.455914437,0.012294281
08/06/2015 14:00,0.103410104,0.25589115,0.000478131
08/06/2015 15:00,0.020314699,0.053398337,0
08/06/2015 16:00,0.002089463,0.010251487,0
08/06/2015 17:00,0,0.005796667,0
08/06/2015 18:00,0,0,0
08/06/2015 19:00,0,0,0
08/06/2015 20:00,0,0,0
08/06/2015 21:00,0,0,0
08/06/2015 22:00,0,0,0
08/06/2015 23:00,0,0,2.26E-05
09/06/2015 00:00,0,0,0.003377368
09/06/2015 01:00,0,0,0.026863371
09/06/2015 02:00,6.77E-05,4.05E-05,0.087411054
09/06/2015 03:00,0.013061606,0.005183217,0.182541431
09/06/2015 04:00,0.086751028,0.04922564,0.26950159
09/06/2015 05:00,0.220155068,0.185851877,0.339114384
09/06/2015 06:00,0.369828671,0.393675517,0.391758615
09/06/2015 07:00,0.507052429,0.590268704,0.435717249
09/06/2015 08:00,0.596736647,0.731038006,0.397704232
09/06/2015 09:00,0.639636258,0.813299551,0.333683
09/06/2015 10:00,0.627940522,0.838271431,0.2519881
09/06/2015 11:00,0.563459952,0.808230415,0.15646988
09/06/2015 12:00,0.446953416,0.701739098,0.062694064
09/06/2015 13:00,0.283402495,0.539075729,0.014260682
09/06/2015 14:00,0.108242162,0.294990605,0.000501048
09/06/2015 15:00,0.017885137,0.053768448,0
09/06/2015 16:00,0.001388548,0.007208695,0
09/06/2015 17:00,0,0.005782681,0
09/06/2015 18:00,0,0,0
09/06/2015 19:00,0,0,0
09/06/2015 20:00,0,0,0
09/06/2015 21:00,0,0,0
09/06/2015 22:00,0,0,0
09/06/2015 23:00,0,0,2.29E-05
10/06/2015 00:00,0,0,0.00292676
10/06/2015 01:00,0,0,0.023496815
10/06/2015 02:00,7.01E-05,4.40E-05,0.083811845
10/06/2015 03:00,0.013130789,0.004705603,0.168147356
10/06/2015 04:00,0.087251126,0.050267432,0.249409673
10/06/2015 05:00,0.22446786,0.196785547,0.308036267
10/06/2015 06:00,0.380033738,0.398482259,0.352960561
10/06/2015 07:00,0.511974632,0.57681646,0.394971286
10/06/2015 08:00,0.599776084,0.718306025,0.4083346
10/06/2015 09:00,0.643661451,0.784990604,0.341526063
10/06/2015 10:00,0.635714855,0.793133546,0.26093921
10/06/2015 11:00,0.578630372,0.763978861,0.157399422
10/06/2015 12:00,0.461361541,0.647603933,0.062024695
10/06/2015 13:00,0.298242587,0.456925323,0.015066618
10/06/2015 14:00,0.111504553,0.23565894,0.000556744
10/06/2015 15:00,0.016034239,0.058596902,0
10/06/2015 16:00,0.001146991,0.019864676,0
10/06/2015 17:00,0,0.006854086,0
10/06/2015 18:00,0,0,0
10/06/2015 19:00,0,0,0
10/06/2015 20:00,0,0,0
10/06/2015 21:00,0,0,0
10/06/2015 22:00,0,0,0
10/06/2015 23:00,0,0,1.54E-05
11/06/2015 00:00,0,0,0.002188068
11/06/2015 01:00,0,0,0.017621163
11/06/2015 02:00,6.80E-05,4.26E-05,0.071294669
11/06/2015 03:00,0.013073549,0.005061831,0.151226656
11/06/2015 04:00,0.086715213,0.047364027,0.236724547
11/06/2015 05:00,0.220893678,0.163721752,0.308934627
11/06/2015 06:00,0.375265376,0.332089547,0.353866874
11/06/2015 07:00,0.508425591,0.511077408,0.402494305
11/06/2015 08:00,0.601903442,0.641710091,0.388513146
11/06/2015 09:00,0.64808021,0.720999288,0.350560568
11/06/2015 10:00,0.644821201,0.744948425,0.262253051
11/06/2015 11:00,0.586844801,0.687775319,0.160133678
11/06/2015 12:00,0.472610377,0.576086348,0.062411693
11/06/2015 13:00,0.301044232,0.409568108,0.013123743
11/06/2015 14:00,0.1113545,0.218049735,0.000683246
11/06/2015 15:00,0.014379822,0.066548429,0
11/06/2015 16:00,0.001264634,0.026425133,0
11/06/2015 17:00,0,0.007611565,0
11/06/2015 18:00,0,0,0
11/06/2015 19:00,0,0,0
11/06/2015 20:00,0,0,0
11/06/2015 21:00,0,0,0
11/06/2015 22:00,0,0,0
11/06/2015 23:00,0,0,8.60E-06
12/06/2015 00:00,0,0,0.001514682
12/06/2015 01:00,0,0,0.015875153
12/06/2015 02:00,6.89E-05,3.74E-05,0.067020027
12/06/2015 03:00,0.013385012,0.004985082,0.152224466
12/06/2015 04:00,0.088499222,0.047896518,0.25227407
12/06/2015 05:00,0.226225548,0.178772901,0.324442607
12/06/2015 06:00,0.381891755,0.378319416,0.37773538
12/06/2015 07:00,0.516454269,0.566775226,0.406190942
12/06/2015 08:00,0.609132893,0.704478156,0.405733557
12/06/2015 09:00,0.658722467,0.78390918,0.348589756
12/06/2015 10:00,0.65381543,0.797562856,0.268247721
12/06/2015 11:00,0.594969104,0.75894585,0.164795593
12/06/2015 12:00,0.479531111,0.669445865,0.063720644
12/06/2015 13:00,0.307582499,0.50289358,0.012105295
12/06/2015 14:00,0.113670849,0.286777727,0.000743346
12/06/2015 15:00,0.014779478,0.063613468,0
12/06/2015 16:00,0.001274821,0.011122107,0
12/06/2015 17:00,0,0.005888704,0
12/06/2015 18:00,0,0,0
12/06/2015 19:00,0,0,0
12/06/2015 20:00,0,0,0
12/06/2015 21:00,0,0,0
12/06/2015 22:00,0,0,0
12/06/2015 23:00,0,0,6.96E-06
13/06/2015 00:00,0,0,0.00142349
13/06/2015 01:00,0,0,0.018616039
13/06/2015 02:00,6.87E-05,4.16E-05,0.077586486
13/06/2015 03:00,0.013400467,0.004993853,0.177357333
13/06/2015 04:00,0.088213335,0.048623708,0.27790067
13/06/2015 05:00,0.225744912,0.189875742,0.373803182
13/06/2015 06:00,0.378991509,0.394045755,0.42858996
13/06/2015 07:00,0.515911439,0.575282912,0.441108253
13/06/2015 08:00,0.60771206,0.706109717,0.424128494
13/06/2015 09:00,0.649097004,0.783453997,0.375680941
13/06/2015 10:00,0.639873224,0.786529724,0.299778694
13/06/2015 11:00,0.573917878,0.748352704,0.181614888
13/06/2015 12:00,0.460183656,0.633789478,0.068437068
13/06/2015 13:00,0.295729837,0.472560001,0.010525891
13/06/2015 14:00,0.109875699,0.263974849,0.000733236
13/06/2015 15:00,0.016972691,0.073500335,0
13/06/2015 16:00,0.001627466,0.017162679,0
13/06/2015 17:00,0,0.005618761,0
13/06/2015 18:00,0,0,0
13/06/2015 19:00,0,0,0
13/06/2015 20:00,0,0,0
13/06/2015 21:00,0,0,0
13/06/2015 22:00,0,0,0
13/06/2015 23:00,0,0,9.42E-06
14/06/2015 00:00,0,0,0.002065259
14/06/2015 01:00,0,0,0.020918645
14/06/2015 02:00,6.74E-05,4.38E-05,0.091059868
14/06/2015 03:00,0.013325981,0.004826652,0.192345918
14/06/2015 04:00,0.087621021,0.047846424,0.300590869
14/06/2015 05:00,0.224558636,0.181999589,0.391599099
14/06/2015 06:00,0.37953071,0.378618641,0.469426653
14/06/2015 07:00,0.514737103,0.540125394,0.476722505
14/06/2015 08:00,0.608179544,0.654674863,0.448554897
14/06/2015 09:00,0.654659229,0.723867694,0.406709636
14/06/2015 10:00,0.646688319,0.724455869,0.309101846
14/06/2015 11:00,0.587220033,0.683406366,0.186932936
14/06/2015 12:00,0.471346532,0.581645213,0.068114604
14/06/2015 13:00,0.302305247,0.407927232,0.011104259
14/06/2015 14:00,0.112557497,0.233591887,0.000844993
14/06/2015 15:00,0.015972685,0.062232418,0
14/06/2015 16:00,0.001377666,0.022092931,0
14/06/2015 17:00,0,0.008096098,0
14/06/2015 18:00,0,0,0
14/06/2015 19:00,0,0,0
14/06/2015 20:00,0,0,0
14/06/2015 21:00,0,0,0
14/06/2015 22:00,0,0,0
14/06/2015 23:00,0,0,1.30E-05
15/06/2015 00:00,0,0,0.00268197
15/06/2015 01:00,0,0,0.024906751
15/06/2015 02:00,6.52E-05,4.29E-05,0.100085302
15/06/2015 03:00,0.013242339,0.004731927,0.20972186
15/06/2015 04:00,0.08738967,0.047437555,0.317297028
15/06/2015 05:00,0.224412529,0.176589818,0.409572659
15/06/2015 06:00,0.379499339,0.357767463,0.465127799
15/06/2015 07:00,0.515172738,0.517866385,0.488933771
15/06/2015 08:00,0.606854791,0.623652231,0.471746113
15/06/2015 09:00,0.653916052,0.692161386,0.416001136
15/06/2015 10:00,0.648938628,0.683753398,0.313479543
15/06/2015 11:00,0.591887502,0.610092195,0.188712031
15/06/2015 12:00,0.478929647,0.480658636,0.069828455
15/06/2015 13:00,0.310442522,0.344250832,0.011085734
15/06/2015 14:00,0.116058918,0.204129135,0.000861686
15/06/2015 15:00,0.014099263,0.065292369,0
15/06/2015 16:00,0.001358315,0.026802145,0
15/06/2015 17:00,0,0.007860115,0
15/06/2015 18:00,0,0,0
15/06/2015 19:00,0,0,0
15/06/2015 20:00,0,0,0
15/06/2015 21:00,0,0,0
15/06/2015 22:00,0,0,0
15/06/2015 23:00,0,0,1.26E-05
16/06/2015 00:00,0,0,0.002722127
16/06/2015 01:00,0,0,0.025500244
16/06/2015 02:00,6.19E-05,4.26E-05,0.099205557
16/06/2015 03:00,0.013139999,0.005273678,0.213547776
16/06/2015 04:00,0.086957661,0.047703701,0.320956793
16/06/2015 05:00,0.224014503,0.175069185,0.414359265
16/06/2015 06:00,0.379685551,0.352314201,0.474364205
16/06/2015 07:00,0.515529828,0.511524397,0.489328768
16/06/2015 08:00,0.607083613,0.620280966,0.483729377
16/06/2015 09:00,0.654704168,0.636867093,0.422218333
16/06/2015 10:00,0.65085891,0.626998777,0.329288565
16/06/2015 11:00,0.593789148,0.567272068,0.19252979
16/06/2015 12:00,0.480125448,0.476677821,0.067048967
16/06/2015 13:00,0.311253674,0.34409528,0.012340938
16/06/2015 14:00,0.116671689,0.192783549,0.000921521
16/06/2015 15:00,0.014468115,0.063278777,0
16/06/2015 16:00,0.001284675,0.026942159,0
16/06/2015 17:00,0,0.008979974,0
16/06/2015 18:00,0,0,0
16/06/2015 19:00,0,0,0
16/06/2015 20:00,0,0,0
16/06/2015 21:00,0,0,0
16/06/2015 22:00,0,0,0
16/06/2015 23:00,0,0,1.03E-05
17/06/2015 00:00,0,0,0.002631036
17/06/2015 01:00,0,0,0.026631027
17/06/2015 02:00,6.16E-05,4.30E-05,0.09893859
17/06/2015 03:00,0.01313119,0.004568894,0.20018645
17/06/2015 04:00,0.086974148,0.045907842,0.311248322
17/06/2015 05:00,0.223757433,0.167393463,0.402808998
17/06/2015 06:00,0.378489652,0.329911926,0.468311408
17/06/2015 07:00,0.513530787,0.477084204,0.479461074
17/06/2015 08:00,0.60597616,0.56766137,0.456471052
17/06/2015 09:00,0.653595337,0.638955049,0.40447054
17/06/2015 10:00,0.64882751,0.639373169,0.30561627
17/06/2015 11:00,0.591801122,0.603705935,0.175675354
17/06/2015 12:00,0.477697609,0.507742913,0.064982751
17/06/2015 13:00,0.308740869,0.383921105,0.013797482
17/06/2015 14:00,0.115387375,0.211801291,0.000979331
17/06/2015 15:00,0.015061379,0.05546194,0
17/06/2015 16:00,0.001338442,0.024149524,0
17/06/2015 17:00,0,0.009730842,0
17/06/2015 18:00,0,0,0
17/06/2015 19:00,0,0,0
17/06/2015 20:00,0,0,0
17/06/2015 21:00,0,0,0
17/06/2015 22:00,0,0,0
17/06/2015 23:00,0,0,1.75E-05
18/06/2015 00:00,0,0,0.002888183
18/06/2015 01:00,0,0,0.026672291
18/06/2015 02:00,6.00E-05,4.38E-05,0.097444125
18/06/2015 03:00,0.01301258,0.004669445,0.20454386
18/06/2015 04:00,0.086354633,0.044307741,0.306830126
18/06/2015 05:00,0.222806268,0.154151967,0.4069742
18/06/2015 06:00,0.377068958,0.302436185,0.469608704
18/06/2015 07:00,0.511957415,0.445314577,0.486588566
18/06/2015 08:00,0.60348793,0.566032266,0.464289152
18/06/2015 09:00,0.650434581,0.623412944,0.411368529
18/06/2015 10:00,0.644639289,0.594236982,0.313409154
18/06/2015 11:00,0.587295937,0.544171237,0.178585968
18/06/2015 12:00,0.472863805,0.449246871,0.067348348
18/06/2015 13:00,0.303898021,0.323301521,0.014301519
18/06/2015 14:00,0.114657276,0.189323867,0.00103088
18/06/2015 15:00,0.01693624,0.064783569,0
18/06/2015 16:00,0.001592447,0.025080205,0
18/06/2015 17:00,0,0.00898978,0
18/06/2015 18:00,0,0,0
18/06/2015 19:00,0,0,0
18/06/2015 20:00,0,0,0
18/06/2015 21:00,0,0,0
18/06/2015 22:00,0,0,0
18/06/2015 23:00,0,0,1.22E-05
19/06/2015 00:00,0,0,0.002869267
19/06/2015 01:00,0,0,0.026478868
19/06/2015 02:00,5.74E-05,4.07E-05,0.10036539
19/06/2015 03:00,0.012725137,0.004864514,0.210827857
19/06/2015 04:00,0.084638791,0.045577858,0.311721815
19/06/2015 05:00,0.218803813,0.160394375,0.408247551
19/06/2015 06:00,0.370936594,0.324318761,0.455545143
19/06/2015 07:00,0.504187183,0.50243319,0.486595571
19/06/2015 08:00,0.593756344,0.586525143,0.460013588
19/06/2015 09:00,0.64219953,0.654355147,0.396572566
19/06/2015 10:00,0.637191345,0.621478795,0.306554604
19/06/2015 11:00,0.573333425,0.565066993,0.179130697
19/06/2015 12:00,0.460382293,0.471946623,0.06700981
19/06/2015 13:00,0.295569868,0.352355788,0.014360315
19/06/2015 14:00,0.114538355,0.188960092,0.001055983
19/06/2015 15:00,0.019878392,0.059430852,0
19/06/2015 16:00,0.001675177,0.026893181,0
19/06/2015 17:00,0,0.010111035,0
19/06/2015 18:00,0,0,0
19/06/2015 19:00,0,0,0
19/06/2015 20:00,0,0,0
19/06/2015 21:00,0,0,0
19/06/2015 22:00,0,0,0
19/06/2015 23:00,0,0,1.85E-05
20/06/2015 00:00,0,0,0.003561241
20/06/2015 01:00,0,0,0.029233598
20/06/2015 02:00,5.41E-05,3.87E-05,0.103188165
20/06/2015 03:00,0.012521932,0.005081103,0.20712301
20/06/2015 04:00,0.083569204,0.044315701,0.320818244
20/06/2015 05:00,0.217034035,0.150356754,0.402473626
20/06/2015 06:00,0.370132838,0.307368986,0.462532706
20/06/2015 07:00,0.505967109,0.460312734,0.473331122
20/06/2015 08:00,0.596651658,0.58095816,0.453033174
20/06/2015 09:00,0.644421965,0.618291927,0.392371457
20/06/2015 10:00,0.636627682,0.619141729,0.296361597
20/06/2015 11:00,0.577834862,0.585883478,0.173836095
20/06/2015 12:00,0.461555462,0.48972785,0.06406035
20/06/2015 13:00,0.296282645,0.363336291,0.014368245
20/06/2015 14:00,0.116500932,0.204576644,0.001020491
20/06/2015 15:00,0.020786859,0.059318558,0
20/06/2015 16:00,0.001630261,0.023046843,0
20/06/2015 17:00,0,0.009681933,0
20/06/2015 18:00,0,0,0
20/06/2015 19:00,0,0,0
20/06/2015 20:00,0,0,0
20/06/2015 21:00,0,0,0
20/06/2015 22:00,0,0,0
20/06/2015 23:00,0,0,1.57E-05
21/06/2015 00:00,0,0,0.00315341
21/06/2015 01:00,0,0,0.026730251
21/06/2015 02:00,5.14E-05,3.58E-05,0.096260841
21/06/2015 03:00,0.012448833,0.004872669,0.199499599
21/06/2015 04:00,0.083599356,0.044396781,0.302491488
21/06/2015 05:00,0.217136317,0.159004592,0.388194491
21/06/2015 06:00,0.371300709,0.323120619,0.441413919
21/06/2015 07:00,0.505436871,0.505774774,0.471259444
21/06/2015 08:00,0.599704287,0.605059242,0.421889065
21/06/2015 09:00,0.64569494,0.662095386,0.368148628
21/06/2015 10:00,0.640973518,0.670521084,0.275567631
21/06/2015 11:00,0.580262085,0.59862246,0.16182916
21/06/2015 12:00,0.467164822,0.499926042,0.064761662
21/06/2015 13:00,0.301643233,0.369265575,0.01534767
21/06/2015 14:00,0.116979867,0.203261001,0.001051538
21/06/2015 15:00,0.018834943,0.055728462,0
21/06/2015 16:00,0.001534087,0.024173912,0
21/06/2015 17:00,0,0.009715523,0
21/06/2015 18:00,0,0,0
21/06/2015 19:00,0,0,0
21/06/2015 20:00,0,0,0
21/06/2015 21:00,0,0,0
21/06/2015 22:00,0,0,0
21/06/2015 23:00,0,0,1.13E-05
22/06/2015 00:00,0,0,0.002797524
22/06/2015 01:00,0,0,0.025237859
22/06/2015 02:00,4.87E-05,3.77E-05,0.088246916
22/06/2015 03:00,0.012382361,0.004709945,0.182409142
22/06/2015 04:00,0.083963582,0.043644484,0.277420425
22/06/2015 05:00,0.219387334,0.151888431,0.358157971
22/06/2015 06:00,0.375007878,0.305733881,0.404307219
22/06/2015 07:00,0.509667407,0.491917858,0.413851659
22/06/2015 08:00,0.603090687,0.611476523,0.386039363
22/06/2015 09:00,0.651600593,0.629182027,0.344091579
22/06/2015 10:00,0.647163703,0.631389659,0.259066657
22/06/2015 11:00,0.589270308,0.579233901,0.15924063
22/06/2015 12:00,0.47800474,0.503421212,0.066543541
22/06/2015 13:00,0.310414242,0.383306048,0.016448011
22/06/2015 14:00,0.118550322,0.220054914,0.001098221
22/06/2015 15:00,0.016538092,0.056848846,0
22/06/2015 16:00,0.001424553,0.017965862,0
22/06/2015 17:00,0,0.008929732,0
22/06/2015 18:00,0,0,0
22/06/2015 19:00,0,0,0
22/06/2015 20:00,0,0,0
22/06/2015 21:00,0,0,0
22/06/2015 22:00,0,0,0
22/06/2015 23:00,0,0,7.63E-06
23/06/2015 00:00,0,0,0.002781619
23/06/2015 01:00,0,0,0.022315533
23/06/2015 02:00,4.72E-05,3.48E-05,0.077425575
23/06/2015 03:00,0.012306787,0.004595289,0.169045683
23/06/2015 04:00,0.08380708,0.044772628,0.25090544
23/06/2015 05:00,0.219139401,0.163412255,0.328402166
23/06/2015 06:00,0.374652762,0.340524692,0.388898921
23/06/2015 07:00,0.511693649,0.527055528,0.414087066
23/06/2015 08:00,0.605584851,0.623945976,0.389346157
23/06/2015 09:00,0.654750677,0.668348973,0.339649308
23/06/2015 10:00,0.650040741,0.65799426,0.256785754
23/06/2015 11:00,0.593107051,0.612199282,0.154797674
23/06/2015 12:00,0.480838184,0.500774429,0.064464514
23/06/2015 13:00,0.313806654,0.384000483,0.015893553
23/06/2015 14:00,0.119674815,0.213695634,0.001116596
23/06/2015 15:00,0.015673716,0.05175619,0
23/06/2015 16:00,0.001468479,0.017039479,0
23/06/2015 17:00,0,0.009412341,0
23/06/2015 18:00,0,0,0
23/06/2015 19:00,0,0,0
23/06/2015 20:00,0,0,0
23/06/2015 21:00,0,0,0
23/06/2015 22:00,0,0,0
23/06/2015 23:00,0,0,6.63E-06
24/06/2015 00:00,0,0,0.00187615
24/06/2015 01:00,0,0,0.016978479
24/06/2015 02:00,4.40E-05,3.45E-05,0.070445826
24/06/2015 03:00,0.01221459,0.004748503,0.153695438
24/06/2015 04:00,0.083341441,0.042986829,0.244002792
24/06/2015 05:00,0.218176192,0.157783767,0.315313115
24/06/2015 06:00,0.372148431,0.331850191,0.3651549
24/06/2015 07:00,0.507963224,0.481602943,0.405655795
24/06/2015 08:00,0.601272715,0.601304823,0.386411285
24/06/2015 09:00,0.649853841,0.652715678,0.349433267
24/06/2015 10:00,0.645417987,0.630756309,0.25932553
24/06/2015 11:00,0.588772507,0.613065231,0.16429734
24/06/2015 12:00,0.47664507,0.530831603,0.067325791
24/06/2015 13:00,0.311591844,0.39509914,0.01563294
24/06/2015 14:00,0.120860263,0.222531959,0.00115439
24/06/2015 15:00,0.01725323,0.053653431,0
24/06/2015 16:00,0.001531283,0.012966054,0
24/06/2015 17:00,0,0.008715829,0
24/06/2015 18:00,0,0,0
24/06/2015 19:00,0,0,0
24/06/2015 20:00,0,0,0
24/06/2015 21:00,0,0,0
24/06/2015 22:00,0,0,0
24/06/2015 23:00,0,0,1.15E-05
25/06/2015 00:00,0,0,0.002300346
25/06/2015 01:00,0,0,0.019651135
25/06/2015 02:00,4.27E-05,3.20E-05,0.074316941
25/06/2015 03:00,0.012138487,0.004087163,0.165079481
25/06/2015 04:00,0.083020582,0.041771649,0.253567509
25/06/2015 05:00,0.217335575,0.153464262,0.32027388
25/06/2015 06:00,0.370371248,0.31597013,0.37026174
25/06/2015 07:00,0.504784817,0.489438408,0.41237942
25/06/2015 08:00,0.596103915,0.610576727,0.389579377
25/06/2015 09:00,0.644746822,0.674944774,0.333796183
25/06/2015 10:00,0.639866186,0.65944949,0.261270078
25/06/2015 11:00,0.582211046,0.625866457,0.15207767
25/06/2015 12:00,0.471102213,0.552269909,0.065634616
25/06/2015 13:00,0.307976106,0.409879737,0.015373179
25/06/2015 14:00,0.118455132,0.226724952,0.00120542
25/06/2015 15:00,0.018191581,0.059640478,0
25/06/2015 16:00,0.001830219,0.020171222,0
25/06/2015 17:00,0,0.008471821,0
25/06/2015 18:00,0,0,0
25/06/2015 19:00,0,0,0
25/06/2015 20:00,0,0,0
25/06/2015 21:00,0,0,0
25/06/2015 22:00,0,0,0
25/06/2015 23:00,0,0,8.14E-06
26/06/2015 00:00,0,0,0.002402969
26/06/2015 01:00,0,0,0.020835886
26/06/2015 02:00,4.07E-05,2.53E-05,0.071278571
26/06/2015 03:00,0.011912021,0.004212661,0.144920251
26/06/2015 04:00,0.082495886,0.04262471,0.227446288
26/06/2015 05:00,0.216106816,0.158899717,0.295333896
26/06/2015 06:00,0.368406417,0.333267613,0.349406198
26/06/2015 07:00,0.503318978,0.514056337,0.372164724
26/06/2015 08:00,0.593483725,0.639975499,0.353600063
26/06/2015 09:00,0.640442617,0.701643857,0.322159248
26/06/2015 10:00,0.638767036,0.711668402,0.239518879
26/06/2015 11:00,0.58192748,0.678947351,0.151544276
26/06/2015 12:00,0.471392495,0.604201384,0.067476108
26/06/2015 13:00,0.305949298,0.46247357,0.016505855
26/06/2015 14:00,0.119557334,0.263991409,0.001222107
26/06/2015 15:00,0.018425583,0.055896255,0
26/06/2015 16:00,0.001804503,0.0093979,0
26/06/2015 17:00,0,0.00808679,0
26/06/2015 18:00,0,0,0
26/06/2015 19:00,0,0,0
26/06/2015 20:00,0,0,0
26/06/2015 21:00,0,0,0
26/06/2015 22:00,0,0,0
26/06/2015 23:00,0,0,4.27E-06
27/06/2015 00:00,0,0,0.002209995
27/06/2015 01:00,0,0,0.017387841
27/06/2015 02:00,3.86E-05,2.86E-05,0.063666868
27/06/2015 03:00,0.011701059,0.004153872,0.132444661
27/06/2015 04:00,0.081873067,0.044622707,0.209788556
27/06/2015 05:00,0.215444994,0.170769278,0.270616624
27/06/2015 06:00,0.367823972,0.346346682,0.325340877
27/06/2015 07:00,0.501829675,0.519490923,0.310495164
27/06/2015 08:00,0.592659417,0.650688325,0.309285974
27/06/2015 09:00,0.642406944,0.71128498,0.261164701
27/06/2015 10:00,0.638008602,0.724480267,0.205339395
27/06/2015 11:00,0.581536488,0.680569114,0.128584746
27/06/2015 12:00,0.470195065,0.57837479,0.05867753
27/06/2015 13:00,0.307038057,0.465911479,0.016807128
27/06/2015 14:00,0.119883274,0.259861268,0.00121718
27/06/2015 15:00,0.018601978,0.05670108,0
27/06/2015 16:00,0.001890127,0.009704451,0
27/06/2015 17:00,0,0.00765123,0
27/06/2015 18:00,0,0,0
27/06/2015 19:00,0,0,0
27/06/2015 20:00,0,0,0
27/06/2015 21:00,0,0,0
27/06/2015 22:00,0,0,0
27/06/2015 23:00,0,0,4.21E-06
28/06/2015 00:00,0,0,0.002862389
28/06/2015 01:00,0,0,0.019653753
28/06/2015 02:00,3.56E-05,2.83E-05,0.061445311
28/06/2015 03:00,0.01144962,0.003792033,0.124738697
28/06/2015 04:00,0.080795418,0.043897872,0.193164852
28/06/2015 05:00,0.213285922,0.176834894,0.245443381
28/06/2015 06:00,0.365404169,0.357811826,0.272282946
28/06/2015 07:00,0.500181341,0.554992707,0.275025506
28/06/2015 08:00,0.591613268,0.676482307,0.275167519
28/06/2015 09:00,0.641406524,0.748252052,0.249136041
28/06/2015 10:00,0.635505959,0.753747163,0.18061464
28/06/2015 11:00,0.574520921,0.710587924,0.119288575
28/06/2015 12:00,0.459440921,0.629887222,0.056004729
28/06/2015 13:00,0.301617442,0.480643895,0.015865271
28/06/2015 14:00,0.120210696,0.281005421,0.001206033
28/06/2015 15:00,0.020335289,0.059036643,0
28/06/2015 16:00,0.001688134,0.007437112,0
28/06/2015 17:00,0,0.00704908,0
28/06/2015 18:00,0,0,0
28/06/2015 19:00,0,0,0
28/06/2015 20:00,0,0,0
28/06/2015 21:00,0,0,0
28/06/2015 22:00,0,0,0
28/06/2015 23:00,0,0,3.74E-06
29/06/2015 00:00,0,0,0.002316545
29/06/2015 01:00,0,0,0.017501596
29/06/2015 02:00,3.30E-05,2.63E-05,0.060428486
29/06/2015 03:00,0.011350636,0.003693477,0.125918625
29/06/2015 04:00,0.079884183,0.043250991,0.18867302
29/06/2015 05:00,0.210701375,0.168276727,0.252359012
29/06/2015 06:00,0.363563068,0.343047496,0.290864287
29/06/2015 07:00,0.497866803,0.498804061,0.354930124
29/06/2015 08:00,0.589050294,0.624730274,0.335092282
29/06/2015 09:00,0.638226142,0.693202471,0.296342757
29/06/2015 10:00,0.637695254,0.715715361,0.220563102
29/06/2015 11:00,0.579361863,0.68873489,0.135888906
29/06/2015 12:00,0.464580752,0.602729538,0.05990835
29/06/2015 13:00,0.30271196,0.455399612,0.015760469
29/06/2015 14:00,0.120377007,0.267787271,0.001309366
29/06/2015 15:00,0.020513833,0.060855022,0
29/06/2015 16:00,0.001736686,0.010824874,0
29/06/2015 17:00,0,0.007082878,0
29/06/2015 18:00,0,0,0
29/06/2015 19:00,0,0,0
29/06/2015 20:00,0,0,0
29/06/2015 21:00,0,0,0
29/06/2015 22:00,0,0,0
29/06/2015 23:00,0,0,2.86E-06
30/06/2015 00:00,0,0,0.001850476
30/06/2015 01:00,0,0,0.016697106
30/06/2015 02:00,3.05E-05,2.51E-05,0.070752616
30/06/2015 03:00,0.011062332,0.003923753,0.150087901
30/06/2015 04:00,0.079219582,0.043677133,0.243982775
30/06/2015 05:00,0.210546291,0.170369403,0.308899174
30/06/2015 06:00,0.363269994,0.358601799,0.372171534
30/06/2015 07:00,0.495420036,0.550024843,0.406435158
30/06/2015 08:00,0.586118869,0.682983662,0.396310085
30/06/2015 09:00,0.634245432,0.753364828,0.341594133
30/06/2015 10:00,0.62995895,0.754215459,0.261906164
30/06/2015 11:00,0.573896334,0.730537171,0.162784265
30/06/2015 12:00,0.464747826,0.61470782,0.068908892
30/06/2015 13:00,0.304751148,0.466377486,0.017535609
30/06/2015 14:00,0.122811047,0.263231663,0.001385704
30/06/2015 15:00,0.020989207,0.0619825,0
30/06/2015 16:00,0.001860782,0.013269884,0
30/06/2015 17:00,0,0.006701682,0
30/06/2015 18:00,0,0,0
30/06/2015 19:00,0,0,0
30/06/2015 20:00,0,0,0
30/06/2015 21:00,0,0,0
30/06/2015 22:00,0,0,0
30/06/2015 23:00,0,0,2.45E-06
01/07/2015 00:00,0,0,0.001770948
01/07/2015 01:00,0,0,0.01705859
01/07/2015 02:00,2.84E-05,2.40E-05,0.07184067
01/07/2015 03:00,0.01094979,0.003683881,0.15359806
01/07/2015 04:00,0.078613317,0.044204388,0.257316311
01/07/2015 05:00,0.210064765,0.177639599,0.320223858
01/07/2015 06:00,0.362473436,0.376701985,0.376375134
01/07/2015 07:00,0.497632958,0.561725191,0.415606172
01/07/2015 08:00,0.587753704,0.690280957,0.381766951
01/07/2015 09:00,0.633053056,0.74787309,0.341303543
01/07/2015 10:00,0.628608753,0.745065498,0.259824092
01/07/2015 11:00,0.567743493,0.665450775,0.162448919
01/07/2015 12:00,0.460438641,0.57773479,0.07167842
01/07/2015 13:00,0.301315025,0.428928318,0.018594539
01/07/2015 14:00,0.122608804,0.249791656,0.001276956
01/07/2015 15:00,0.023043553,0.060233928,0
01/07/2015 16:00,0.002058401,0.01095134,0
01/07/2015 17:00,0,0.007704346,0
01/07/2015 18:00,0,0,0
01/07/2015 19:00,0,0,0
01/07/2015 20:00,0,0,0
01/07/2015 21:00,0,0,0
01/07/2015 22:00,0,0,0
01/07/2015 23:00,0,0,3.01E-06
02/07/2015 00:00,0,0,0.001104142
02/07/2015 01:00,0,0,0.014498746
02/07/2015 02:00,2.41E-05,2.09E-05,0.064294867
02/07/2015 03:00,0.010480395,0.003654008,0.148398452
02/07/2015 04:00,0.077633444,0.041221378,0.243687825
02/07/2015 05:00,0.207570043,0.166944781,0.322777197
02/07/2015 06:00,0.357980978,0.354855947,0.378869554
02/07/2015 07:00,0.492296228,0.546092773,0.416260232
02/07/2015 08:00,0.583520183,0.688610498,0.399088787
02/07/2015 09:00,0.631413319,0.768889821,0.352774216
02/07/2015 10:00,0.626944217,0.792518335,0.269821931
02/07/2015 11:00,0.567465603,0.745644702,0.171673726
02/07/2015 12:00,0.455866889,0.638620797,0.069736099
02/07/2015 13:00,0.294903127,0.486179105,0.017579751
02/07/2015 14:00,0.118504918,0.274527109,0.001239284
02/07/2015 15:00,0.022766403,0.066173134,0
02/07/2015 16:00,0.001963044,0.010132142,0
02/07/2015 17:00,0,0.006262951,0
02/07/2015 18:00,0,0,0
02/07/2015 19:00,0,0,0
02/07/2015 20:00,0,0,0
02/07/2015 21:00,0,0,0
02/07/2015 22:00,0,0,0
02/07/2015 23:00,0,0,2.08E-06
03/07/2015 00:00,0,0,0.001022822
03/07/2015 01:00,0,0,0.012982893
03/07/2015 02:00,2.42E-05,1.88E-05,0.054709994
03/07/2015 03:00,0.010474602,0.003610334,0.126419471
03/07/2015 04:00,0.077250006,0.040965391,0.202012069
03/07/2015 05:00,0.207943093,0.172039677,0.27313909
03/07/2015 06:00,0.358086487,0.364212862,0.319824169
03/07/2015 07:00,0.489896333,0.557941913,0.324586166
03/07/2015 08:00,0.581579205,0.701229716,0.338243403
03/07/2015 09:00,0.631518284,0.794965605,0.303594752
03/07/2015 10:00,0.629267811,0.826086337,0.237400636
03/07/2015 11:00,0.56982129,0.800069902,0.148109292
03/07/2015 12:00,0.459619613,0.711627356,0.066497991
03/07/2015 13:00,0.300950099,0.552021453,0.015661581
03/07/2015 14:00,0.123045155,0.32531489,0.001237631
03/07/2015 15:00,0.02310935,0.073454776,0
03/07/2015 16:00,0.001834718,0.00533457,0
03/07/2015 17:00,0,0.005320853,0
03/07/2015 18:00,0,0,0
03/07/2015 19:00,0,0,0
03/07/2015 20:00,0,0,0
03/07/2015 21:00,0,0,0
03/07/2015 22:00,0,0,0
03/07/2015 23:00,0,0,2.41E-06
04/07/2015 00:00,0,0,0.001314921
04/07/2015 01:00,0,0,0.01291338
04/07/2015 02:00,2.34E-05,1.75E-05,0.056821881
04/07/2015 03:00,0.010464962,0.003408243,0.122625249
04/07/2015 04:00,0.078281703,0.040610022,0.192897051
04/07/2015 05:00,0.209858984,0.170288183,0.261495948
04/07/2015 06:00,0.361808634,0.364334888,0.303183584
04/07/2015 07:00,0.497617647,0.545158444,0.327376072
04/07/2015 08:00,0.588806869,0.688954125,0.327169497
04/07/2015 09:00,0.639332564,0.787222375,0.292022719
04/07/2015 10:00,0.636813325,0.820452035,0.242028985
04/07/2015 11:00,0.582059931,0.797721854,0.1534035
04/07/2015 12:00,0.472388365,0.708901322,0.068315586
04/07/2015 13:00,0.30874176,0.555734262,0.016548889
04/07/2015 14:00,0.122437814,0.330839963,0.001296015
04/07/2015 15:00,0.019270422,0.076191769,0
04/07/2015 16:00,0.001821986,0.005057734,0
04/07/2015 17:00,0,0.005022791,0
04/07/2015 18:00,0,0,0
04/07/2015 19:00,0,0,0
04/07/2015 20:00,0,0,0
04/07/2015 21:00,0,0,0
04/07/2015 22:00,0,0,0
04/07/2015 23:00,0,0,3.47E-06
05/07/2015 00:00,0,0,0.001758345
05/07/2015 01:00,0,0,0.01723085
05/07/2015 02:00,2.13E-05,1.47E-05,0.068156687
05/07/2015 03:00,0.010277396,0.003314053,0.150191792
05/07/2015 04:00,0.077206251,0.040387167,0.230243854
05/07/2015 05:00,0.208323402,0.173940694,0.309622517
05/07/2015 06:00,0.361204988,0.365417286,0.36191668
05/07/2015 07:00,0.496907454,0.554287684,0.396551641
05/07/2015 08:00,0.587697421,0.695152931,0.380631645
05/07/2015 09:00,0.636562901,0.781710609,0.339085301
05/07/2015 10:00,0.63392362,0.810398361,0.257877381
05/07/2015 11:00,0.579616362,0.785969131,0.160015297
05/07/2015 12:00,0.46716549,0.690598232,0.06953806
05/07/2015 13:00,0.308966811,0.544833506,0.01638324
05/07/2015 14:00,0.125020712,0.317805954,0.00131877
05/07/2015 15:00,0.020123313,0.073690981,0
05/07/2015 16:00,0.001604485,0.007031861,0
05/07/2015 17:00,0,0.00521547,0
05/07/2015 18:00,0,0,0
05/07/2015 19:00,0,0,0
05/07/2015 20:00,0,0,0
05/07/2015 21:00,0,0,0
05/07/2015 22:00,0,0,0
05/07/2015 23:00,0,0,3.29E-06
06/07/2015 00:00,0,0,0.002418848
06/07/2015 01:00,0,0,0.021354177
06/07/2015 02:00,1.91E-05,1.32E-05,0.074572736
06/07/2015 03:00,0.009828343,0.003247345,0.16540997
06/07/2015 04:00,0.074646562,0.03901945,0.262346471
06/07/2015 05:00,0.203444307,0.167194123,0.330959986
06/07/2015 06:00,0.354639229,0.353970433,0.381266635
06/07/2015 07:00,0.491133855,0.551812705,0.412624397
06/07/2015 08:00,0.58270613,0.692022049,0.382931351
06/07/2015 09:00,0.633839235,0.784878824,0.33935215
06/07/2015 10:00,0.631339273,0.817010806,0.265160301
06/07/2015 11:00,0.578545511,0.78922859,0.158000723
06/07/2015 12:00,0.463634223,0.698377592,0.067051534
06/07/2015 13:00,0.305096344,0.54126285,0.017525133
06/07/2015 14:00,0.125225743,0.313237602,0.00122902
06/07/2015 15:00,0.021355049,0.074502756,0
06/07/2015 16:00,0.001491002,0.006814966,0
06/07/2015 17:00,0,0.005513343,0
06/07/2015 18:00,0,0,0
06/07/2015 19:00,0,0,0
06/07/2015 20:00,0,0,0
06/07/2015 21:00,0,0,0
06/07/2015 22:00,0,0,0
06/07/2015 23:00,0,0,3.86E-06
07/07/2015 00:00,0,0,0.002994135
07/07/2015 01:00,0,0,0.023851065
07/07/2015 02:00,1.64E-05,1.14E-05,0.080822421
07/07/2015 03:00,0.009593776,0.003305295,0.162693618
07/07/2015 04:00,0.074734357,0.039950426,0.24923378
07/07/2015 05:00,0.203385016,0.172448961,0.320775757
07/07/2015 06:00,0.355472475,0.372639149,0.370079172
07/07/2015 07:00,0.493107898,0.551482853,0.382962545
07/07/2015 08:00,0.586784017,0.698751973,0.353033852
07/07/2015 09:00,0.636737892,0.776411393,0.319929584
07/07/2015 10:00,0.635196359,0.80120333,0.234443812
07/07/2015 11:00,0.577740325,0.778039215,0.146855162
07/07/2015 12:00,0.46602969,0.691428766,0.065387915
07/07/2015 13:00,0.306823444,0.541260676,0.016829403
07/07/2015 14:00,0.126363286,0.323803211,0.001152802
07/07/2015 15:00,0.020997606,0.074905749,0
07/07/2015 16:00,0.001432832,0.007894228,0
07/07/2015 17:00,0,0.005936809,0
07/07/2015 18:00,0,0,0
07/07/2015 19:00,0,0,0
07/07/2015 20:00,0,0,0
07/07/2015 21:00,0,0,0
07/07/2015 22:00,0,0,0
07/07/2015 23:00,0,0,2.72E-06
08/07/2015 00:00,0,0,0.001802791
08/07/2015 01:00,0,0,0.016518362
08/07/2015 02:00,1.61E-05,1.12E-05,0.062767031
08/07/2015 03:00,0.009415197,0.00302587,0.135642985
08/07/2015 04:00,0.073867023,0.040764788,0.209876176
08/07/2015 05:00,0.201983575,0.179840521,0.27426216
08/07/2015 06:00,0.351055266,0.380322202,0.319264315
08/07/2015 07:00,0.487744316,0.5590689,0.354280844
08/07/2015 08:00,0.581689749,0.703493502,0.344145931
08/07/2015 09:00,0.632132795,0.78725549,0.310008269
08/07/2015 10:00,0.62767766,0.796856704,0.239733915
08/07/2015 11:00,0.572253612,0.765508685,0.146397171
08/07/2015 12:00,0.461041806,0.663077239,0.066143959
08/07/2015 13:00,0.304023029,0.507528811,0.017445622
08/07/2015 14:00,0.125021042,0.293311647,0.001105656
08/07/2015 15:00,0.022958871,0.065064649,0
08/07/2015 16:00,0.001702026,0.009732149,0
08/07/2015 17:00,0,0.006801604,0
08/07/2015 18:00,0,0,0
08/07/2015 19:00,0,0,0
08/07/2015 20:00,0,0,0
08/07/2015 21:00,0,0,0
08/07/2015 22:00,0,0,0
08/07/2015 23:00,0,0,1.46E-06
09/07/2015 00:00,0,0,0.002047562
09/07/2015 01:00,0,0,0.019484845
09/07/2015 02:00,1.47E-05,1.06E-05,0.070579362
09/07/2015 03:00,0.009395813,0.002901491,0.150878246
09/07/2015 04:00,0.074070893,0.0403305,0.230121668
09/07/2015 05:00,0.203183954,0.173703481,0.301639519
09/07/2015 06:00,0.354165615,0.371786614,0.334677221
09/07/2015 07:00,0.485549435,0.552509187,0.339969916
09/07/2015 08:00,0.579318891,0.685171466,0.332192646
09/07/2015 09:00,0.624404163,0.760253978,0.288818743
09/07/2015 10:00,0.617811085,0.766726726,0.224429096
09/07/2015 11:00,0.562173145,0.72987587,0.133671687
09/07/2015 12:00,0.453088171,0.641257741,0.05916896
09/07/2015 13:00,0.296414191,0.503485197,0.016266911
09/07/2015 14:00,0.122585708,0.28782769,0.001125415
09/07/2015 15:00,0.022128954,0.066304667,0
09/07/2015 16:00,0.001911517,0.007622283,0
09/07/2015 17:00,0,0.006072092,0
09/07/2015 18:00,0,0,0
09/07/2015 19:00,0,0,0
09/07/2015 20:00,0,0,0
09/07/2015 21:00,0,0,0
09/07/2015 22:00,0,0,0
09/07/2015 23:00,0,0,1.98E-06
10/07/2015 00:00,0,0,0.001856354
10/07/2015 01:00,0,0,0.015805275
10/07/2015 02:00,1.35E-05,9.18E-06,0.055737441
10/07/2015 03:00,0.009313821,0.003031094,0.121840684
10/07/2015 04:00,0.074020425,0.040069342,0.195733836
10/07/2015 05:00,0.2020302,0.169583383,0.269471426
10/07/2015 06:00,0.354204083,0.368676176,0.30545082
10/07/2015 07:00,0.489897762,0.561886772,0.337799764
10/07/2015 08:00,0.582912026,0.697383512,0.322540259
10/07/2015 09:00,0.631091507,0.783876353,0.271328139
10/07/2015 10:00,0.628649555,0.803448511,0.207070397
10/07/2015 11:00,0.563656251,0.764767899,0.128638488
10/07/2015 12:00,0.456064022,0.65675817,0.0595148
10/07/2015 13:00,0.301419768,0.512087662,0.015519049
10/07/2015 14:00,0.126919117,0.295833239,0.001081733
10/07/2015 15:00,0.023158817,0.066302651,0
10/07/2015 16:00,0.001813794,0.00832737,0
10/07/2015 17:00,0,0.006408609,0
10/07/2015 18:00,0,0,0
10/07/2015 19:00,0,0,0
10/07/2015 20:00,0,0,0
10/07/2015 21:00,0,0,0
10/07/2015 22:00,0,0,0
10/07/2015 23:00,0,0,2.08E-06
11/07/2015 00:00,0,0,0.001701266
11/07/2015 01:00,0,0,0.016074175
11/07/2015 02:00,1.21E-05,7.87E-06,0.05602037
11/07/2015 03:00,0.009079125,0.002773892,0.117916091
11/07/2015 04:00,0.073495069,0.038662582,0.195408639
11/07/2015 05:00,0.202698247,0.166686246,0.244183659
11/07/2015 06:00,0.354916054,0.36523831,0.284809473
11/07/2015 07:00,0.492294087,0.556972199,0.316049495
11/07/2015 08:00,0.586879519,0.699853327,0.294583045
11/07/2015 09:00,0.638394424,0.791680374,0.258140349
11/07/2015 10:00,0.63472887,0.807138695,0.195152439
11/07/2015 11:00,0.580672323,0.772170817,0.118895953
11/07/2015 12:00,0.46953563,0.678907097,0.05460437
11/07/2015 13:00,0.308848002,0.520576565,0.01515297
11/07/2015 14:00,0.125323441,0.293094353,0.001167679
11/07/2015 15:00,0.020912463,0.064711799,0
11/07/2015 16:00,0.001776479,0.007911553,0
11/07/2015 17:00,0,0.007232695,0
11/07/2015 18:00,0,0,0
11/07/2015 19:00,0,0,0
11/07/2015 20:00,0,0,0
11/07/2015 21:00,0,0,0
11/07/2015 22:00,0,0,0
11/07/2015 23:00,0,0,1.59E-06
12/07/2015 00:00,0,0,0.00191067
12/07/2015 01:00,0,0,0.015217597
12/07/2015 02:00,1.08E-05,6.40E-06,0.04991979
12/07/2015 03:00,0.008936338,0.002632896,0.108776098
12/07/2015 04:00,0.072919608,0.038080182,0.181753929
12/07/2015 05:00,0.201997671,0.164579941,0.232170847
12/07/2015 06:00,0.355581006,0.350774872,0.272426141
12/07/2015 07:00,0.492144143,0.531696134,0.286806469
12/07/2015 08:00,0.586533928,0.667233916,0.283055049
12/07/2015 09:00,0.635726504,0.751228833,0.247777038
12/07/2015 10:00,0.63205223,0.768223518,0.192429988
12/07/2015 11:00,0.578706879,0.724744761,0.129189284
12/07/2015 12:00,0.471239606,0.640701901,0.058892303
12/07/2015 13:00,0.308893318,0.477884172,0.014416775
12/07/2015 14:00,0.128037746,0.28261993,0.001060009
12/07/2015 15:00,0.021878694,0.06649019,0
12/07/2015 16:00,0.001590012,0.006979455,0
12/07/2015 17:00,0,0.005843361,0
12/07/2015 18:00,0,0,0
12/07/2015 19:00,0,0,0
12/07/2015 20:00,0,0,0
12/07/2015 21:00,0,0,0
12/07/2015 22:00,0,0,0
12/07/2015 23:00,0,0,1.24E-06
13/07/2015 00:00,0,0,0.001634033
13/07/2015 01:00,0,0,0.01464204
13/07/2015 02:00,9.49E-06,4.99E-06,0.051672017
13/07/2015 03:00,0.008573446,0.00253088,0.109242563
13/07/2015 04:00,0.071787283,0.035103398,0.175877515
13/07/2015 05:00,0.200684644,0.150546815,0.232335399
13/07/2015 06:00,0.353235544,0.328840255,0.258628811
13/07/2015 07:00,0.492439966,0.505960647,0.300088255
13/07/2015 08:00,0.586943337,0.648195387,0.299486267
13/07/2015 09:00,0.638064707,0.743832455,0.239439035
13/07/2015 10:00,0.636480056,0.777534997,0.190658997
13/07/2015 11:00,0.580303409,0.731168796,0.125304997
13/07/2015 12:00,0.469915045,0.64530978,0.059171156
13/07/2015 13:00,0.310153716,0.490304031,0.016016417
13/07/2015 14:00,0.129608241,0.296285099,0.001071422
13/07/2015 15:00,0.021608413,0.073748538,0
13/07/2015 16:00,0.001395959,0.006383565,0
13/07/2015 17:00,0,0.005474248,0
13/07/2015 18:00,0,0,0
13/07/2015 19:00,0,0,0
13/07/2015 20:00,0,0,0
13/07/2015 21:00,0,0,0
13/07/2015 22:00,0,0,0
13/07/2015 23:00,0,0,1.34E-06
14/07/2015 00:00,0,0,0.001831504
14/07/2015 01:00,0,0,0.016153488
14/07/2015 02:00,7.83E-06,4.21E-06,0.060712678
14/07/2015 03:00,0.008347342,0.002559393,0.126341305
14/07/2015 04:00,0.07137891,0.034916693,0.19854756
14/07/2015 05:00,0.200812394,0.147127206,0.266339891
14/07/2015 06:00,0.355397701,0.314642179,0.306986548
14/07/2015 07:00,0.491396213,0.464360325,0.331554389
14/07/2015 08:00,0.587978175,0.595174906,0.31487495
14/07/2015 09:00,0.640739565,0.660400519,0.279401626
14/07/2015 10:00,0.641343158,0.658245858,0.21584937
14/07/2015 11:00,0.588633304,0.629476713,0.13751987
14/07/2015 12:00,0.480614112,0.549601916,0.06276604
14/07/2015 13:00,0.318570344,0.410285413,0.015897089
14/07/2015 14:00,0.131628795,0.242384837,0.000999824
14/07/2015 15:00,0.019528984,0.065571372,0
14/07/2015 16:00,0.001304765,0.011596434,0
14/07/2015 17:00,0,0.005984221,0
14/07/2015 18:00,0,0,0
14/07/2015 19:00,0,0,0
14/07/2015 20:00,0,0,0
14/07/2015 21:00,0,0,0
14/07/2015 22:00,0,0,0
14/07/2015 23:00,0,0,1.26E-06
15/07/2015 00:00,0,0,0.002339478
15/07/2015 01:00,0,0,0.018351036
15/07/2015 02:00,7.89E-06,3.14E-06,0.067440271
15/07/2015 03:00,0.008267991,0.002436569,0.137363166
15/07/2015 04:00,0.071090257,0.033713051,0.217089579
15/07/2015 05:00,0.200307753,0.139275991,0.277683665
15/07/2015 06:00,0.353580457,0.307997225,0.320249462
15/07/2015 07:00,0.488682926,0.491528248,0.306467163
15/07/2015 08:00,0.587347099,0.614971442,0.290060251
15/07/2015 09:00,0.640958926,0.699530535,0.271282872
15/07/2015 10:00,0.641453384,0.689919125,0.209274655
15/07/2015 11:00,0.590924494,0.668918723,0.138130322
15/07/2015 12:00,0.482501953,0.57461684,0.059907939
15/07/2015 13:00,0.320010399,0.448510091,0.015418736
15/07/2015 14:00,0.129430937,0.280932447,0.000874494
15/07/2015 15:00,0.017887589,0.073926474,0
15/07/2015 16:00,0.001298433,0.008008371,0
15/07/2015 17:00,0,0.004852017,0
15/07/2015 18:00,0,0,0
15/07/2015 19:00,0,0,0
15/07/2015 20:00,0,0,0
15/07/2015 21:00,0,0,0
15/07/2015 22:00,0,0,0
15/07/2015 23:00,0,0,1.18E-06
16/07/2015 00:00,0,0,0.001837259
16/07/2015 01:00,0,0,0.016200821
16/07/2015 02:00,7.37E-06,2.88E-06,0.060935239
16/07/2015 03:00,0.008281274,0.002390915,0.12265515
16/07/2015 04:00,0.072030349,0.036369076,0.196802073
16/07/2015 05:00,0.203222952,0.166272546,0.250342283
16/07/2015 06:00,0.357493339,0.369353871,0.297370594
16/07/2015 07:00,0.497037313,0.558225235,0.313211572
16/07/2015 08:00,0.593988416,0.69857259,0.305039701
16/07/2015 09:00,0.646143335,0.769335505,0.271288599
16/07/2015 10:00,0.645274547,0.770867637,0.213007477
16/07/2015 11:00,0.594704198,0.730592384,0.133802497
16/07/2015 12:00,0.48822859,0.633694351,0.061534971
16/07/2015 13:00,0.325298594,0.470440725,0.015431484
16/07/2015 14:00,0.134055846,0.277795042,0.000963671
16/07/2015 15:00,0.01789454,0.069745785,0
16/07/2015 16:00,0.001292876,0.009159032,0
16/07/2015 17:00,0,0.005217848,0
16/07/2015 18:00,0,0,0
16/07/2015 19:00,0,0,0
16/07/2015 20:00,0,0,0
16/07/2015 21:00,0,0,0
16/07/2015 22:00,0,0,0
16/07/2015 23:00,0,0,5.69E-07
17/07/2015 00:00,0,0,0.001082345
17/07/2015 01:00,0,0,0.011267761
17/07/2015 02:00,6.47E-06,2.16E-06,0.050393498
17/07/2015 03:00,0.00815208,0.002332123,0.112431733
17/07/2015 04:00,0.072128747,0.036568196,0.188680167
17/07/2015 05:00,0.204505945,0.172309755,0.253151525
17/07/2015 06:00,0.360654476,0.381694597,0.2952084
17/07/2015 07:00,0.501936978,0.570766047,0.318630573
17/07/2015 08:00,0.598658588,0.715206663,0.323592836
17/07/2015 09:00,0.652446497,0.80260335,0.27019436
17/07/2015 10:00,0.653515746,0.831545738,0.225559253
17/07/2015 11:00,0.600562756,0.801860804,0.14464942
17/07/2015 12:00,0.49255687,0.714970985,0.066462341
17/07/2015 13:00,0.328418254,0.552576329,0.014991389
17/07/2015 14:00,0.132735389,0.323669013,0.00093839
17/07/2015 15:00,0.017292496,0.075534746,0
17/07/2015 16:00,0.00128573,0.011021661,0
17/07/2015 17:00,0,0.005151669,0
17/07/2015 18:00,0,0,0
17/07/2015 19:00,0,0,0
17/07/2015 20:00,0,0,0
17/07/2015 21:00,0,0,0
17/07/2015 22:00,0,0,0
17/07/2015 23:00,0,0,7.78E-07
18/07/2015 00:00,0,0,0.001919599
18/07/2015 01:00,0,0,0.016818332
18/07/2015 02:00,5.77E-06,1.99E-06,0.06530983
18/07/2015 03:00,0.007980892,0.00218504,0.145386518
18/07/2015 04:00,0.071255606,0.036809572,0.222700716
18/07/2015 05:00,0.202516708,0.170254421,0.310134949
18/07/2015 06:00,0.357390668,0.371472636,0.327832454
18/07/2015 07:00,0.495364108,0.555673963,0.348939
18/07/2015 08:00,0.593261057,0.689521747,0.330033964
18/07/2015 09:00,0.649018577,0.756087125,0.292453984
18/07/2015 10:00,0.653331556,0.772115951,0.220642092
18/07/2015 11:00,0.600293283,0.711722322,0.144903964
18/07/2015 12:00,0.490244476,0.617782755,0.06445233
18/07/2015 13:00,0.326044334,0.460357284,0.015060268
18/07/2015 14:00,0.1321423,0.263799485,0.000834787
18/07/2015 15:00,0.018619869,0.06785084,0
18/07/2015 16:00,0.001296146,0.014378897,0
18/07/2015 17:00,0,0.005937071,0
18/07/2015 18:00,0,0,0
18/07/2015 19:00,0,0,0
18/07/2015 20:00,0,0,0
18/07/2015 21:00,0,0,0
18/07/2015 22:00,0,0,0
18/07/2015 23:00,0,0,8.45E-07
19/07/2015 00:00,0,0,0.002632589
19/07/2015 01:00,0,0,0.022781973
19/07/2015 02:00,5.04E-06,1.37E-06,0.078516943
19/07/2015 03:00,0.007782887,0.002186605,0.159246058
19/07/2015 04:00,0.070788383,0.035807837,0.243092108
19/07/2015 05:00,0.202444857,0.158750084,0.304317536
19/07/2015 06:00,0.358023591,0.354394404,0.349051104
19/07/2015 07:00,0.501434882,0.54512775,0.361984792
19/07/2015 08:00,0.598961787,0.666621683,0.35167148
19/07/2015 09:00,0.651715044,0.704600124,0.298109697
19/07/2015 10:00,0.651716686,0.710440139,0.244128424
19/07/2015 11:00,0.597997963,0.688903189,0.141256273
19/07/2015 12:00,0.48745534,0.595412396,0.059442948
19/07/2015 13:00,0.321085903,0.445412437,0.013456543
19/07/2015 14:00,0.131610119,0.255835625,0.000813808
19/07/2015 15:00,0.019323879,0.061845867,0
19/07/2015 16:00,0.001313789,0.011443635,0
19/07/2015 17:00,0,0.006020724,0
19/07/2015 18:00,0,0,0
19/07/2015 19:00,0,0,0
19/07/2015 20:00,0,0,0
19/07/2015 21:00,0,0,0
19/07/2015 22:00,0,0,0
19/07/2015 23:00,0,0,7.47E-07
20/07/2015 00:00,0,0,0.002443764
20/07/2015 01:00,0,0,0.020329363
20/07/2015 02:00,4.46E-06,1.13E-06,0.069680176
20/07/2015 03:00,0.007604771,0.002052845,0.143761596
20/07/2015 04:00,0.070488827,0.034438963,0.215696927
20/07/2015 05:00,0.203057569,0.155487125,0.274800788
20/07/2015 06:00,0.358461908,0.343024904,0.31059035
20/07/2015 07:00,0.503718094,0.511385072,0.326653026
20/07/2015 08:00,0.601191763,0.636358173,0.314312047
20/07/2015 09:00,0.65498753,0.708162607,0.268850411
20/07/2015 10:00,0.652581695,0.68414916,0.218365524
20/07/2015 11:00,0.598392138,0.633846115,0.135960156
20/07/2015 12:00,0.489051919,0.545887662,0.062928317
20/07/2015 13:00,0.326076157,0.390978852,0.01551978
20/07/2015 14:00,0.132573001,0.233650611,0.00071878
20/07/2015 15:00,0.017225497,0.060417917,0
20/07/2015 16:00,0.001109127,0.015712834,0
20/07/2015 17:00,0,0.006174543,0
20/07/2015 18:00,0,0,0
20/07/2015 19:00,0,0,0
20/07/2015 20:00,0,0,0
20/07/2015 21:00,0,0,0
20/07/2015 22:00,0,0,0
20/07/2015 23:00,0,0,5.68E-07
21/07/2015 00:00,0,0,0.001346506
21/07/2015 01:00,0,0,0.011771427
21/07/2015 02:00,3.96E-06,9.05E-07,0.045690179
21/07/2015 03:00,0.007391035,0.002012122,0.102096542
21/07/2015 04:00,0.069543152,0.033816672,0.165801128
21/07/2015 05:00,0.201397424,0.151273311,0.234083801
21/07/2015 06:00,0.356961897,0.340669798,0.28056875
21/07/2015 07:00,0.501990008,0.53134796,0.29294287
21/07/2015 08:00,0.601729784,0.664862248,0.276001949
21/07/2015 09:00,0.655968188,0.72568029,0.258170556
21/07/2015 10:00,0.656840238,0.730429609,0.207519543
21/07/2015 11:00,0.606085272,0.692000435,0.132513378
21/07/2015 12:00,0.496488372,0.587287963,0.061174458
21/07/2015 13:00,0.332803912,0.455228385,0.014239877
21/07/2015 14:00,0.135108755,0.261558559,0.000608556
21/07/2015 15:00,0.016024309,0.065075685,0
21/07/2015 16:00,0.001073015,0.008324754,0
21/07/2015 17:00,0,0.005145849,0
21/07/2015 18:00,0,0,0
21/07/2015 19:00,0,0,0
21/07/2015 20:00,0,0,0
21/07/2015 21:00,0,0,0
21/07/2015 22:00,0,0,0
21/07/2015 23:00,0,0,5.26E-07
22/07/2015 00:00,0,0,0.001435245
22/07/2015 01:00,0,0,0.011122498
22/07/2015 02:00,3.44E-06,8.52E-07,0.046113426
22/07/2015 03:00,0.007267824,0.001924737,0.103181825
22/07/2015 04:00,0.07036389,0.033887855,0.177241991
22/07/2015 05:00,0.204221363,0.15589135,0.240551146
22/07/2015 06:00,0.36142937,0.357983786,0.271837943
22/07/2015 07:00,0.501574523,0.552323525,0.25017556
22/07/2015 08:00,0.600944379,0.686348894,0.253516997
22/07/2015 09:00,0.655757488,0.76856272,0.229275532
22/07/2015 10:00,0.656059308,0.768583701,0.182673325
22/07/2015 11:00,0.603991011,0.728680535,0.119322514
22/07/2015 12:00,0.493130745,0.653088717,0.057073935
22/07/2015 13:00,0.331414764,0.502348841,0.013400876
22/07/2015 14:00,0.135060601,0.296301614,0.000545507
22/07/2015 15:00,0.01671799,0.071880509,0
22/07/2015 16:00,0.000974028,0.007156016,0
22/07/2015 17:00,0,0.004508696,0
22/07/2015 18:00,0,0,0
22/07/2015 19:00,0,0,0
22/07/2015 20:00,0,0,0
22/07/2015 21:00,0,0,0
22/07/2015 22:00,0,0,0
22/07/2015 23:00,0,0,2.54E-07
23/07/2015 00:00,0,0,0.000927754
23/07/2015 01:00,0,0,0.010181537
23/07/2015 02:00,2.94E-06,5.93E-07,0.040906006
23/07/2015 03:00,0.006994733,0.001782962,0.095009069
23/07/2015 04:00,0.068104328,0.03312685,0.158370958
23/07/2015 05:00,0.19918847,0.159895077,0.220547918
23/07/2015 06:00,0.355002048,0.366699269,0.254868663
23/07/2015 07:00,0.497128693,0.563514622,0.281271911
23/07/2015 08:00,0.597653997,0.701417467,0.278581079
23/07/2015 09:00,0.653242437,0.774889343,0.244783979
23/07/2015 10:00,0.654078584,0.785360198,0.187575426
23/07/2015 11:00,0.602447411,0.749917,0.122351686
23/07/2015 12:00,0.489430361,0.642920916,0.052181339
23/07/2015 13:00,0.325125689,0.484119926,0.013494215
23/07/2015 14:00,0.133419732,0.279654071,0.000533008
23/07/2015 15:00,0.016044867,0.07036138,0
23/07/2015 16:00,0.001148055,0.011205818,0
23/07/2015 17:00,0,0.004847666,0
23/07/2015 18:00,0,0,0
23/07/2015 19:00,0,0,0
23/07/2015 20:00,0,0,0
23/07/2015 21:00,0,0,0
23/07/2015 22:00,0,0,0
23/07/2015 23:00,0,0,1.80E-07
24/07/2015 00:00,0,0,0.000833772
24/07/2015 01:00,0,0,0.00930254
24/07/2015 02:00,2.73E-06,4.14E-07,0.044037632
24/07/2015 03:00,0.00675889,0.001698491,0.105033859
24/07/2015 04:00,0.067048061,0.033670942,0.173799473
24/07/2015 05:00,0.195864164,0.159869903,0.219102989
24/07/2015 06:00,0.350079198,0.354751931,0.267600799
24/07/2015 07:00,0.491362761,0.523420537,0.287758718
24/07/2015 08:00,0.589426918,0.64422791,0.295350113
24/07/2015 09:00,0.642562783,0.701192081,0.259901317
24/07/2015 10:00,0.642831241,0.711323637,0.208996928
24/07/2015 11:00,0.577433043,0.660876043,0.134180678
24/07/2015 12:00,0.470371599,0.578781647,0.057445009
24/07/2015 13:00,0.315952857,0.441377277,0.012699492
24/07/2015 14:00,0.132162936,0.258543894,0.000493178
24/07/2015 15:00,0.018669632,0.065783989,0
24/07/2015 16:00,0.001141622,0.012453455,0
24/07/2015 17:00,0,0.005723756,0
24/07/2015 18:00,0,0,0
24/07/2015 19:00,0,0,0
24/07/2015 20:00,0,0,0
24/07/2015 21:00,0,0,0
24/07/2015 22:00,0,0,0
24/07/2015 23:00,0,0,1.67E-07
25/07/2015 00:00,0,0,0.001117149
25/07/2015 01:00,0,0,0.012271594
25/07/2015 02:00,2.29E-06,2.60E-07,0.050165801
25/07/2015 03:00,0.006717882,0.001597213,0.117062071
25/07/2015 04:00,0.067885751,0.033517005,0.197969047
25/07/2015 05:00,0.200017612,0.153461191,0.253484178
25/07/2015 06:00,0.357389335,0.336458405,0.314544549
25/07/2015 07:00,0.498469175,0.530159524,0.327119181
25/07/2015 08:00,0.597054724,0.646635651,0.316526754
25/07/2015 09:00,0.650481418,0.704632698,0.290502736
25/07/2015 10:00,0.648700472,0.704501116,0.235162736
25/07/2015 11:00,0.58674728,0.67239118,0.147286276
25/07/2015 12:00,0.472651707,0.590653905,0.064567906
25/07/2015 13:00,0.319988684,0.43685638,0.012948117
25/07/2015 14:00,0.132844854,0.257318116,0.000414069
25/07/2015 15:00,0.017114923,0.061598739,0
25/07/2015 16:00,0.00103162,0.012262778,0
25/07/2015 17:00,0,0.005461293,0
25/07/2015 18:00,0,0,0
25/07/2015 19:00,0,0,0
25/07/2015 20:00,0,0,0
25/07/2015 21:00,0,0,0
25/07/2015 22:00,0,0,0
25/07/2015 23:00,0,0,1.21E-07
26/07/2015 00:00,0,0,0.001500162
26/07/2015 01:00,0,0,0.015113011
26/07/2015 02:00,2.05E-06,1.89E-07,0.061331052
26/07/2015 03:00,0.006725066,0.001559047,0.135855146
26/07/2015 04:00,0.069447352,0.032608647,0.215859368
26/07/2015 05:00,0.204164962,0.153361622,0.279405794
26/07/2015 06:00,0.360294169,0.339567391,0.322202258
26/07/2015 07:00,0.501883182,0.52664544,0.337255402
26/07/2015 08:00,0.601107673,0.666218072,0.331553135
26/07/2015 09:00,0.65722623,0.749910626,0.291136951
26/07/2015 10:00,0.658698467,0.766137091,0.22194456
26/07/2015 11:00,0.602769161,0.718618313,0.140925705
26/07/2015 12:00,0.486996389,0.592088539,0.06288077
26/07/2015 13:00,0.321371118,0.459236798,0.014076365
26/07/2015 14:00,0.130464597,0.263508887,0.000374583
26/07/2015 15:00,0.016046931,0.063914839,0
26/07/2015 16:00,0.001234464,0.011556157,0
26/07/2015 17:00,0,0.005430132,0
26/07/2015 18:00,0,0,0
26/07/2015 19:00,0,0,0
26/07/2015 20:00,0,0,0
26/07/2015 21:00,0,0,0
26/07/2015 22:00,0,0,0
26/07/2015 23:00,0,0,3.91E-08
27/07/2015 00:00,0,0,0.001525919
27/07/2015 01:00,0,0,0.015425933
27/07/2015 02:00,1.83E-06,0,0.060921372
27/07/2015 03:00,0.006571321,0.001513562,0.135348153
27/07/2015 04:00,0.068976592,0.032554937,0.226323876
27/07/2015 05:00,0.203322481,0.153554135,0.294377184
27/07/2015 06:00,0.363291578,0.339533703,0.349270003
27/07/2015 07:00,0.507925874,0.511845727,0.335590007
27/07/2015 08:00,0.609500374,0.652807719,0.327751711
27/07/2015 09:00,0.665877824,0.70218883,0.287851486
27/07/2015 10:00,0.66498148,0.717507834,0.226564046
27/07/2015 11:00,0.605275571,0.68419363,0.148928111
27/07/2015 12:00,0.492460528,0.587951812,0.066401813
27/07/2015 13:00,0.326566709,0.439682341,0.014850098
27/07/2015 14:00,0.132366193,0.261232751,0.000314668
27/07/2015 15:00,0.017874929,0.063453987,0
27/07/2015 16:00,0.001556964,0.012560013,0
27/07/2015 17:00,0,0.005220937,0
27/07/2015 18:00,0,0,0
27/07/2015 19:00,0,0,0
27/07/2015 20:00,0,0,0
27/07/2015 21:00,0,0,0
27/07/2015 22:00,0,0,0
27/07/2015 23:00,0,0,2.64E-08
28/07/2015 00:00,0,0,0.001207303
28/07/2015 01:00,0,0,0.012966979
28/07/2015 02:00,1.51E-06,0,0.059018545
28/07/2015 03:00,0.006385346,0.001441145,0.144416066
28/07/2015 04:00,0.067004794,0.031141174,0.234713602
28/07/2015 05:00,0.197747557,0.145543658,0.314964092
28/07/2015 06:00,0.357214685,0.330652463,0.365056975
28/07/2015 07:00,0.506460302,0.498409678,0.356502523
28/07/2015 08:00,0.608923389,0.629355356,0.372174972
28/07/2015 09:00,0.662354379,0.706710286,0.330676162
28/07/2015 10:00,0.6582716,0.743945389,0.257258956
28/07/2015 11:00,0.603399734,0.683987794,0.167014309
28/07/2015 12:00,0.48211251,0.599036633,0.074013878
28/07/2015 13:00,0.320527718,0.468762525,0.013676465
28/07/2015 14:00,0.132909793,0.274128924,0.000233418
28/07/2015 15:00,0.017039369,0.063398924,0
28/07/2015 16:00,0.00097955,0.01084025,0
28/07/2015 17:00,0,0.004635276,0
28/07/2015 18:00,0,0,0
28/07/2015 19:00,0,0,0
28/07/2015 20:00,0,0,0
28/07/2015 21:00,0,0,0
28/07/2015 22:00,0,0,0
28/07/2015 23:00,0,0,2.02E-09
29/07/2015 00:00,0,0,0.001046543
29/07/2015 01:00,0,0,0.013281278
29/07/2015 02:00,1.30E-06,0,0.063331014
29/07/2015 03:00,0.006238758,0.001371304,0.153087278
29/07/2015 04:00,0.066828827,0.030553847,0.245640424
29/07/2015 05:00,0.199239939,0.146869727,0.32579535
29/07/2015 06:00,0.358219182,0.332380163,0.36504652
29/07/2015 07:00,0.506377093,0.516008444,0.387240969
29/07/2015 08:00,0.605994201,0.656551938,0.386586373
29/07/2015 09:00,0.658134691,0.724419796,0.355637612
29/07/2015 10:00,0.653392745,0.730087866,0.274857171
29/07/2015 11:00,0.600065142,0.674976142,0.172903559
29/07/2015 12:00,0.493163375,0.59459173,0.074021388
29/07/2015 13:00,0.331547545,0.436042821,0.01404505
29/07/2015 14:00,0.134921522,0.27163175,0.000211368
29/07/2015 15:00,0.014969022,0.063954402,0
29/07/2015 16:00,0.000760944,0.01123965,0
29/07/2015 17:00,0,0.004716789,0
29/07/2015 18:00,0,0,0
29/07/2015 19:00,0,0,0
29/07/2015 20:00,0,0,0
29/07/2015 21:00,0,0,0
29/07/2015 22:00,0,0,0
29/07/2015 23:00,0,0,1.90E-09
30/07/2015 00:00,0,0,0.000956379
30/07/2015 01:00,0,0,0.012349339
30/07/2015 02:00,1.10E-06,0,0.062396051
30/07/2015 03:00,0.006073618,0.001281758,0.148337601
30/07/2015 04:00,0.068026567,0.03013353,0.237348218
30/07/2015 05:00,0.203519791,0.146335899,0.314469518
30/07/2015 06:00,0.364657399,0.333741051,0.362761172
30/07/2015 07:00,0.506325324,0.519556064,0.373093052
30/07/2015 08:00,0.607956915,0.660512454,0.37373368
30/07/2015 09:00,0.663769768,0.713862314,0.330989768
30/07/2015 10:00,0.664892573,0.725124159,0.264090448
30/07/2015 11:00,0.6122632,0.690038943,0.17203897
30/07/2015 12:00,0.503228698,0.611698541,0.075526906
30/07/2015 13:00,0.339232306,0.474753222,0.013214804
30/07/2015 14:00,0.137582932,0.260982571,0.000212509
30/07/2015 15:00,0.012102294,0.061438689,0
30/07/2015 16:00,0.000759381,0.01093099,0
30/07/2015 17:00,0,0.004640202,0
30/07/2015 18:00,0,0,0
30/07/2015 19:00,0,0,0
30/07/2015 20:00,0,0,0
30/07/2015 21:00,0,0,0
30/07/2015 22:00,0,0,0
30/07/2015 23:00,0,0,1.33E-09
31/07/2015 00:00,0,0,0.00090688
31/07/2015 01:00,0,0,0.011000349
31/07/2015 02:00,9.52E-07,0,0.055934215
31/07/2015 03:00,0.005967809,0.001241539,0.134665209
31/07/2015 04:00,0.068200792,0.029219839,0.217132981
31/07/2015 05:00,0.206489886,0.143910799,0.288268494
31/07/2015 06:00,0.369494564,0.323913934,0.349268784
31/07/2015 07:00,0.515932459,0.51048581,0.367349704
31/07/2015 08:00,0.617184234,0.651973249,0.348985029
31/07/2015 09:00,0.672656337,0.737561748,0.32337852
31/07/2015 10:00,0.671067555,0.755408705,0.256833396
31/07/2015 11:00,0.617878282,0.678194196,0.168113301
31/07/2015 12:00,0.507557276,0.606035348,0.074288271
31/07/2015 13:00,0.339458931,0.448497967,0.014187927
31/07/2015 14:00,0.138402667,0.260130495,0.000112979
31/07/2015 15:00,0.011711635,0.061969552,0
31/07/2015 16:00,0.000675898,0.01424076,0
31/07/2015 17:00,0,0.004378652,0
31/07/2015 18:00,0,0,0
31/07/2015 19:00,0,0,0
31/07/2015 20:00,0,0,0
31/07/2015 21:00,0,0,0
31/07/2015 22:00,0,0,0
31/07/2015 23:00,0,0,1.33E-09
01/08/2015 00:00,0,0,0.000533639
01/08/2015 01:00,0,0,0.00842159
01/08/2015 02:00,7.30E-07,0,0.049494743
01/08/2015 03:00,0.005870484,0.001156582,0.129960311
01/08/2015 04:00,0.068416177,0.028799722,0.214467947
01/08/2015 05:00,0.207427917,0.139145478,0.299438827
01/08/2015 06:00,0.371330592,0.32286789,0.339688206
01/08/2015 07:00,0.516983281,0.507586675,0.37505668
01/08/2015 08:00,0.618969802,0.656639111,0.379340642
01/08/2015 09:00,0.673654878,0.746074655,0.348789812
01/08/2015 10:00,0.67317553,0.731040338,0.277970992
01/08/2015 11:00,0.618982499,0.682708551,0.176630379
01/08/2015 12:00,0.507342042,0.587277634,0.075021108
01/08/2015 13:00,0.338838249,0.459182675,0.011995189
01/08/2015 14:00,0.139395098,0.26613012,4.15E-05
01/08/2015 15:00,0.011988915,0.063541584,0
01/08/2015 16:00,0.000623235,0.007897098,0
01/08/2015 17:00,0,0.003884807,0
01/08/2015 18:00,0,0,0
01/08/2015 19:00,0,0,0
01/08/2015 20:00,0,0,0
01/08/2015 21:00,0,0,0
01/08/2015 22:00,0,0,0
01/08/2015 23:00,0,0,1.33E-09
02/08/2015 00:00,0,0,0.000817878
02/08/2015 01:00,0,0,0.009788398
02/08/2015 02:00,6.87E-07,0,0.051732977
02/08/2015 03:00,0.005783712,0.001068875,0.135036323
02/08/2015 04:00,0.067914655,0.027531466,0.228744442
02/08/2015 05:00,0.207128397,0.136334039,0.321919389
02/08/2015 06:00,0.37201413,0.314867309,0.373878171
02/08/2015 07:00,0.518686356,0.499453147,0.385664729
02/08/2015 08:00,0.620485317,0.636989796,0.377122205
02/08/2015 09:00,0.676397914,0.710758688,0.342262684
02/08/2015 10:00,0.67579088,0.738010698,0.272980808
02/08/2015 11:00,0.622243755,0.691072176,0.172170957
02/08/2015 12:00,0.511815484,0.584053837,0.07495302
02/08/2015 13:00,0.346002925,0.436240648,0.012911868
02/08/2015 14:00,0.140758018,0.26687333,0
02/08/2015 15:00,0.010794453,0.063812195,0
02/08/2015 16:00,0.000639258,0.009545868,0
02/08/2015 17:00,0,0.003642081,0
02/08/2015 18:00,0,0,0
02/08/2015 19:00,0,0,0
02/08/2015 20:00,0,0,0
02/08/2015 21:00,0,0,0
02/08/2015 22:00,0,0,0
02/08/2015 23:00,0,0,1.33E-09
03/08/2015 00:00,0,0,0.001005827
03/08/2015 01:00,0,0,0.01355552
03/08/2015 02:00,6.22E-07,0,0.066516194
03/08/2015 03:00,0.005543563,0.00103104,0.156941369
03/08/2015 04:00,0.066238539,0.027546955,0.258183294
03/08/2015 05:00,0.201557058,0.137259746,0.341871369
03/08/2015 06:00,0.362903816,0.311875795,0.409079278
03/08/2015 07:00,0.513455779,0.486777076,0.403082067
03/08/2015 08:00,0.611378942,0.626712294,0.386960855
03/08/2015 09:00,0.667471094,0.689284548,0.348105786
03/08/2015 10:00,0.667615144,0.707248823,0.267012313
03/08/2015 11:00,0.616932137,0.673844512,0.169234776
03/08/2015 12:00,0.508892786,0.596526812,0.072147588
03/08/2015 13:00,0.341768252,0.439831688,0.014303963
03/08/2015 14:00,0.139402896,0.261368034,0
03/08/2015 15:00,0.010409757,0.062008674,0
03/08/2015 16:00,0.000642245,0.01011574,0
03/08/2015 17:00,0,0.003316377,0
03/08/2015 18:00,0,0,0
03/08/2015 19:00,0,0,0
03/08/2015 20:00,0,0,0
03/08/2015 21:00,0,0,0
03/08/2015 22:00,0,0,0
03/08/2015 23:00,0,0,0
04/08/2015 00:00,0,0,0.001170781
04/08/2015 01:00,0,0,0.014794146
04/08/2015 02:00,5.12E-07,0,0.068788646
04/08/2015 03:00,0.005165678,0.00094926,0.162002073
04/08/2015 04:00,0.063643684,0.02787679,0.275294168
04/08/2015 05:00,0.194875231,0.14770528,0.355961997
04/08/2015 06:00,0.356718358,0.335946174,0.405284405
04/08/2015 07:00,0.506213427,0.50195855,0.43049309
04/08/2015 08:00,0.610033784,0.632541629,0.418159711
04/08/2015 09:00,0.666629441,0.715330087,0.364272342
04/08/2015 10:00,0.664092361,0.742845638,0.287856627
04/08/2015 11:00,0.602879506,0.699651439,0.181626617
04/08/2015 12:00,0.490519579,0.609430324,0.074211201
04/08/2015 13:00,0.326022255,0.462235227,0.01239775
04/08/2015 14:00,0.134359819,0.270340812,0
04/08/2015 15:00,0.012705919,0.064623369,0
04/08/2015 16:00,0.000705627,0.010559302,0
04/08/2015 17:00,0,0.002843645,0
04/08/2015 18:00,0,0,0
04/08/2015 19:00,0,0,0
04/08/2015 20:00,0,0,0
04/08/2015 21:00,0,0,0
04/08/2015 22:00,0,0,0
04/08/2015 23:00,0,0,3.64E-10
05/08/2015 00:00,0,0,0.001328002
05/08/2015 01:00,0,0,0.017964106
05/08/2015 02:00,4.09E-07,0,0.076213085
05/08/2015 03:00,0.005186485,0.00091607,0.172679493
05/08/2015 04:00,0.064384059,0.028453416,0.278433063
05/08/2015 05:00,0.199339573,0.152773872,0.349841023
05/08/2015 06:00,0.362505985,0.344384141,0.403723273
05/08/2015 07:00,0.508947334,0.532934782,0.401984252
05/08/2015 08:00,0.608691085,0.680545805,0.397871297
05/08/2015 09:00,0.663719032,0.765998018,0.35005198
05/08/2015 10:00,0.658925887,0.781056258,0.278159251
05/08/2015 11:00,0.601810154,0.745306937,0.178049419
05/08/2015 12:00,0.483507514,0.644389208,0.075977265
05/08/2015 13:00,0.319301248,0.486334158,0.012160566
05/08/2015 14:00,0.134663347,0.270399414,0
05/08/2015 15:00,0.015729615,0.062569925,0
05/08/2015 16:00,0.000722189,0.010999626,0
05/08/2015 17:00,0,0.002630017,0
05/08/2015 18:00,0,0,0
05/08/2015 19:00,0,0,0
05/08/2015 20:00,0,0,0
05/08/2015 21:00,0,0,0
05/08/2015 22:00,0,0,0
05/08/2015 23:00,0,0,0
06/08/2015 00:00,0,0,0.001177494
06/08/2015 01:00,0,0,0.014592246
06/08/2015 02:00,3.70E-07,0,0.064867441
06/08/2015 03:00,0.005167579,0.000883324,0.152119444
06/08/2015 04:00,0.06476242,0.028278355,0.244897648
06/08/2015 05:00,0.199961906,0.151963003,0.323789974
06/08/2015 06:00,0.362850249,0.352881176,0.376201629
06/08/2015 07:00,0.512706264,0.550683445,0.395199176
06/08/2015 08:00,0.614970501,0.702393382,0.370913178
06/08/2015 09:00,0.670196111,0.7793882,0.336814353
06/08/2015 10:00,0.662978882,0.816043496,0.261112984
06/08/2015 11:00,0.599986266,0.767477449,0.1620794
06/08/2015 12:00,0.485836652,0.665486336,0.068140916
06/08/2015 13:00,0.322955111,0.47866128,0.012577557
06/08/2015 14:00,0.134230281,0.282206213,0
06/08/2015 15:00,0.013310841,0.064464499,0
06/08/2015 16:00,0.000505678,0.009120503,0
06/08/2015 17:00,0,0.002311201,0
06/08/2015 18:00,0,0,0
06/08/2015 19:00,0,0,0
06/08/2015 20:00,0,0,0
06/08/2015 21:00,0,0,0
06/08/2015 22:00,0,0,0
06/08/2015 23:00,0,0,0
07/08/2015 00:00,0,0,0.001347402
07/08/2015 01:00,0,0,0.014910143
07/08/2015 02:00,3.28E-07,0,0.05822188
07/08/2015 03:00,0.005125971,0.000835389,0.133753744
07/08/2015 04:00,0.066063263,0.026964035,0.204889186
07/08/2015 05:00,0.205526247,0.144996344,0.284956038
07/08/2015 06:00,0.370751848,0.333191665,0.312406617
07/08/2015 07:00,0.520239483,0.517810585,0.329275724
07/08/2015 08:00,0.62220477,0.662766071,0.339512473
07/08/2015 09:00,0.675320277,0.757291235,0.290918145
07/08/2015 10:00,0.670905648,0.765232793,0.221462182
07/08/2015 11:00,0.612402493,0.736241015,0.139074688
07/08/2015 12:00,0.49348525,0.622845292,0.059231877
07/08/2015 13:00,0.328272786,0.490551637,0.013089154
07/08/2015 14:00,0.138658574,0.265506327,0
07/08/2015 15:00,0.010889746,0.062052018,0
07/08/2015 16:00,0.000448296,0.011221788,0
07/08/2015 17:00,0,0.002024452,0
07/08/2015 18:00,0,0,0
07/08/2015 19:00,0,0,0
07/08/2015 20:00,0,0,0
07/08/2015 21:00,0,0,0
07/08/2015 22:00,0,0,0
07/08/2015 23:00,0,0,0
08/08/2015 00:00,0,0,0.001143547
08/08/2015 01:00,0,0,0.013066087
08/08/2015 02:00,2.92E-07,0,0.050563507
08/08/2015 03:00,0.005061307,0.000768095,0.11520577
08/08/2015 04:00,0.066093665,0.026059998,0.182076642
08/08/2015 05:00,0.20592264,0.138327872,0.246098265
08/08/2015 06:00,0.372794848,0.316919048,0.28262451
08/08/2015 07:00,0.521842865,0.486572042,0.281333429
08/08/2015 08:00,0.623304053,0.628440244,0.284254461
08/08/2015 09:00,0.678462517,0.709803605,0.250115394
08/08/2015 10:00,0.676949501,0.738968793,0.203872716
08/08/2015 11:00,0.620377975,0.694811341,0.126652462
08/08/2015 12:00,0.506020441,0.62532175,0.054229184
08/08/2015 13:00,0.339863191,0.48727531,0.011378
08/08/2015 14:00,0.141752002,0.28162908,0
08/08/2015 15:00,0.012829931,0.070248978,0
08/08/2015 16:00,0.000340566,0.008775712,0
08/08/2015 17:00,0,0.001782081,0
08/08/2015 18:00,0,0,0
08/08/2015 19:00,0,0,0
08/08/2015 20:00,0,0,0
08/08/2015 21:00,0,0,0
08/08/2015 22:00,0,0,0
08/08/2015 23:00,0,0,0
09/08/2015 00:00,0,0,0.001028981
09/08/2015 01:00,0,0,0.013300607
09/08/2015 02:00,2.09E-07,0,0.057215686
09/08/2015 03:00,0.004954032,0.000664939,0.132211343
09/08/2015 04:00,0.065369153,0.024311108,0.229251434
09/08/2015 05:00,0.204528964,0.132269412,0.317876312
09/08/2015 06:00,0.372667528,0.31189419,0.375896435
09/08/2015 07:00,0.524511823,0.519490402,0.389037802
09/08/2015 08:00,0.623852898,0.669684223,0.378756351
09/08/2015 09:00,0.677859441,0.741093226,0.34435689
09/08/2015 10:00,0.67326257,0.76848106,0.261418747
09/08/2015 11:00,0.618687873,0.724079041,0.16744001
09/08/2015 12:00,0.508962643,0.612173573,0.067358322
09/08/2015 13:00,0.342235085,0.494131346,0.011535437
09/08/2015 14:00,0.141952748,0.286666386,0
09/08/2015 15:00,0.012424463,0.069466146,0
09/08/2015 16:00,0.000303602,0.00704545,0
09/08/2015 17:00,0,0.00161777,0
09/08/2015 18:00,0,0,0
09/08/2015 19:00,0,0,0
09/08/2015 20:00,0,0,0
09/08/2015 21:00,0,0,0
09/08/2015 22:00,0,0,0
09/08/2015 23:00,0,0,0
10/08/2015 00:00,0,0,0.00107454
10/08/2015 01:00,0,0,0.015240975
10/08/2015 02:00,1.53E-07,0,0.067359548
10/08/2015 03:00,0.004664705,0.000673028,0.157126444
10/08/2015 04:00,0.064726236,0.025708883,0.246250128
10/08/2015 05:00,0.203473257,0.144697708,0.312599524
10/08/2015 06:00,0.369503658,0.339033947,0.365598415
10/08/2015 07:00,0.519504551,0.552776348,0.384571179
10/08/2015 08:00,0.620993779,0.706015457,0.374393271
10/08/2015 09:00,0.674905369,0.790213767,0.3354831
10/08/2015 10:00,0.671984291,0.811493126,0.248966894
10/08/2015 11:00,0.613953846,0.792427026,0.154660815
10/08/2015 12:00,0.504502069,0.710225797,0.062745399
10/08/2015 13:00,0.334149808,0.557481488,0.011467549
10/08/2015 14:00,0.139735443,0.342580424,0
10/08/2015 15:00,0.011435741,0.071991967,0
10/08/2015 16:00,0.000262695,0.005735911,0
10/08/2015 17:00,0,0.001350925,0
10/08/2015 18:00,0,0,0
10/08/2015 19:00,0,0,0
10/08/2015 20:00,0,0,0
10/08/2015 21:00,0,0,0
10/08/2015 22:00,0,0,0
10/08/2015 23:00,0,0,0
11/08/2015 00:00,0,0,0.001368242
11/08/2015 01:00,0,0,0.017130431
11/08/2015 02:00,1.50E-07,0,0.065095694
11/08/2015 03:00,0.004598,0.000635558,0.137951905
11/08/2015 04:00,0.064547769,0.026661189,0.222294832
11/08/2015 05:00,0.204261934,0.151640146,0.292417637
11/08/2015 06:00,0.371880235,0.363172379,0.343975481
11/08/2015 07:00,0.521965353,0.566332107,0.337691954
11/08/2015 08:00,0.621532397,0.732188142,0.335178721
11/08/2015 09:00,0.676493012,0.830996478,0.292689019
11/08/2015 10:00,0.673304242,0.873577094,0.212303542
11/08/2015 11:00,0.60842654,0.850852248,0.131806051
11/08/2015 12:00,0.488371024,0.765918093,0.057686448
11/08/2015 13:00,0.32691873,0.604408297,0.01202282
11/08/2015 14:00,0.132055315,0.357782464,0
11/08/2015 15:00,0.011574779,0.077702798,0
11/08/2015 16:00,0.00021805,0.006366726,0
11/08/2015 17:00,0,0.001212918,0
11/08/2015 18:00,0,0,0
11/08/2015 19:00,0,0,0
11/08/2015 20:00,0,0,0
11/08/2015 21:00,0,0,0
11/08/2015 22:00,0,0,0
11/08/2015 23:00,0,0,0
12/08/2015 00:00,0,0,0.000780212
12/08/2015 01:00,0,0,0.009774734
12/08/2015 02:00,1.31E-07,0,0.044793202
12/08/2015 03:00,0.004469649,0.000592107,0.103780741
12/08/2015 04:00,0.064376806,0.025286717,0.170755237
12/08/2015 05:00,0.204050934,0.14393611,0.237983646
12/08/2015 06:00,0.371578811,0.342941538,0.268204702
12/08/2015 07:00,0.519748291,0.548426018,0.304709904
12/08/2015 08:00,0.623212094,0.693152637,0.284470592
12/08/2015 09:00,0.679692373,0.797389286,0.26929381
12/08/2015 10:00,0.67936957,0.846599811,0.201294181
12/08/2015 11:00,0.628412324,0.838959136,0.128769107
12/08/2015 12:00,0.514555057,0.761284521,0.055251868
12/08/2015 13:00,0.341459929,0.604805505,0.011074236
12/08/2015 14:00,0.135800218,0.361997513,0
12/08/2015 15:00,0.00911527,0.080183717,0
12/08/2015 16:00,0.000221012,0.006087281,0
12/08/2015 17:00,0,0.000957814,0
12/08/2015 18:00,0,0,0
12/08/2015 19:00,0,0,0
12/08/2015 20:00,0,0,0
12/08/2015 21:00,0,0,0
12/08/2015 22:00,0,0,0
12/08/2015 23:00,0,0,0
13/08/2015 00:00,0,0,0.00070066
13/08/2015 01:00,0,0,0.011330917
13/08/2015 02:00,7.75E-08,0,0.051794178
13/08/2015 03:00,0.00458604,0.000565586,0.123218088
13/08/2015 04:00,0.066420845,0.026631381,0.210439292
13/08/2015 05:00,0.209539859,0.158570853,0.271746462
13/08/2015 06:00,0.380677482,0.378462128,0.317460421
13/08/2015 07:00,0.534734042,0.590583744,0.336844431
13/08/2015 08:00,0.640456323,0.751807157,0.317426103
13/08/2015 09:00,0.699634888,0.855170657,0.287017483
13/08/2015 10:00,0.69922664,0.893729518,0.227469233
13/08/2015 11:00,0.64555073,0.869938825,0.14667439
13/08/2015 12:00,0.531483001,0.781818254,0.058158143
13/08/2015 13:00,0.357499044,0.615028329,0.010469045
13/08/2015 14:00,0.141718003,0.365805966,0
13/08/2015 15:00,0.006409424,0.07843031,0
13/08/2015 16:00,0.000173359,0.005461833,0
13/08/2015 17:00,0,0.00080945,0
13/08/2015 18:00,0,0,0
13/08/2015 19:00,0,0,0
13/08/2015 20:00,0,0,0
13/08/2015 21:00,0,0,0
13/08/2015 22:00,0,0,0
13/08/2015 23:00,0,0,0
14/08/2015 00:00,0,0,0.000980462
14/08/2015 01:00,0,0,0.013089729
14/08/2015 02:00,6.56E-08,0,0.054627852
14/08/2015 03:00,0.004527383,0.000533093,0.132484653
14/08/2015 04:00,0.067462695,0.026293758,0.225859129
14/08/2015 05:00,0.214308457,0.158910314,0.313548196
14/08/2015 06:00,0.389263243,0.384384629,0.357119399
14/08/2015 07:00,0.544802987,0.599101995,0.359972715
14/08/2015 08:00,0.651595199,0.76153177,0.342263897
14/08/2015 09:00,0.707725399,0.86008309,0.309406731
14/08/2015 10:00,0.709253998,0.897190769,0.232539553
14/08/2015 11:00,0.655600513,0.874220401,0.137623026
14/08/2015 12:00,0.542019344,0.785063034,0.054952841
14/08/2015 13:00,0.365901902,0.618792925,0.010469739
14/08/2015 14:00,0.144214859,0.370138773,0
14/08/2015 15:00,0.004498322,0.07930038,0
14/08/2015 16:00,0.000160932,0.004901654,0
14/08/2015 17:00,0,0.00071798,0
14/08/2015 18:00,0,0,0
14/08/2015 19:00,0,0,0
14/08/2015 20:00,0,0,0
14/08/2015 21:00,0,0,0
14/08/2015 22:00,0,0,0
14/08/2015 23:00,0,0,0
15/08/2015 00:00,0,0,0.000824115
15/08/2015 01:00,0,0,0.010846853
15/08/2015 02:00,2.74E-08,0,0.050386658
15/08/2015 03:00,0.004263204,0.000482004,0.120055286
15/08/2015 04:00,0.066824913,0.025562288,0.19143962
15/08/2015 05:00,0.214933719,0.158829289,0.24601904
15/08/2015 06:00,0.39037034,0.378685361,0.302742599
15/08/2015 07:00,0.54432281,0.585969258,0.339022569
15/08/2015 08:00,0.650052006,0.743286731,0.312336
15/08/2015 09:00,0.705764664,0.846418833,0.26980456
15/08/2015 10:00,0.706078344,0.877750285,0.195094099
15/08/2015 11:00,0.651881303,0.861287596,0.125032054
15/08/2015 12:00,0.537778449,0.77414942,0.049345779
15/08/2015 13:00,0.361907579,0.610743392,0.010337911
15/08/2015 14:00,0.1423413,0.362575332,0
15/08/2015 15:00,0.004727203,0.074733087,0
15/08/2015 16:00,0.000163764,0.00443621,0
15/08/2015 17:00,0,0.000683121,0
15/08/2015 18:00,0,0,0
15/08/2015 19:00,0,0,0
15/08/2015 20:00,0,0,0
15/08/2015 21:00,0,0,0
15/08/2015 22:00,0,0,0
15/08/2015 23:00,0,0,0
16/08/2015 00:00,0,0,0.001043927
16/08/2015 01:00,0,0,0.012419855
16/08/2015 02:00,2.49E-08,0,0.051811141
16/08/2015 03:00,0.004242125,0.0004574,0.119206055
16/08/2015 04:00,0.06625696,0.025376817,0.199484833
16/08/2015 05:00,0.211714926,0.155614934,0.265851318
16/08/2015 06:00,0.385718063,0.370451748,0.312099676
16/08/2015 07:00,0.538432985,0.583228366,0.321116012
16/08/2015 08:00,0.642168619,0.73834771,0.298867545
16/08/2015 09:00,0.698885211,0.83783428,0.25232339
16/08/2015 10:00,0.698379541,0.873846643,0.203390224
16/08/2015 11:00,0.645638045,0.848865071,0.117850129
16/08/2015 12:00,0.533594432,0.758942027,0.049067437
16/08/2015 13:00,0.358162944,0.58573834,0.00929191
16/08/2015 14:00,0.14095034,0.338291792,0
16/08/2015 15:00,0.004966469,0.067897027,0
16/08/2015 16:00,0.00012639,0.00577498,0
16/08/2015 17:00,0,0.000669645,0
16/08/2015 18:00,0,0,0
16/08/2015 19:00,0,0,0
16/08/2015 20:00,0,0,0
16/08/2015 21:00,0,0,0
16/08/2015 22:00,0,0,0
16/08/2015 23:00,0,0,0
17/08/2015 00:00,0,0,0.001079636
17/08/2015 01:00,0,0,0.016517103
17/08/2015 02:00,6.61E-09,0,0.066065731
17/08/2015 03:00,0.004166482,0.000425266,0.152492122
17/08/2015 04:00,0.066201291,0.024959388,0.254523919
17/08/2015 05:00,0.21330312,0.153273447,0.329997284
17/08/2015 06:00,0.388070836,0.363356846,0.382757606
17/08/2015 07:00,0.541440105,0.570268811,0.403498833
17/08/2015 08:00,0.646119983,0.727725067,0.400266373
17/08/2015 09:00,0.702546504,0.817392744,0.354442362
17/08/2015 10:00,0.703808383,0.845171141,0.269989469
17/08/2015 11:00,0.647854449,0.814591091,0.153669024
17/08/2015 12:00,0.535183819,0.730170521,0.057289301
17/08/2015 13:00,0.358717269,0.548745607,0.008822366
17/08/2015 14:00,0.140726896,0.310153281,0
17/08/2015 15:00,0.004758237,0.061212679,0
17/08/2015 16:00,0.000105837,0.006924998,0
17/08/2015 17:00,0,0.000376562,0
17/08/2015 18:00,0,0,0
17/08/2015 19:00,0,0,0
17/08/2015 20:00,0,0,0
17/08/2015 21:00,0,0,0
17/08/2015 22:00,0,0,0
17/08/2015 23:00,0,0,0
18/08/2015 00:00,0,0,0.001257131
18/08/2015 01:00,0,0,0.018913544
18/08/2015 02:00,0,0,0.079813467
18/08/2015 03:00,0.004220829,0.000394314,0.172563094
18/08/2015 04:00,0.067797976,0.023744176,0.271546883
18/08/2015 05:00,0.217620376,0.145862819,0.349315223
18/08/2015 06:00,0.39358535,0.349534805,0.384895852
18/08/2015 07:00,0.547474384,0.547788482,0.380019042
18/08/2015 08:00,0.651843646,0.702389596,0.361898957
18/08/2015 09:00,0.708081424,0.797408334,0.324221377
18/08/2015 10:00,0.708512318,0.815391613,0.246745545
18/08/2015 11:00,0.653742476,0.769303807,0.147843815
18/08/2015 12:00,0.538629417,0.689601966,0.055028097
18/08/2015 13:00,0.361205555,0.512599445,0.009827074
18/08/2015 14:00,0.141085013,0.28899313,0
18/08/2015 15:00,0.004596692,0.060112512,0
18/08/2015 16:00,9.23E-05,0.00543282,0
18/08/2015 17:00,0,0.000314057,0
18/08/2015 18:00,0,0,0
18/08/2015 19:00,0,0,0
18/08/2015 20:00,0,0,0
18/08/2015 21:00,0,0,0
18/08/2015 22:00,0,0,0
18/08/2015 23:00,0,0,0
19/08/2015 00:00,0,0,0.001383262
19/08/2015 01:00,0,0,0.020895335
19/08/2015 02:00,0,0,0.076106519
19/08/2015 03:00,0.004139767,0.00033854,0.159770167
19/08/2015 04:00,0.067383757,0.022269005,0.249337114
19/08/2015 05:00,0.217651964,0.137818715,0.318769314
19/08/2015 06:00,0.393019701,0.336557181,0.359156115
19/08/2015 07:00,0.546836877,0.528656104,0.373681326
19/08/2015 08:00,0.650097973,0.69939075,0.358752853
19/08/2015 09:00,0.706039261,0.796330042,0.309333441
19/08/2015 10:00,0.706116457,0.815092263,0.227345264
19/08/2015 11:00,0.651287219,0.775104163,0.143989618
19/08/2015 12:00,0.536356463,0.669393581,0.056615445
19/08/2015 13:00,0.357574817,0.531086417,0.008906846
19/08/2015 14:00,0.139555457,0.305332042,0
19/08/2015 15:00,0.005544245,0.063217763,0
19/08/2015 16:00,6.10E-05,0.005140027,0
19/08/2015 17:00,0,0.000262159,0
19/08/2015 18:00,0,0,0
19/08/2015 19:00,0,0,0
19/08/2015 20:00,0,0,0
19/08/2015 21:00,0,0,0
19/08/2015 22:00,0,0,0
19/08/2015 23:00,0,0,0
20/08/2015 00:00,0,0,0.001150131
20/08/2015 01:00,0,0,0.014892156
20/08/2015 02:00,0,0,0.059690946
20/08/2015 03:00,0.0040599,0.00031741,0.129130959
20/08/2015 04:00,0.067382276,0.021822351,0.209366189
20/08/2015 05:00,0.217292505,0.133350371,0.270686401
20/08/2015 06:00,0.392418737,0.326481418,0.317428553
20/08/2015 07:00,0.543174414,0.529773751,0.333187504
20/08/2015 08:00,0.646793507,0.693906177,0.309026791
20/08/2015 09:00,0.700634463,0.779905281,0.259509585
20/08/2015 10:00,0.701528919,0.815072961,0.200465962
20/08/2015 11:00,0.644339685,0.795546956,0.119001898
20/08/2015 12:00,0.523870431,0.704355951,0.052802722
20/08/2015 13:00,0.34862223,0.519462786,0.009243457
20/08/2015 14:00,0.1354121,0.302868838,0
20/08/2015 15:00,0.007059324,0.063134158,0
20/08/2015 16:00,5.98E-05,0.006502073,0
20/08/2015 17:00,0,0.000168192,0
20/08/2015 18:00,0,0,0
20/08/2015 19:00,0,0,0
20/08/2015 20:00,0,0,0
20/08/2015 21:00,0,0,0
20/08/2015 22:00,0,0,0
20/08/2015 23:00,0,0,0
21/08/2015 00:00,0,0,0.000487114
21/08/2015 01:00,0,0,0.007971914
21/08/2015 02:00,0,0,0.043010648
21/08/2015 03:00,0.003995003,0.000302774,0.111122606
21/08/2015 04:00,0.066812471,0.022769876,0.189457453
21/08/2015 05:00,0.216282727,0.144436406,0.251153948
21/08/2015 06:00,0.390702367,0.351344507,0.319200002
21/08/2015 07:00,0.540826345,0.556013865,0.351332829
21/08/2015 08:00,0.64389816,0.704340686,0.34935197
21/08/2015 09:00,0.702326991,0.789052938,0.299851949
21/08/2015 10:00,0.701834239,0.815782383,0.240281453
21/08/2015 11:00,0.64406771,0.796851814,0.144956513
21/08/2015 12:00,0.524168736,0.690797469,0.058208442
21/08/2015 13:00,0.34778391,0.514203982,0.007180015
21/08/2015 14:00,0.135059911,0.295338097,0
21/08/2015 15:00,0.007841021,0.058646491,0
21/08/2015 16:00,3.85E-05,0.005790092,0
21/08/2015 17:00,0,0,0
21/08/2015 18:00,0,0,0
21/08/2015 19:00,0,0,0
21/08/2015 20:00,0,0,0
21/08/2015 21:00,0,0,0
21/08/2015 22:00,0,0,0
21/08/2015 23:00,0,0,0
22/08/2015 00:00,0,0,0.00058983
22/08/2015 01:00,0,0,0.0114251
22/08/2015 02:00,0,0,0.056151376
22/08/2015 03:00,0.003881304,0.000266439,0.138001716
22/08/2015 04:00,0.066156626,0.02104878,0.234468444
22/08/2015 05:00,0.215361923,0.134891873,0.306903716
22/08/2015 06:00,0.389888289,0.331284699,0.334135623
22/08/2015 07:00,0.541768752,0.524300976,0.344236811
22/08/2015 08:00,0.647088776,0.681021005,0.347206081
22/08/2015 09:00,0.70147396,0.77344014,0.315621886
22/08/2015 10:00,0.701421506,0.804742085,0.232576556
22/08/2015 11:00,0.639213185,0.760297412,0.142778627
22/08/2015 12:00,0.518928451,0.67667912,0.055987534
22/08/2015 13:00,0.344666618,0.502035484,0.007601554
22/08/2015 14:00,0.134554571,0.292342047,0
22/08/2015 15:00,0.006435427,0.058655979,0
22/08/2015 16:00,3.17E-05,0.005424073,0
22/08/2015 17:00,0,0,0
22/08/2015 18:00,0,0,0
22/08/2015 19:00,0,0,0
22/08/2015 20:00,0,0,0
22/08/2015 21:00,0,0,0
22/08/2015 22:00,0,0,0
22/08/2015 23:00,0,0,0
23/08/2015 00:00,0,0,0.000687028
23/08/2015 01:00,0,0,0.010347798
23/08/2015 02:00,0,0,0.054066129
23/08/2015 03:00,0.00356835,0.000248467,0.136133718
23/08/2015 04:00,0.062946131,0.022055157,0.228117638
23/08/2015 05:00,0.2081681,0.146300691,0.301167782
23/08/2015 06:00,0.3807238,0.361417683,0.344953542
23/08/2015 07:00,0.536862378,0.558541036,0.378501815
23/08/2015 08:00,0.640897093,0.7117823,0.354935622
23/08/2015 09:00,0.697327539,0.816231688,0.312032891
23/08/2015 10:00,0.696427374,0.845488977,0.239281688
23/08/2015 11:00,0.635838602,0.824435637,0.157521445
23/08/2015 12:00,0.513980641,0.738874115,0.062284776
23/08/2015 13:00,0.340591603,0.57080387,0.007149776
23/08/2015 14:00,0.133090106,0.324155796,0
23/08/2015 15:00,0.007034525,0.060142988,0
23/08/2015 16:00,4.46E-05,0.0046433,0
23/08/2015 17:00,0,0,0
23/08/2015 18:00,0,0,0
23/08/2015 19:00,0,0,0
23/08/2015 20:00,0,0,0
23/08/2015 21:00,0,0,0
23/08/2015 22:00,0,0,0
23/08/2015 23:00,0,0,0
24/08/2015 00:00,0,0,0.000589661
24/08/2015 01:00,0,0,0.009577479
24/08/2015 02:00,0,0,0.053353773
24/08/2015 03:00,0.003538969,0.000232404,0.134191655
24/08/2015 04:00,0.063282448,0.02191613,0.226504507
24/08/2015 05:00,0.209816415,0.146032471,0.290327768
24/08/2015 06:00,0.38268462,0.358063399,0.320072269
24/08/2015 07:00,0.533725472,0.563659967,0.340612575
24/08/2015 08:00,0.639302209,0.717334013,0.33588527
24/08/2015 09:00,0.696938542,0.823439376,0.292468812
24/08/2015 10:00,0.696722288,0.866889912,0.238431224
24/08/2015 11:00,0.640249632,0.831320072,0.149980083
24/08/2015 12:00,0.521937872,0.740512653,0.061668062
24/08/2015 13:00,0.34434213,0.565238871,0.006015482
24/08/2015 14:00,0.132140921,0.321418169,0
24/08/2015 15:00,0.005230247,0.062411716,0
24/08/2015 16:00,3.36E-05,0.004177536,0
24/08/2015 17:00,0,0,0
24/08/2015 18:00,0,0,0
24/08/2015 19:00,0,0,0
24/08/2015 20:00,0,0,0
24/08/2015 21:00,0,0,0
24/08/2015 22:00,0,0,0
24/08/2015 23:00,0,0,0
25/08/2015 00:00,0,0,0.000610222
25/08/2015 01:00,0,0,0.009929216
25/08/2015 02:00,0,0,0.052707816
25/08/2015 03:00,0.003547114,0.000206426,0.135538287
25/08/2015 04:00,0.063183756,0.021361203,0.231679245
25/08/2015 05:00,0.210936114,0.143283512,0.305068959
25/08/2015 06:00,0.385162577,0.359292328,0.349609747
25/08/2015 07:00,0.538138771,0.571584542,0.364113739
25/08/2015 08:00,0.641585043,0.725092778,0.364782783
25/08/2015 09:00,0.69637029,0.826705019,0.306267655
25/08/2015 10:00,0.695795831,0.864767496,0.234256259
25/08/2015 11:00,0.634438011,0.819894349,0.151412059
25/08/2015 12:00,0.511106317,0.725377258,0.061832782
25/08/2015 13:00,0.335276747,0.552247289,0.005643849
25/08/2015 14:00,0.132021186,0.318913717,0
25/08/2015 15:00,0.005762017,0.064816459,0
25/08/2015 16:00,1.88E-05,0.003624653,0
25/08/2015 17:00,0,0,0
25/08/2015 18:00,0,0,0
25/08/2015 19:00,0,0,0
25/08/2015 20:00,0,0,0
25/08/2015 21:00,0,0,0
25/08/2015 22:00,0,0,0
25/08/2015 23:00,0,0,0
26/08/2015 00:00,0,0,0.00073096
26/08/2015 01:00,0,0,0.013254858
26/08/2015 02:00,0,0,0.061281291
26/08/2015 03:00,0.003544241,0.000195237,0.145679522
26/08/2015 04:00,0.063781697,0.021185258,0.233226748
26/08/2015 05:00,0.212386035,0.144668711,0.310449462
26/08/2015 06:00,0.38601409,0.352028048,0.346537878
26/08/2015 07:00,0.541399366,0.55322276,0.353303316
26/08/2015 08:00,0.645404369,0.714289509,0.351819386
26/08/2015 09:00,0.700716022,0.811613689,0.320169853
26/08/2015 10:00,0.699933072,0.824855197,0.230552641
26/08/2015 11:00,0.642809329,0.779997913,0.14300125
26/08/2015 12:00,0.521846183,0.707404116,0.059534421
26/08/2015 13:00,0.342906664,0.539659485,0.004869983
26/08/2015 14:00,0.13136781,0.307094121,0
26/08/2015 15:00,0.00552211,0.060782808,0
26/08/2015 16:00,0,0.003924553,0
26/08/2015 17:00,0,0,0
26/08/2015 18:00,0,0,0
26/08/2015 19:00,0,0,0
26/08/2015 20:00,0,0,0
26/08/2015 21:00,0,0,0
26/08/2015 22:00,0,0,0
26/08/2015 23:00,0,0,0
27/08/2015 00:00,0,0,0.000554362
27/08/2015 01:00,0,0,0.009737825
27/08/2015 02:00,0,0,0.048482435
27/08/2015 03:00,0.003491449,0.000178367,0.126534958
27/08/2015 04:00,0.063568746,0.020554351,0.208319259
27/08/2015 05:00,0.211359452,0.139246625,0.288250761
27/08/2015 06:00,0.385698827,0.338883272,0.328606894
27/08/2015 07:00,0.541317165,0.531485131,0.351462124
27/08/2015 08:00,0.644774198,0.696575683,0.346990298
27/08/2015 09:00,0.699026361,0.789730031,0.282699299
27/08/2015 10:00,0.693359117,0.807215635,0.231380471
27/08/2015 11:00,0.64017223,0.770409521,0.142130443
27/08/2015 12:00,0.525634284,0.692119907,0.055939578
27/08/2015 13:00,0.349827011,0.505477676,0.004749177
27/08/2015 14:00,0.1345273,0.274867059,0
27/08/2015 15:00,0.004074076,0.054485515,0
27/08/2015 16:00,0,0.005632109,0
27/08/2015 17:00,0,0,0
27/08/2015 18:00,0,0,0
27/08/2015 19:00,0,0,0
27/08/2015 20:00,0,0,0
27/08/2015 21:00,0,0,0
27/08/2015 22:00,0,0,0
27/08/2015 23:00,0,0,0
28/08/2015 00:00,0,0,0.000533613
28/08/2015 01:00,0,0,0.010677138
28/08/2015 02:00,0,0,0.049932834
28/08/2015 03:00,0.003340839,0.000158411,0.125961564
28/08/2015 04:00,0.063203169,0.019763307,0.214509749
28/08/2015 05:00,0.213056321,0.136099753,0.290474603
28/08/2015 06:00,0.387104279,0.336111004,0.337888613
28/08/2015 07:00,0.543312951,0.538467533,0.363475158
28/08/2015 08:00,0.647338716,0.696125899,0.350854966
28/08/2015 09:00,0.702765901,0.783215727,0.300712004
28/08/2015 10:00,0.700891708,0.797043808,0.215724262
28/08/2015 11:00,0.63967264,0.761385089,0.124827858
28/08/2015 12:00,0.522181566,0.654555893,0.049045513
28/08/2015 13:00,0.345902547,0.480904297,0.005049983
28/08/2015 14:00,0.134396619,0.255320642,0
28/08/2015 15:00,0.004156331,0.053498825,0
28/08/2015 16:00,0,0.006457847,0
28/08/2015 17:00,0,0,0
28/08/2015 18:00,0,0,0
28/08/2015 19:00,0,0,0
28/08/2015 20:00,0,0,0
28/08/2015 21:00,0,0,0
28/08/2015 22:00,0,0,0
28/08/2015 23:00,0,0,0
29/08/2015 00:00,0,0,0.000537978
29/08/2015 01:00,0,0,0.010787285
29/08/2015 02:00,0,0,0.051958687
29/08/2015 03:00,0.003307013,0.000143036,0.13233601
29/08/2015 04:00,0.06265389,0.01932798,0.220739724
29/08/2015 05:00,0.210819139,0.13122057,0.307022444
29/08/2015 06:00,0.38630074,0.32669598,0.364694992
29/08/2015 07:00,0.540597785,0.525648708,0.367188317
29/08/2015 08:00,0.645481703,0.679118578,0.355032748
29/08/2015 09:00,0.695833991,0.755490264,0.30807617
29/08/2015 10:00,0.678653794,0.780737586,0.226836185
29/08/2015 11:00,0.606071569,0.745981652,0.137102757
29/08/2015 12:00,0.486939669,0.65756208,0.051175516
29/08/2015 13:00,0.317493308,0.477094718,0.005363366
29/08/2015 14:00,0.124596079,0.265889126,0
29/08/2015 15:00,0.006210949,0.054391622,0
29/08/2015 16:00,0,0.005706031,0
29/08/2015 17:00,0,0,0
29/08/2015 18:00,0,0,0
29/08/2015 19:00,0,0,0
29/08/2015 20:00,0,0,0
29/08/2015 21:00,0,0,0
29/08/2015 22:00,0,0,0
29/08/2015 23:00,0,0,0
30/08/2015 00:00,0,0,0.000476788
30/08/2015 01:00,0,0,0.011227059
30/08/2015 02:00,0,0,0.060475759
30/08/2015 03:00,0.003273008,0.000130164,0.15600913
30/08/2015 04:00,0.062255229,0.019233848,0.249421821
30/08/2015 05:00,0.21101798,0.134976083,0.32543279
30/08/2015 06:00,0.384565464,0.33904847,0.390860106
30/08/2015 07:00,0.540419307,0.537126441,0.402794012
30/08/2015 08:00,0.644669938,0.699522637,0.389775823
30/08/2015 09:00,0.696791102,0.802832257,0.352677264
30/08/2015 10:00,0.692431287,0.834413463,0.261834958
30/08/2015 11:00,0.619362795,0.789363632,0.155072964
30/08/2015 12:00,0.495489997,0.680838382,0.057812621
30/08/2015 13:00,0.325816797,0.505025608,0.003745292
30/08/2015 14:00,0.122579555,0.284590307,0
30/08/2015 15:00,0.005223546,0.057777462,0
30/08/2015 16:00,0,0.003565253,0
30/08/2015 17:00,0,0,0
30/08/2015 18:00,0,0,0
30/08/2015 19:00,0,0,0
30/08/2015 20:00,0,0,0
30/08/2015 21:00,0,0,0
30/08/2015 22:00,0,0,0
30/08/2015 23:00,0,0,0
31/08/2015 00:00,0,0,0.000608561
31/08/2015 01:00,0,0,0.012599399
31/08/2015 02:00,0,0,0.061367769
31/08/2015 03:00,0.003223979,0.000111626,0.148377554
31/08/2015 04:00,0.061939492,0.018183304,0.246657659
31/08/2015 05:00,0.211270137,0.130343558,0.323425435
31/08/2015 06:00,0.384882856,0.333952843,0.367552448
31/08/2015 07:00,0.537964419,0.552175985,0.417934702
31/08/2015 08:00,0.639769233,0.711973106,0.389972862
31/08/2015 09:00,0.694059098,0.812298823,0.340694447
31/08/2015 10:00,0.686651005,0.833247865,0.259525908
31/08/2015 11:00,0.622201809,0.784717064,0.152801961
31/08/2015 12:00,0.4959137,0.688905795,0.05509784
31/08/2015 13:00,0.32536488,0.527440529,0.003435997
31/08/2015 14:00,0.122859744,0.294829095,0
31/08/2015 15:00,0.004133671,0.055359588,0
31/08/2015 16:00,0,0.002801172,0
31/08/2015 17:00,0,0,0
31/08/2015 18:00,0,0,0
31/08/2015 19:00,0,0,0
31/08/2015 20:00,0,0,0
31/08/2015 21:00,0,0,0
31/08/2015 22:00,0,0,0
31/08/2015 23:00,0,0,0
01/09/2015 00:00,0,0,0.000551281
01/09/2015 01:00,0,0,0.010631007
01/09/2015 02:00,2.94E-05,6.65E-06,0.054209808
01/09/2015 03:00,0.003206308,0.000141873,0.13107875
01/09/2015 04:00,0.063116868,0.018142129,0.223525083
01/09/2015 05:00,0.213494648,0.133174959,0.289031486
01/09/2015 06:00,0.387852814,0.346468372,0.350248644
01/09/2015 07:00,0.541517114,0.556586584,0.362533416
01/09/2015 08:00,0.64355504,0.719061142,0.345677034
01/09/2015 09:00,0.699866151,0.819222122,0.313187635
01/09/2015 10:00,0.692146788,0.846512311,0.24100152
01/09/2015 11:00,0.623429562,0.81188908,0.14569178
01/09/2015 12:00,0.501504194,0.707884908,0.05775632
01/09/2015 13:00,0.31914773,0.534806271,0.003109233
01/09/2015 14:00,0.119358967,0.304562955,0
01/09/2015 15:00,0.005498773,0.060211443,0
01/09/2015 16:00,0,0.002601301,0
01/09/2015 17:00,0,0,0
01/09/2015 18:00,0,0,0
01/09/2015 19:00,0,0,0
01/09/2015 20:00,0,0,0
01/09/2015 21:00,0,0,0
01/09/2015 22:00,0,0,0
01/09/2015 23:00,0,0,0
02/09/2015 00:00,0,0,0.000603305
02/09/2015 01:00,0,0,0.012147964
02/09/2015 02:00,2.91E-05,6.74E-06,0.060831451
02/09/2015 03:00,0.003141085,0.00013729,0.148758892
02/09/2015 04:00,0.063133756,0.018592526,0.237898722
02/09/2015 05:00,0.214222689,0.139168687,0.315377979
02/09/2015 06:00,0.386202754,0.352964072,0.367571372
02/09/2015 07:00,0.528504794,0.569773659,0.391230452
02/09/2015 08:00,0.631769324,0.732702693,0.389133826
02/09/2015 09:00,0.682358853,0.835316011,0.345404053
02/09/2015 10:00,0.677511293,0.868181996,0.25960941
02/09/2015 11:00,0.597654545,0.840873195,0.160506953
02/09/2015 12:00,0.480666561,0.744014877,0.058771402
02/09/2015 13:00,0.307580177,0.572719651,0.00270767
02/09/2015 14:00,0.116970295,0.319562944,0
02/09/2015 15:00,0.004698537,0.06241748,0
02/09/2015 16:00,0,0.002487655,0
02/09/2015 17:00,0,0,0
02/09/2015 18:00,0,0,0
02/09/2015 19:00,0,0,0
02/09/2015 20:00,0,0,0
02/09/2015 21:00,0,0,0
02/09/2015 22:00,0,0,0
02/09/2015 23:00,0,0,0
03/09/2015 00:00,0,0,0.000607099
03/09/2015 01:00,0,0,0.014213958
03/09/2015 02:00,2.86E-05,5.55E-06,0.069860502
03/09/2015 03:00,0.003073468,0.000124752,0.178604328
03/09/2015 04:00,0.062655421,0.016961187,0.287017898
03/09/2015 05:00,0.213929737,0.129197348,0.372138405
03/09/2015 06:00,0.384519245,0.332353397,0.43479083
03/09/2015 07:00,0.526072304,0.552198732,0.43665526
03/09/2015 08:00,0.626705314,0.7153979,0.423765637
03/09/2015 09:00,0.681124634,0.817634546,0.381173673
03/09/2015 10:00,0.673628673,0.852594451,0.28405911
03/09/2015 11:00,0.604416701,0.826177706,0.183412257
03/09/2015 12:00,0.486222534,0.730584844,0.063128707
03/09/2015 13:00,0.312056817,0.562537671,0.002241218
03/09/2015 14:00,0.116509058,0.318196876,0
03/09/2015 15:00,0.004621654,0.062820511,0
03/09/2015 16:00,0,0.002812947,0
03/09/2015 17:00,0,0,0
03/09/2015 18:00,0,0,0
03/09/2015 19:00,0,0,0
03/09/2015 20:00,0,0,0
03/09/2015 21:00,0,0,0
03/09/2015 22:00,0,0,0
03/09/2015 23:00,0,0,0
04/09/2015 00:00,0,0,0.000681872
04/09/2015 01:00,0,0,0.015663395
04/09/2015 02:00,2.80E-05,4.97E-06,0.080399065
04/09/2015 03:00,0.003040533,0.000116883,0.190954956
04/09/2015 04:00,0.061889612,0.016820712,0.310515656
04/09/2015 05:00,0.21057526,0.129704148,0.394649948
04/09/2015 06:00,0.383000002,0.338426377,0.455628342
04/09/2015 07:00,0.530341166,0.560429794,0.47235755
04/09/2015 08:00,0.634247158,0.727539239,0.457090853
04/09/2015 09:00,0.688166681,0.830918347,0.387205953
04/09/2015 10:00,0.677049922,0.863844391,0.284039371
04/09/2015 11:00,0.59936685,0.826846194,0.180293296
04/09/2015 12:00,0.480262133,0.736138525,0.064422469
04/09/2015 13:00,0.309463378,0.560001229,0.00159436
04/09/2015 14:00,0.117214706,0.3083499,0
04/09/2015 15:00,0.004702677,0.06189753,0
04/09/2015 16:00,0,0.003234352,0
04/09/2015 17:00,0,0,0
04/09/2015 18:00,0,0,0
04/09/2015 19:00,0,0,0
04/09/2015 20:00,0,0,0
04/09/2015 21:00,0,0,0
04/09/2015 22:00,0,0,0
04/09/2015 23:00,0,0,0
05/09/2015 00:00,0,0,0.000632217
05/09/2015 01:00,0,0,0.014868727
05/09/2015 02:00,2.76E-05,4.21E-06,0.071315093
05/09/2015 03:00,0.002964642,0.000111645,0.180896805
05/09/2015 04:00,0.061336035,0.016842028,0.295795184
05/09/2015 05:00,0.212133319,0.132406268,0.380982473
05/09/2015 06:00,0.387606316,0.339660502,0.421682344
05/09/2015 07:00,0.538876132,0.551855783,0.428914279
05/09/2015 08:00,0.642480908,0.707314208,0.42213318
05/09/2015 09:00,0.696147208,0.806425855,0.368184154
05/09/2015 10:00,0.680488896,0.830020904,0.282901564
05/09/2015 11:00,0.620839125,0.789049141,0.172429549
05/09/2015 12:00,0.502470676,0.695248757,0.063702283
05/09/2015 13:00,0.32105963,0.521623867,0.001241427
05/09/2015 14:00,0.112145511,0.27909282,0
05/09/2015 15:00,0.004707304,0.051563083,0
05/09/2015 16:00,0,0.004252499,0
05/09/2015 17:00,0,0,0
05/09/2015 18:00,0,0,0
05/09/2015 19:00,0,0,0
05/09/2015 20:00,0,0,0
05/09/2015 21:00,0,0,0
05/09/2015 22:00,0,0,0
05/09/2015 23:00,0,0,0
06/09/2015 00:00,0,0,0.000652285
06/09/2015 01:00,0,0,0.015783659
06/09/2015 02:00,2.72E-05,3.78E-06,0.074342975
06/09/2015 03:00,0.002909286,0.000106277,0.170339023
06/09/2015 04:00,0.061023294,0.015196893,0.273984319
06/09/2015 05:00,0.212264425,0.116256113,0.370700148
06/09/2015 06:00,0.389480189,0.291960795,0.409202503
06/09/2015 07:00,0.544826778,0.474712631,0.421417196
06/09/2015 08:00,0.648550742,0.611849505,0.399590881
06/09/2015 09:00,0.699365815,0.695550406,0.35727607
06/09/2015 10:00,0.689274267,0.703767155,0.273895827
06/09/2015 11:00,0.629336326,0.644789761,0.167364245
06/09/2015 12:00,0.506142753,0.569387602,0.061755293
06/09/2015 13:00,0.325140135,0.413200502,0.001067281
06/09/2015 14:00,0.117313172,0.223281916,0
06/09/2015 15:00,0.004658872,0.048199207,0
06/09/2015 16:00,0,0.004387614,0
06/09/2015 17:00,0,0,0
06/09/2015 18:00,0,0,0
06/09/2015 19:00,0,0,0
06/09/2015 20:00,0,0,0
06/09/2015 21:00,0,0,0
06/09/2015 22:00,0,0,0
06/09/2015 23:00,0,0,0
07/09/2015 00:00,0,0,0.000619008
07/09/2015 01:00,0,0,0.015524826
07/09/2015 02:00,2.68E-05,3.79E-06,0.069085369
07/09/2015 03:00,0.002848911,0.000100202,0.159177195
07/09/2015 04:00,0.061570564,0.014750952,0.251795886
07/09/2015 05:00,0.214885684,0.11901483,0.32976724
07/09/2015 06:00,0.392265712,0.313846573,0.38008119
07/09/2015 07:00,0.546614063,0.502099012,0.394215071
07/09/2015 08:00,0.651961479,0.641294036,0.383540848
07/09/2015 09:00,0.705122354,0.719840078,0.329350859
07/09/2015 10:00,0.696296878,0.70395953,0.256474668
07/09/2015 11:00,0.630706743,0.621270661,0.149171244
07/09/2015 12:00,0.510511551,0.507044586,0.054224842
07/09/2015 13:00,0.333340684,0.382124442,0.001762582
07/09/2015 14:00,0.118966969,0.219526289,0
07/09/2015 15:00,0.002371422,0.052503922,0
07/09/2015 16:00,0,0.003920749,0
07/09/2015 17:00,0,0,0
07/09/2015 18:00,0,0,0
07/09/2015 19:00,0,0,0
07/09/2015 20:00,0,0,0
07/09/2015 21:00,0,0,0
07/09/2015 22:00,0,0,0
07/09/2015 23:00,0,0,0
08/09/2015 00:00,0,0,0.000646975
08/09/2015 01:00,0,0,0.014576687
08/09/2015 02:00,2.63E-05,3.63E-06,0.076141985
08/09/2015 03:00,0.002663558,9.30E-05,0.188054128
08/09/2015 04:00,0.060113169,0.01477244,0.310259288
08/09/2015 05:00,0.211440596,0.123728386,0.383079988
08/09/2015 06:00,0.388269628,0.326586592,0.448484312
08/09/2015 07:00,0.545422739,0.534211646,0.437184997
08/09/2015 08:00,0.650108061,0.693276903,0.426140864
08/09/2015 09:00,0.703780195,0.774602217,0.370045619
08/09/2015 10:00,0.697204605,0.777127938,0.285364875
08/09/2015 11:00,0.636423169,0.710210921,0.17185137
08/09/2015 12:00,0.513568239,0.575732741,0.053872329
08/09/2015 13:00,0.336402386,0.438531806,0.001951236
08/09/2015 14:00,0.121327366,0.237900003,0
08/09/2015 15:00,0.001799978,0.048489203,0
08/09/2015 16:00,0,0.004582304,0
08/09/2015 17:00,0,0,0
08/09/2015 18:00,0,0,0
08/09/2015 19:00,0,0,0
08/09/2015 20:00,0,0,0
08/09/2015 21:00,0,0,0
08/09/2015 22:00,0,0,0
08/09/2015 23:00,0,0,0
09/09/2015 00:00,0,0,0.000545455
09/09/2015 01:00,0,0,0.013481372
09/09/2015 02:00,2.61E-05,2.69E-06,0.080389617
09/09/2015 03:00,0.002789497,8.55E-05,0.208843005
09/09/2015 04:00,0.061043697,0.014140677,0.340547084
09/09/2015 05:00,0.215346881,0.117512957,0.443831005
09/09/2015 06:00,0.394144288,0.299565483,0.493028131
09/09/2015 07:00,0.550778109,0.509457657,0.489460213
09/09/2015 08:00,0.655061739,0.646206217,0.461303198
09/09/2015 09:00,0.708452742,0.715125883,0.388851812
09/09/2015 10:00,0.701342467,0.711768907,0.292378473
09/09/2015 11:00,0.642078604,0.655008407,0.17180936
09/09/2015 12:00,0.521529924,0.548585795,0.053600848
09/09/2015 13:00,0.341300195,0.392826037,0.001942983
09/09/2015 14:00,0.124686636,0.224790794,0
09/09/2015 15:00,0.001679755,0.048671487,0
09/09/2015 16:00,0,0.003682446,0
09/09/2015 17:00,0,0,0
09/09/2015 18:00,0,0,0
09/09/2015 19:00,0,0,0
09/09/2015 20:00,0,0,0
09/09/2015 21:00,0,0,0
09/09/2015 22:00,0,0,0
09/09/2015 23:00,0,0,0
10/09/2015 00:00,0,0,0.000277234
10/09/2015 01:00,0,0,0.008753772
10/09/2015 02:00,2.57E-05,2.68E-06,0.066436652
10/09/2015 03:00,0.002715383,8.24E-05,0.17764606
10/09/2015 04:00,0.059323215,0.011416083,0.312005539
10/09/2015 05:00,0.212045385,0.102564907,0.410306255
10/09/2015 06:00,0.390536143,0.275684364,0.465314787
10/09/2015 07:00,0.547580851,0.460148862,0.452524219
10/09/2015 08:00,0.650645756,0.603987647,0.43387674
10/09/2015 09:00,0.705539666,0.675512721,0.383443742
10/09/2015 10:00,0.701472562,0.688282225,0.283395849
10/09/2015 11:00,0.637353415,0.646642184,0.168098177
10/09/2015 12:00,0.515374306,0.584584221,0.058206768
10/09/2015 13:00,0.333479493,0.434933017,0.001441845
10/09/2015 14:00,0.121531023,0.244778208,0
10/09/2015 15:00,0.001753003,0.048919705,0
10/09/2015 16:00,0,0.003201974,0
10/09/2015 17:00,0,0,0
10/09/2015 18:00,0,0,0
10/09/2015 19:00,0,0,0
10/09/2015 20:00,0,0,0
10/09/2015 21:00,0,0,0
10/09/2015 22:00,0,0,0
10/09/2015 23:00,0,0,0
11/09/2015 00:00,0,0,0.000359657
11/09/2015 01:00,0,0,0.01047809
11/09/2015 02:00,2.53E-05,2.69E-06,0.071517401
11/09/2015 03:00,0.002567891,7.83E-05,0.192416456
11/09/2015 04:00,0.058609336,0.012781921,0.32657868
11/09/2015 05:00,0.212412051,0.11643245,0.426080112
11/09/2015 06:00,0.38977097,0.308835762,0.468845318
11/09/2015 07:00,0.543432994,0.524841158,0.495845116
11/09/2015 08:00,0.650490874,0.668017839,0.469058226
11/09/2015 09:00,0.702132051,0.737215586,0.412521518
11/09/2015 10:00,0.689696071,0.753686156,0.310928707
11/09/2015 11:00,0.622113548,0.707819615,0.186593321
11/09/2015 12:00,0.499763558,0.590917711,0.055334602
11/09/2015 13:00,0.325294945,0.439044732,0.000833969
11/09/2015 14:00,0.117518804,0.248893506,0
11/09/2015 15:00,0.001679466,0.047818749,0
11/09/2015 16:00,0,0.002857842,0
11/09/2015 17:00,0,0,0
11/09/2015 18:00,0,0,0
11/09/2015 19:00,0,0,0
11/09/2015 20:00,0,0,0
11/09/2015 21:00,0,0,0
11/09/2015 22:00,0,0,0
11/09/2015 23:00,0,0,0
12/09/2015 00:00,0,0,0.000321793
12/09/2015 01:00,0,0,0.011374683
12/09/2015 02:00,2.52E-05,2.45E-06,0.07379707
12/09/2015 03:00,0.002586633,7.66E-05,0.190941094
12/09/2015 04:00,0.059949215,0.013339084,0.328496213
12/09/2015 05:00,0.213513082,0.121145765,0.429285159
12/09/2015 06:00,0.389729399,0.317976295,0.487249883
12/09/2015 07:00,0.544202187,0.518475322,0.49553269
12/09/2015 08:00,0.649593745,0.671621434,0.49333529
12/09/2015 09:00,0.701838197,0.776049011,0.423596996
12/09/2015 10:00,0.695972468,0.808724467,0.32255046
12/09/2015 11:00,0.619190229,0.758363582,0.192484702
12/09/2015 12:00,0.495526284,0.657055387,0.061278319
12/09/2015 13:00,0.320215987,0.483259741,0.000830021
12/09/2015 14:00,0.113365633,0.256722731,0
12/09/2015 15:00,0.001736497,0.049106915,0
12/09/2015 16:00,0,0.003361595,0
12/09/2015 17:00,0,0,0
12/09/2015 18:00,0,0,0
12/09/2015 19:00,0,0,0
12/09/2015 20:00,0,0,0
12/09/2015 21:00,0,0,0
12/09/2015 22:00,0,0,0
12/09/2015 23:00,0,0,0
13/09/2015 00:00,0,0,0.000478753
13/09/2015 01:00,0,0,0.01294526
13/09/2015 02:00,2.49E-05,2.22E-06,0.084244392
13/09/2015 03:00,0.002567259,7.18E-05,0.208341714
13/09/2015 04:00,0.060180892,0.012324908,0.355678884
13/09/2015 05:00,0.215273987,0.106592119,0.449517582
13/09/2015 06:00,0.390273458,0.280513667,0.495183354
13/09/2015 07:00,0.540721809,0.469562336,0.512369906
13/09/2015 08:00,0.646017423,0.610866879,0.512122229
13/09/2015 09:00,0.699994562,0.701592438,0.443819518
13/09/2015 10:00,0.700228476,0.720184537,0.340437855
13/09/2015 11:00,0.632258688,0.657145065,0.199204551
13/09/2015 12:00,0.498826617,0.539093001,0.059281983
13/09/2015 13:00,0.318360252,0.377378307,0.000633605
13/09/2015 14:00,0.113106515,0.209322347,0
13/09/2015 15:00,0.001635191,0.050101505,0
13/09/2015 16:00,0,0.003868527,0
13/09/2015 17:00,0,0,0
13/09/2015 18:00,0,0,0
13/09/2015 19:00,0,0,0
13/09/2015 20:00,0,0,0
13/09/2015 21:00,0,0,0
13/09/2015 22:00,0,0,0
13/09/2015 23:00,0,0,0
14/09/2015 00:00,0,0,0.000548076
14/09/2015 01:00,0,0,0.014668054
14/09/2015 02:00,2.45E-05,2.03E-06,0.091283993
14/09/2015 03:00,0.002588031,6.78E-05,0.232023104
14/09/2015 04:00,0.061054797,0.010023663,0.378510117
14/09/2015 05:00,0.218487072,0.093682307,0.487236543
14/09/2015 06:00,0.397029092,0.256644753,0.540519499
14/09/2015 07:00,0.551308492,0.455265688,0.527127094
14/09/2015 08:00,0.655104406,0.598919555,0.515736637
14/09/2015 09:00,0.708980973,0.665405336,0.437915162
14/09/2015 10:00,0.702622602,0.68056671,0.336957945
14/09/2015 11:00,0.637771329,0.593793677,0.197465278
14/09/2015 12:00,0.510390791,0.497910835,0.058795946
14/09/2015 13:00,0.329143532,0.372953054,0.000587053
14/09/2015 14:00,0.115169721,0.208874424,0
14/09/2015 15:00,0.001080082,0.043205301,0
14/09/2015 16:00,0,0.002840962,0
14/09/2015 17:00,0,0,0
14/09/2015 18:00,0,0,0
14/09/2015 19:00,0,0,0
14/09/2015 20:00,0,0,0
14/09/2015 21:00,0,0,0
14/09/2015 22:00,0,0,0
14/09/2015 23:00,0,0,0
15/09/2015 00:00,0,0,0.000620209
15/09/2015 01:00,0,0,0.018044691
15/09/2015 02:00,2.43E-05,2.03E-06,0.101946537
15/09/2015 03:00,0.002538139,6.59E-05,0.254705597
15/09/2015 04:00,0.061382104,0.011536242,0.402208114
15/09/2015 05:00,0.22028685,0.106991006,0.523178883
15/09/2015 06:00,0.400289984,0.286810222,0.569743583
15/09/2015 07:00,0.554100483,0.487108379,0.579768708
15/09/2015 08:00,0.658459995,0.640619982,0.549600953
15/09/2015 09:00,0.71057901,0.716222373,0.466492658
15/09/2015 10:00,0.704552511,0.718910709,0.344621984
15/09/2015 11:00,0.641540894,0.628354015,0.198749131
15/09/2015 12:00,0.511623365,0.505427559,0.0583356
15/09/2015 13:00,0.332365147,0.365043228,0.000423677
15/09/2015 14:00,0.11690753,0.210002995,0
15/09/2015 15:00,0.001023439,0.045885458,0
15/09/2015 16:00,0,0.001957123,0
15/09/2015 17:00,0,0,0
15/09/2015 18:00,0,0,0
15/09/2015 19:00,0,0,0
15/09/2015 20:00,0,0,0
15/09/2015 21:00,0,0,0
15/09/2015 22:00,0,0,0
15/09/2015 23:00,0,0,0
16/09/2015 00:00,0,0,0.000648272
16/09/2015 01:00,0,0,0.019847648
16/09/2015 02:00,2.40E-05,1.63E-06,0.102998809
16/09/2015 03:00,0.002467487,6.36E-05,0.253954033
16/09/2015 04:00,0.060399077,0.011504235,0.404557507
16/09/2015 05:00,0.218752523,0.116665813,0.514616361
16/09/2015 06:00,0.397606475,0.320617949,0.574213474
16/09/2015 07:00,0.551558526,0.538594778,0.574639053
16/09/2015 08:00,0.655268861,0.701673951,0.534186734
16/09/2015 09:00,0.709612029,0.787972774,0.462389241
16/09/2015 10:00,0.696687347,0.78495378,0.331034255
16/09/2015 11:00,0.633707511,0.734748084,0.189173037
16/09/2015 12:00,0.508927062,0.626403231,0.052442952
16/09/2015 13:00,0.329094198,0.454837151,0.000743996
16/09/2015 14:00,0.115349195,0.243390147,0
16/09/2015 15:00,0.000797985,0.049171472,0
16/09/2015 16:00,0,0.001983325,0
16/09/2015 17:00,0,0,0
16/09/2015 18:00,0,0,0
16/09/2015 19:00,0,0,0
16/09/2015 20:00,0,0,0
16/09/2015 21:00,0,0,0
16/09/2015 22:00,0,0,0
16/09/2015 23:00,0,0,0
17/09/2015 00:00,0,0,0.000605522
17/09/2015 01:00,0,0,0.019540694
17/09/2015 02:00,2.35E-05,1.40E-06,0.097021953
17/09/2015 03:00,0.002430952,6.03E-05,0.225610993
17/09/2015 04:00,0.060228442,0.010493472,0.356888058
17/09/2015 05:00,0.217626318,0.105572119,0.462858867
17/09/2015 06:00,0.396461936,0.29369502,0.525162124
17/09/2015 07:00,0.552120329,0.486862545,0.547849291
17/09/2015 08:00,0.655419198,0.643953554,0.514142004
17/09/2015 09:00,0.709920843,0.725318743,0.438642261
17/09/2015 10:00,0.693396987,0.725677871,0.326655995
17/09/2015 11:00,0.624295941,0.694840379,0.175592862
17/09/2015 12:00,0.493255742,0.590707826,0.051745066
17/09/2015 13:00,0.316725101,0.451332402,0.00068147
17/09/2015 14:00,0.114161918,0.251371587,0
17/09/2015 15:00,0.001279841,0.04998433,0
17/09/2015 16:00,0,0.001410701,0
17/09/2015 17:00,0,0,0
17/09/2015 18:00,0,0,0
17/09/2015 19:00,0,0,0
17/09/2015 20:00,0,0,0
17/09/2015 21:00,0,0,0
17/09/2015 22:00,0,0,0
17/09/2015 23:00,0,0,0
18/09/2015 00:00,0,0,0.000595141
18/09/2015 01:00,0,0,0.020304421
18/09/2015 02:00,2.35E-05,1.41E-06,0.103856262
18/09/2015 03:00,0.002383195,5.86E-05,0.246208404
18/09/2015 04:00,0.059261823,0.009401883,0.393660181
18/09/2015 05:00,0.215192725,0.098907004,0.503036868
18/09/2015 06:00,0.395817715,0.276675746,0.561429495
18/09/2015 07:00,0.553400686,0.467387604,0.5882498
18/09/2015 08:00,0.656453764,0.624668234,0.555019334
18/09/2015 09:00,0.709048566,0.713909258,0.475181258
18/09/2015 10:00,0.69551959,0.722964183,0.343761736
18/09/2015 11:00,0.618489044,0.697223319,0.187492096
18/09/2015 12:00,0.487150313,0.610622532,0.050853568
18/09/2015 13:00,0.304338113,0.465398345,0.000655448
18/09/2015 14:00,0.109806323,0.265607241,0
18/09/2015 15:00,0.002249233,0.059416407,0
18/09/2015 16:00,0,0.001196751,0
18/09/2015 17:00,0,0,0
18/09/2015 18:00,0,0,0
18/09/2015 19:00,0,0,0
18/09/2015 20:00,0,0,0
18/09/2015 21:00,0,0,0
18/09/2015 22:00,0,0,0
18/09/2015 23:00,0,0,0
19/09/2015 00:00,0,0,0.000461118
19/09/2015 01:00,0,0,0.016784213
19/09/2015 02:00,2.32E-05,1.33E-06,0.096470741
19/09/2015 03:00,0.002382615,5.74E-05,0.239244242
19/09/2015 04:00,0.059984621,0.010153646,0.377271049
19/09/2015 05:00,0.218049782,0.111794512,0.489855911
19/09/2015 06:00,0.396708386,0.316717502,0.547981818
19/09/2015 07:00,0.552794053,0.542600889,0.546752263
19/09/2015 08:00,0.656038292,0.714406979,0.509856043
19/09/2015 09:00,0.708333312,0.824484472,0.438867139
19/09/2015 10:00,0.700510539,0.859529182,0.329488283
19/09/2015 11:00,0.629647365,0.829682469,0.188357232
19/09/2015 12:00,0.506352127,0.730925648,0.051922185
19/09/2015 13:00,0.323249016,0.552382471,0.000384728
19/09/2015 14:00,0.11483723,0.303893807,0
19/09/2015 15:00,0.001450042,0.06331682,0
19/09/2015 16:00,0,0.000959579,0
19/09/2015 17:00,0,0,0
19/09/2015 18:00,0,0,0
19/09/2015 19:00,0,0,0
19/09/2015 20:00,0,0,0
19/09/2015 21:00,0,0,0
19/09/2015 22:00,0,0,0
19/09/2015 23:00,0,0,0
20/09/2015 00:00,0,0,0.000413143
20/09/2015 01:00,0,0,0.014246083
20/09/2015 02:00,2.29E-05,1.13E-06,0.079950586
20/09/2015 03:00,0.002343235,5.57E-05,0.19995314
20/09/2015 04:00,0.06013247,0.010434159,0.317932921
20/09/2015 05:00,0.217533269,0.116992905,0.409404644
20/09/2015 06:00,0.398382654,0.331824834,0.466114548
20/09/2015 07:00,0.555971803,0.544338775,0.46866136
20/09/2015 08:00,0.662194767,0.719274387,0.454250559
20/09/2015 09:00,0.713401066,0.822769712,0.393373343
20/09/2015 10:00,0.703888518,0.862129031,0.300095091
20/09/2015 11:00,0.635912727,0.837147957,0.171122817
20/09/2015 12:00,0.508141438,0.731489763,0.054244997
20/09/2015 13:00,0.326310239,0.551162997,0.000424193
20/09/2015 14:00,0.116065685,0.297964723,0
20/09/2015 15:00,0.000923545,0.058862862,0
20/09/2015 16:00,0,0.000851404,0
20/09/2015 17:00,0,0,0
20/09/2015 18:00,0,0,0
20/09/2015 19:00,0,0,0
20/09/2015 20:00,0,0,0
20/09/2015 21:00,0,0,0
20/09/2015 22:00,0,0,0
20/09/2015 23:00,0,0,0
21/09/2015 00:00,0,0,0.000337438
21/09/2015 01:00,0,0,0.013377276
21/09/2015 02:00,2.26E-05,1.13E-06,0.069205463
21/09/2015 03:00,0.002296656,5.42E-05,0.172877137
21/09/2015 04:00,0.060336976,0.009489214,0.284106406
21/09/2015 05:00,0.220392489,0.108795272,0.378524505
21/09/2015 06:00,0.399564863,0.310757741,0.434492399
21/09/2015 07:00,0.551484714,0.518226431,0.430199416
21/09/2015 08:00,0.655486341,0.685332039,0.411893003
21/09/2015 09:00,0.711573718,0.791941131,0.361369666
21/09/2015 10:00,0.701793479,0.816414174,0.259917835
21/09/2015 11:00,0.626393403,0.797338561,0.15140959
21/09/2015 12:00,0.497676757,0.699839392,0.048719835
21/09/2015 13:00,0.313120475,0.522111639,0.000301185
21/09/2015 14:00,0.111549377,0.282462369,0
21/09/2015 15:00,0.000833975,0.058859137,0
21/09/2015 16:00,0,0.000825301,0
21/09/2015 17:00,0,0,0
21/09/2015 18:00,0,0,0
21/09/2015 19:00,0,0,0
21/09/2015 20:00,0,0,0
21/09/2015 21:00,0,0,0
21/09/2015 22:00,0,0,0
21/09/2015 23:00,0,0,0
22/09/2015 00:00,0,0,0.000321743
22/09/2015 01:00,0,0,0.013308003
22/09/2015 02:00,2.23E-05,7.20E-07,0.071303459
22/09/2015 03:00,0.002264891,5.28E-05,0.183989235
22/09/2015 04:00,0.060094573,0.008806833,0.3011486
22/09/2015 05:00,0.22046745,0.108956282,0.398107284
22/09/2015 06:00,0.400858747,0.315548829,0.456163286
22/09/2015 07:00,0.556522303,0.54415972,0.458028621
22/09/2015 08:00,0.663207259,0.706979793,0.441849042
22/09/2015 09:00,0.713340703,0.817080918,0.375644229
22/09/2015 10:00,0.699810359,0.855366271,0.289579652
22/09/2015 11:00,0.632673645,0.833144104,0.158955554
22/09/2015 12:00,0.499845424,0.729850641,0.042152341
22/09/2015 13:00,0.317430511,0.55148396,0.000774894
22/09/2015 14:00,0.109696975,0.297838108,0
22/09/2015 15:00,0.000965376,0.061427756,0
22/09/2015 16:00,0,0.000642589,0
22/09/2015 17:00,0,0,0
22/09/2015 18:00,0,0,0
22/09/2015 19:00,0,0,0
22/09/2015 20:00,0,0,0
22/09/2015 21:00,0,0,0
22/09/2015 22:00,0,0,0
22/09/2015 23:00,0,0,0
23/09/2015 00:00,0,0,0.000411182
23/09/2015 01:00,0,0,0.01665867
23/09/2015 02:00,2.22E-05,7.37E-07,0.094603465
23/09/2015 03:00,0.002209998,5.21E-05,0.228181909
23/09/2015 04:00,0.059794558,0.008936107,0.349359818
23/09/2015 05:00,0.220498057,0.111034209,0.456343643
23/09/2015 06:00,0.401909675,0.324866771,0.505365201
23/09/2015 07:00,0.556724841,0.556375356,0.526214521
23/09/2015 08:00,0.662371946,0.726547253,0.488420155
23/09/2015 09:00,0.7130525,0.833396644,0.425350455
23/09/2015 10:00,0.703149786,0.868512395,0.32234599
23/09/2015 11:00,0.622397565,0.840425177,0.178801458
23/09/2015 12:00,0.496745925,0.737760561,0.044324196
23/09/2015 13:00,0.312057414,0.558230372,0.00055922
23/09/2015 14:00,0.111206162,0.300853087,0
23/09/2015 15:00,0.000976867,0.058954123,0
23/09/2015 16:00,0,0.000478123,0
23/09/2015 17:00,0,0,0
23/09/2015 18:00,0,0,0
23/09/2015 19:00,0,0,0
23/09/2015 20:00,0,0,0
23/09/2015 21:00,0,0,0
23/09/2015 22:00,0,0,0
23/09/2015 23:00,0,0,0
24/09/2015 00:00,0,0,0.00030618
24/09/2015 01:00,0,0,0.013932454
24/09/2015 02:00,2.18E-05,7.29E-07,0.090001578
24/09/2015 03:00,0.002182343,5.14E-05,0.227916333
24/09/2015 04:00,0.059352108,0.008576467,0.375681467
24/09/2015 05:00,0.218230234,0.111810456,0.483823935
24/09/2015 06:00,0.397714113,0.333766915,0.524745788
24/09/2015 07:00,0.555551498,0.567498167,0.512854327
24/09/2015 08:00,0.666063851,0.734179126,0.494808175
24/09/2015 09:00,0.716210227,0.842086354,0.427336983
24/09/2015 10:00,0.703012478,0.874126497,0.31467881
24/09/2015 11:00,0.632707186,0.84660978,0.182116635
24/09/2015 12:00,0.496539223,0.74850625,0.048606043
24/09/2015 13:00,0.314808637,0.571142202,0.000378923
24/09/2015 14:00,0.107982949,0.312791057,0
24/09/2015 15:00,0.000999056,0.060165313,0
24/09/2015 16:00,0,0.000390129,0
24/09/2015 17:00,0,0,0
24/09/2015 18:00,0,0,0
24/09/2015 19:00,0,0,0
24/09/2015 20:00,0,0,0
24/09/2015 21:00,0,0,0
24/09/2015 22:00,0,0,0
24/09/2015 23:00,0,0,0
25/09/2015 00:00,0,0,0.000311346
25/09/2015 01:00,0,0,0.013141574
25/09/2015 02:00,2.16E-05,5.80E-07,0.088960065
25/09/2015 03:00,0.002135331,5.01E-05,0.239125254
25/09/2015 04:00,0.059179107,0.008692078,0.391122761
25/09/2015 05:00,0.217559472,0.110280596,0.501550148
25/09/2015 06:00,0.394223158,0.311547849,0.562358321
25/09/2015 07:00,0.55278384,0.51164995,0.56187532
25/09/2015 08:00,0.655735018,0.659166338,0.525352142
25/09/2015 09:00,0.708719862,0.749511591,0.452096352
25/09/2015 10:00,0.694663841,0.779254675,0.341594397
25/09/2015 11:00,0.610075376,0.750709591,0.191149876
25/09/2015 12:00,0.481360121,0.653964381,0.049765881
25/09/2015 13:00,0.302112343,0.485724273,0.000147665
25/09/2015 14:00,0.10491433,0.252899295,0
25/09/2015 15:00,0.001258502,0.043897075,0
25/09/2015 16:00,0,0.000117633,0
25/09/2015 17:00,0,0,0
25/09/2015 18:00,0,0,0
25/09/2015 19:00,0,0,0
25/09/2015 20:00,0,0,0
25/09/2015 21:00,0,0,0
25/09/2015 22:00,0,0,0
25/09/2015 23:00,0,0,0
26/09/2015 00:00,0,0,0.000270611
26/09/2015 01:00,0,0,0.01285529
26/09/2015 02:00,2.14E-05,0,0.09103034
26/09/2015 03:00,0.002131166,4.93E-05,0.2394584
26/09/2015 04:00,0.059043484,0.006077178,0.385544845
26/09/2015 05:00,0.218205588,0.070301826,0.482979671
26/09/2015 06:00,0.398164298,0.1977368,0.547651632
26/09/2015 07:00,0.55809249,0.338509828,0.571366142
26/09/2015 08:00,0.661317345,0.455839409,0.53793478
26/09/2015 09:00,0.707504434,0.542890885,0.457984114
26/09/2015 10:00,0.683244343,0.572840952,0.341606183
26/09/2015 11:00,0.617724074,0.56143943,0.191327426
26/09/2015 12:00,0.491348359,0.48443912,0.050552277
26/09/2015 13:00,0.312224552,0.341964434,0.000127137
26/09/2015 14:00,0.108580072,0.185040518,0
26/09/2015 15:00,0.00090012,0.032561952,0
26/09/2015 16:00,0,0,0
26/09/2015 17:00,0,0,0
26/09/2015 18:00,0,0,0
26/09/2015 19:00,0,0,0
26/09/2015 20:00,0,0,0
26/09/2015 21:00,0,0,0
26/09/2015 22:00,0,0,0
26/09/2015 23:00,0,0,0
27/09/2015 00:00,0,0,0.000267083
27/09/2015 01:00,0,0,0.012266032
27/09/2015 02:00,2.12E-05,0,0.090912387
27/09/2015 03:00,0.002098239,4.87E-05,0.241292427
27/09/2015 04:00,0.059796894,0.006163902,0.392255967
27/09/2015 05:00,0.221955153,0.079347722,0.508474141
27/09/2015 06:00,0.405919207,0.235286327,0.564494066
27/09/2015 07:00,0.564417698,0.410006648,0.573969795
27/09/2015 08:00,0.666403196,0.569777187,0.541987216
27/09/2015 09:00,0.716991812,0.667223427,0.460462884
27/09/2015 10:00,0.701749549,0.719335647,0.338828584
27/09/2015 11:00,0.627845974,0.685168171,0.184103495
27/09/2015 12:00,0.500868528,0.609830096,0.046702953
27/09/2015 13:00,0.31816401,0.455706936,8.06E-05
27/09/2015 14:00,0.111189996,0.259649054,0
27/09/2015 15:00,0.000592675,0.042584878,0
27/09/2015 16:00,0,0,0
27/09/2015 17:00,0,0,0
27/09/2015 18:00,0,0,0
27/09/2015 19:00,0,0,0
27/09/2015 20:00,0,0,0
27/09/2015 21:00,0,0,0
27/09/2015 22:00,0,0,0
27/09/2015 23:00,0,0,0
28/09/2015 00:00,0,0,0.000367424
28/09/2015 01:00,0,0,0.017698771
28/09/2015 02:00,2.11E-05,0,0.107419449
28/09/2015 03:00,0.002085096,4.79E-05,0.262725647
28/09/2015 04:00,0.060352443,0.007057084,0.416064267
28/09/2015 05:00,0.225811897,0.100306214,0.524885469
28/09/2015 06:00,0.412140175,0.292911457,0.580342549
28/09/2015 07:00,0.568873626,0.495722914,0.582968181
28/09/2015 08:00,0.676284738,0.653965311,0.527238077
28/09/2015 09:00,0.726155952,0.756094879,0.46510367
28/09/2015 10:00,0.717194727,0.792597057,0.33276556
28/09/2015 11:00,0.644124589,0.761371624,0.183240878
28/09/2015 12:00,0.510701913,0.654793473,0.046931996
28/09/2015 13:00,0.322648702,0.480821558,5.46E-05
28/09/2015 14:00,0.115940999,0.25179134,0
28/09/2015 15:00,0.000668666,0.031746589,0
28/09/2015 16:00,0,0,0
28/09/2015 17:00,0,0,0
28/09/2015 18:00,0,0,0
28/09/2015 19:00,0,0,0
28/09/2015 20:00,0,0,0
28/09/2015 21:00,0,0,0
28/09/2015 22:00,0,0,0
28/09/2015 23:00,0,0,0
29/09/2015 00:00,0,0,0.000344368
29/09/2015 01:00,0,0,0.016923668
29/09/2015 02:00,2.08E-05,0,0.103588416
29/09/2015 03:00,0.002032303,4.65E-05,0.259097917
29/09/2015 04:00,0.060396318,0.006805953,0.410116082
29/09/2015 05:00,0.225010376,0.101011058,0.514127375
29/09/2015 06:00,0.40863527,0.301428039,0.566997284
29/09/2015 07:00,0.572957938,0.51355832,0.570031563
29/09/2015 08:00,0.680183306,0.668175843,0.54029399
29/09/2015 09:00,0.732947689,0.774409686,0.46775413
29/09/2015 10:00,0.724294883,0.792520562,0.345633511
29/09/2015 11:00,0.656685786,0.731970048,0.191482979
29/09/2015 12:00,0.52832667,0.601541804,0.047705185
29/09/2015 13:00,0.335408679,0.432655339,1.34E-05
29/09/2015 14:00,0.127760015,0.229317892,0
29/09/2015 15:00,0.0006463,0.032786195,0
29/09/2015 16:00,0,0,0
29/09/2015 17:00,0,0,0
29/09/2015 18:00,0,0,0
29/09/2015 19:00,0,0,0
29/09/2015 20:00,0,0,0
29/09/2015 21:00,0,0,0
29/09/2015 22:00,0,0,0
29/09/2015 23:00,0,0,0
30/09/2015 00:00,0,0,0.000288296
30/09/2015 01:00,0,0,0.016287582
30/09/2015 02:00,2.05E-05,0,0.102562053
30/09/2015 03:00,0.00200335,4.51E-05,0.26431936
30/09/2015 04:00,0.060392727,0.006072878,0.424585693
30/09/2015 05:00,0.225403178,0.086182045,0.529711941
30/09/2015 06:00,0.406756642,0.252926389,0.586805616
30/09/2015 07:00,0.561701519,0.434798063,0.60451375
30/09/2015 08:00,0.664323851,0.57064261,0.565430956
30/09/2015 09:00,0.717654326,0.65915635,0.483327593
30/09/2015 10:00,0.704539701,0.650176883,0.35975675
30/09/2015 11:00,0.631886767,0.595820709,0.192826587
30/09/2015 12:00,0.504074951,0.515041217,0.048369976
30/09/2015 13:00,0.319493415,0.345122293,3.07E-05
30/09/2015 14:00,0.126460884,0.16777433,0
30/09/2015 15:00,0.001062797,0.02863704,0
30/09/2015 16:00,0,0,0
30/09/2015 17:00,0,0,0
30/09/2015 18:00,0,0,0
30/09/2015 19:00,0,0,0
30/09/2015 20:00,0,0,0
30/09/2015 21:00,0,0,0
30/09/2015 22:00,0,0,0
30/09/2015 23:00,0,0,0
01/10/2015 00:00,0,0,0.000286554
01/10/2015 01:00,0,0,0.016197778
01/10/2015 02:00,0,0,0.106918188
01/10/2015 03:00,0.001933335,0,0.270716526
01/10/2015 04:00,0.060294754,0.004638285,0.423453514
01/10/2015 05:00,0.227673349,0.070303602,0.534387169
01/10/2015 06:00,0.413985249,0.211669495,0.595232806
01/10/2015 07:00,0.57416591,0.378129494,0.604993344
01/10/2015 08:00,0.679508427,0.532365372,0.567609174
01/10/2015 09:00,0.731664169,0.60688624,0.48533692
01/10/2015 10:00,0.725774458,0.650555349,0.360259163
01/10/2015 11:00,0.655766339,0.629859871,0.197784673
01/10/2015 12:00,0.528372891,0.524214465,0.047750151
01/10/2015 13:00,0.336572221,0.393525229,9.48E-06
01/10/2015 14:00,0.132961348,0.199955816,0
01/10/2015 15:00,0.000426862,0.029146109,0
01/10/2015 16:00,0,0,0
01/10/2015 17:00,0,0,0
01/10/2015 18:00,0,0,0
01/10/2015 19:00,0,0,0
01/10/2015 20:00,0,0,0
01/10/2015 21:00,0,0,0
01/10/2015 22:00,0,0,0
01/10/2015 23:00,0,0,0
02/10/2015 00:00,0,0,0.000275319
02/10/2015 01:00,0,0,0.016921716
02/10/2015 02:00,0,0,0.10688417
02/10/2015 03:00,0.001894993,0,0.26870914
02/10/2015 04:00,0.060212248,0.005072458,0.420315685
02/10/2015 05:00,0.228417831,0.090896304,0.523841291
02/10/2015 06:00,0.414747986,0.278584652,0.581623072
02/10/2015 07:00,0.577028642,0.486657245,0.58646966
02/10/2015 08:00,0.683444501,0.640902293,0.560606354
02/10/2015 09:00,0.734643068,0.715285289,0.477002407
02/10/2015 10:00,0.723565825,0.704547853,0.357255764
02/10/2015 11:00,0.655657417,0.627292904,0.193353527
02/10/2015 12:00,0.521190515,0.516862682,0.04576787
02/10/2015 13:00,0.330286214,0.38508901,5.21E-06
02/10/2015 14:00,0.124550892,0.216179459,0
02/10/2015 15:00,0.000658413,0.0364661,0
02/10/2015 16:00,0,0,0
02/10/2015 17:00,0,0,0
02/10/2015 18:00,0,0,0
02/10/2015 19:00,0,0,0
02/10/2015 20:00,0,0,0
02/10/2015 21:00,0,0,0
02/10/2015 22:00,0,0,0
02/10/2015 23:00,0,0,0
03/10/2015 00:00,0,0,0.000292314
03/10/2015 01:00,0,0,0.017030884
03/10/2015 02:00,0,0,0.106212687
03/10/2015 03:00,0.001773237,0,0.267756871
03/10/2015 04:00,0.058865773,0.005533008,0.421510251
03/10/2015 05:00,0.226206533,0.097808883,0.524189758
03/10/2015 06:00,0.412765205,0.301819479,0.58617705
03/10/2015 07:00,0.571971598,0.516782564,0.596227274
03/10/2015 08:00,0.676370812,0.685948516,0.556590108
03/10/2015 09:00,0.723222114,0.778499377,0.478447086
03/10/2015 10:00,0.716773717,0.798932318,0.35372905
03/10/2015 11:00,0.646648352,0.751712389,0.18857807
03/10/2015 12:00,0.520439064,0.64054548,0.045726756
03/10/2015 13:00,0.332891341,0.475992593,9.65E-06
03/10/2015 14:00,0.132168309,0.267020814,0
03/10/2015 15:00,0.000329354,0.039536595,0
03/10/2015 16:00,0,0,0
03/10/2015 17:00,0,0,0
03/10/2015 18:00,0,0,0
03/10/2015 19:00,0,0,0
03/10/2015 20:00,0,0,0
03/10/2015 21:00,0,0,0
03/10/2015 22:00,0,0,0
03/10/2015 23:00,0,0,0
04/10/2015 00:00,0,0,0.000289462
04/10/2015 01:00,0,0,0.018459427
04/10/2015 02:00,0,0,0.108002357
04/10/2015 03:00,0.001771631,0,0.263765941
04/10/2015 04:00,0.059523937,0.00510878,0.413276373
04/10/2015 05:00,0.228077523,0.088936413,0.519223176
04/10/2015 06:00,0.418303313,0.269957334,0.572182367
04/10/2015 07:00,0.578364641,0.467686469,0.571956422
04/10/2015 08:00,0.683347286,0.629589298,0.538054387
04/10/2015 09:00,0.736057604,0.720660985,0.453162935
04/10/2015 10:00,0.72645054,0.740954874,0.332196258
04/10/2015 11:00,0.657373976,0.705121075,0.173100192
04/10/2015 12:00,0.530292914,0.603773063,0.042569699
04/10/2015 13:00,0.33888593,0.444545183,0
04/10/2015 14:00,0.133609236,0.242654668,0
04/10/2015 15:00,0.000121249,0.039338302,0
04/10/2015 16:00,0,0,0
04/10/2015 17:00,0,0,0
04/10/2015 18:00,0,0,0
04/10/2015 19:00,0,0,0
04/10/2015 20:00,0,0,0
04/10/2015 21:00,0,0,0
04/10/2015 22:00,0,0,0
04/10/2015 23:00,0,0,0
05/10/2015 00:00,0,0,0.000270588
05/10/2015 01:00,0,0,0.017883509
05/10/2015 02:00,0,0,0.106056595
05/10/2015 03:00,0.001818715,0,0.259363054
05/10/2015 04:00,0.060061068,0.003892695,0.40171417
05/10/2015 05:00,0.229785916,0.076695504,0.50959443
05/10/2015 06:00,0.419776722,0.242905492,0.562644497
05/10/2015 07:00,0.582308482,0.409684532,0.559729722
05/10/2015 08:00,0.687861838,0.566227036,0.522948091
05/10/2015 09:00,0.74063105,0.667861345,0.4445223
05/10/2015 10:00,0.732499086,0.723818549,0.329101966
05/10/2015 11:00,0.666413344,0.741342858,0.167179973
05/10/2015 12:00,0.535796127,0.674915047,0.041199267
05/10/2015 13:00,0.344679499,0.519763985,0
05/10/2015 14:00,0.14015064,0.297208923,0
05/10/2015 15:00,0.000157507,0.038479716,0
05/10/2015 16:00,0,0,0
05/10/2015 17:00,0,0,0
05/10/2015 18:00,0,0,0
05/10/2015 19:00,0,0,0
05/10/2015 20:00,0,0,0
05/10/2015 21:00,0,0,0
05/10/2015 22:00,0,0,0
05/10/2015 23:00,0,0,0
06/10/2015 00:00,0,0,0.000235421
06/10/2015 01:00,0,0,0.016959196
06/10/2015 02:00,0,0,0.104503238
06/10/2015 03:00,0.001796256,0,0.261000888
06/10/2015 04:00,0.06011617,0.004621431,0.415251874
06/10/2015 05:00,0.230436909,0.095498502,0.524647208
06/10/2015 06:00,0.420096824,0.309016216,0.57566138
06/10/2015 07:00,0.583188542,0.537260416,0.578099077
06/10/2015 08:00,0.689334447,0.713785293,0.54249935
06/10/2015 09:00,0.740984833,0.827602895,0.462794399
06/10/2015 10:00,0.731547954,0.877997028,0.335352228
06/10/2015 11:00,0.66145741,0.849682665,0.183284159
06/10/2015 12:00,0.533552743,0.751402553,0.044558463
06/10/2015 13:00,0.343006173,0.567663187,0
06/10/2015 14:00,0.13701215,0.324044155,0
06/10/2015 15:00,0.000129812,0.03827312,0
06/10/2015 16:00,0,0,0
06/10/2015 17:00,0,0,0
06/10/2015 18:00,0,0,0
06/10/2015 19:00,0,0,0
06/10/2015 20:00,0,0,0
06/10/2015 21:00,0,0,0
06/10/2015 22:00,0,0,0
06/10/2015 23:00,0,0,0
07/10/2015 00:00,0,0,0.000220174
07/10/2015 01:00,0,0,0.01774858
07/10/2015 02:00,0,0,0.114379875
07/10/2015 03:00,0.001785055,0,0.281547351
07/10/2015 04:00,0.059894975,0.004539656,0.440243749
07/10/2015 05:00,0.230143419,0.099641801,0.553530389
07/10/2015 06:00,0.419829979,0.324926766,0.614853864
07/10/2015 07:00,0.583105126,0.556489697,0.614760534
07/10/2015 08:00,0.688695727,0.738496044,0.572942584
07/10/2015 09:00,0.73963321,0.845744188,0.495795556
07/10/2015 10:00,0.72992011,0.886310835,0.364146686
07/10/2015 11:00,0.660884498,0.855427192,0.196822512
07/10/2015 12:00,0.527376045,0.749144138,0.050056818
07/10/2015 13:00,0.337081179,0.562586735,0
07/10/2015 14:00,0.13297054,0.319399343,0
07/10/2015 15:00,7.17E-05,0.036714562,0
07/10/2015 16:00,0,0,0
07/10/2015 17:00,0,0,0
07/10/2015 18:00,0,0,0
07/10/2015 19:00,0,0,0
07/10/2015 20:00,0,0,0
07/10/2015 21:00,0,0,0
07/10/2015 22:00,0,0,0
07/10/2015 23:00,0,0,0
08/10/2015 00:00,0,0,0.000200753
08/10/2015 01:00,0,0,0.016707353
08/10/2015 02:00,0,0,0.111213137
08/10/2015 03:00,0.001765239,0,0.275086246
08/10/2015 04:00,0.059630932,0.003903972,0.433536709
08/10/2015 05:00,0.229883009,0.089869585,0.54612843
08/10/2015 06:00,0.42085062,0.288440647,0.607834777
08/10/2015 07:00,0.58404963,0.494883955,0.600030065
08/10/2015 08:00,0.689180094,0.646482567,0.561024482
08/10/2015 09:00,0.742627263,0.742319903,0.477218936
08/10/2015 10:00,0.733032798,0.748613206,0.347790828
08/10/2015 11:00,0.665164522,0.700319436,0.18721439
08/10/2015 12:00,0.52751413,0.574409083,0.044336189
08/10/2015 13:00,0.339290671,0.409091862,0
08/10/2015 14:00,0.134276408,0.222829613,0
08/10/2015 15:00,8.07E-05,0.033951054,0
08/10/2015 16:00,0,0,0
08/10/2015 17:00,0,0,0
08/10/2015 18:00,0,0,0
08/10/2015 19:00,0,0,0
08/10/2015 20:00,0,0,0
08/10/2015 21:00,0,0,0
08/10/2015 22:00,0,0,0
08/10/2015 23:00,0,0,0
09/10/2015 00:00,0,0,0.000212452
09/10/2015 01:00,0,0,0.016311675
09/10/2015 02:00,0,0,0.106246422
09/10/2015 03:00,0.001697901,0,0.265560797
09/10/2015 04:00,0.059768291,0.002413902,0.417026612
09/10/2015 05:00,0.231190759,0.070020566,0.528630199
09/10/2015 06:00,0.421655705,0.224332125,0.584210582
09/10/2015 07:00,0.584434615,0.419323859,0.588303232
09/10/2015 08:00,0.692393365,0.52155824,0.546268655
09/10/2015 09:00,0.745241837,0.61599876,0.467380548
09/10/2015 10:00,0.735201273,0.642680885,0.341634771
09/10/2015 11:00,0.664141778,0.589086115,0.17997067
09/10/2015 12:00,0.531702114,0.471243964,0.043311362
09/10/2015 13:00,0.33602502,0.334339201,0
09/10/2015 14:00,0.136231662,0.181833178,0
09/10/2015 15:00,4.74E-05,0.030855455,0
09/10/2015 16:00,0,0,0
09/10/2015 17:00,0,0,0
09/10/2015 18:00,0,0,0
09/10/2015 19:00,0,0,0
09/10/2015 20:00,0,0,0
09/10/2015 21:00,0,0,0
09/10/2015 22:00,0,0,0
09/10/2015 23:00,0,0,0
10/10/2015 00:00,0,0,0.000192865
10/10/2015 01:00,0,0,0.015930411
10/10/2015 02:00,0,0,0.100059277
10/10/2015 03:00,0.001664114,0,0.253783594
10/10/2015 04:00,0.059389699,0.002658624,0.401359843
10/10/2015 05:00,0.231366311,0.071457799,0.499166146
10/10/2015 06:00,0.42277481,0.237249942,0.560070086
10/10/2015 07:00,0.584936246,0.44133716,0.538840852
10/10/2015 08:00,0.693665799,0.59827756,0.512488228
10/10/2015 09:00,0.746055574,0.673742395,0.437247254
10/10/2015 10:00,0.734063968,0.699295682,0.315432213
10/10/2015 11:00,0.663612074,0.653237125,0.178229837
10/10/2015 12:00,0.527633437,0.517735298,0.046463704
10/10/2015 13:00,0.338917942,0.37260729,0
10/10/2015 14:00,0.136921705,0.206066948,0
10/10/2015 15:00,4.84E-05,0.029049226,0
10/10/2015 16:00,0,0,0
10/10/2015 17:00,0,0,0
10/10/2015 18:00,0,0,0
10/10/2015 19:00,0,0,0
10/10/2015 20:00,0,0,0
10/10/2015 21:00,0,0,0
10/10/2015 22:00,0,0,0
10/10/2015 23:00,0,0,0
11/10/2015 00:00,0,0,0.000131838
11/10/2015 01:00,0,0,0.008367977
11/10/2015 02:00,0,0,0.074118766
11/10/2015 03:00,0.001598745,0,0.209015743
11/10/2015 04:00,0.058504245,0.002466841,0.349816076
11/10/2015 05:00,0.22936421,0.068140975,0.448333983
11/10/2015 06:00,0.420494954,0.230643877,0.501387223
11/10/2015 07:00,0.58182106,0.428419813,0.487433493
11/10/2015 08:00,0.688758547,0.586136841,0.458581665
11/10/2015 09:00,0.740151342,0.66247513,0.382560452
11/10/2015 10:00,0.723261549,0.682922113,0.296005043
11/10/2015 11:00,0.646420828,0.627975806,0.175146169
11/10/2015 12:00,0.510221902,0.531035852,0.046814807
11/10/2015 13:00,0.317229318,0.364509067,0
11/10/2015 14:00,0.114778326,0.200443995,0
11/10/2015 15:00,2.49E-05,0.023594421,0
11/10/2015 16:00,0,0,0
11/10/2015 17:00,0,0,0
11/10/2015 18:00,0,0,0
11/10/2015 19:00,0,0,0
11/10/2015 20:00,0,0,0
11/10/2015 21:00,0,0,0
11/10/2015 22:00,0,0,0
11/10/2015 23:00,0,0,0
12/10/2015 00:00,0,0,5.92E-05
12/10/2015 01:00,0,0,0.005685557
12/10/2015 02:00,0,0,0.065690463
12/10/2015 03:00,0.001590034,0,0.197933117
12/10/2015 04:00,0.058125988,0.002314698,0.338308346
12/10/2015 05:00,0.228670469,0.067635521,0.440883591
12/10/2015 06:00,0.419684412,0.225790953,0.487144604
12/10/2015 07:00,0.578107794,0.448659572,0.484607729
12/10/2015 08:00,0.685325159,0.631935019,0.461741321
12/10/2015 09:00,0.733969522,0.710531523,0.397854039
12/10/2015 10:00,0.718502557,0.728457733,0.305303922
12/10/2015 11:00,0.645338922,0.66412925,0.186066887
12/10/2015 12:00,0.515851222,0.547019916,0.04601378
12/10/2015 13:00,0.334176418,0.390580169,0
12/10/2015 14:00,0.126033285,0.211356782,0
12/10/2015 15:00,1.32E-05,0.023291201,0
12/10/2015 16:00,0,0,0
12/10/2015 17:00,0,0,0
12/10/2015 18:00,0,0,0
12/10/2015 19:00,0,0,0
12/10/2015 20:00,0,0,0
12/10/2015 21:00,0,0,0
12/10/2015 22:00,0,0,0
12/10/2015 23:00,0,0,0
13/10/2015 00:00,0,0,6.83E-05
13/10/2015 01:00,0,0,0.008187246
13/10/2015 02:00,0,0,0.075358377
13/10/2015 03:00,0.001572845,0,0.218202885
13/10/2015 04:00,0.058320381,0.002275935,0.368907375
13/10/2015 05:00,0.229962867,0.062242834,0.473540164
13/10/2015 06:00,0.421801307,0.206572292,0.527275481
13/10/2015 07:00,0.58463923,0.371137041,0.535946142
13/10/2015 08:00,0.690499304,0.518416699,0.508385156
13/10/2015 09:00,0.744527256,0.596971148,0.437291913
13/10/2015 10:00,0.723629787,0.645108921,0.334301633
13/10/2015 11:00,0.651018904,0.596352485,0.192026354
13/10/2015 12:00,0.524695339,0.486750901,0.045164738
13/10/2015 13:00,0.332728688,0.331868945,0
13/10/2015 14:00,0.132020733,0.197581401,0
13/10/2015 15:00,8.41E-06,0.018079495,0
13/10/2015 16:00,0,0,0
13/10/2015 17:00,0,0,0
13/10/2015 18:00,0,0,0
13/10/2015 19:00,0,0,0
13/10/2015 20:00,0,0,0
13/10/2015 21:00,0,0,0
13/10/2015 22:00,0,0,0
13/10/2015 23:00,0,0,0
14/10/2015 00:00,0,0,6.46E-05
14/10/2015 01:00,0,0,0.009364471
14/10/2015 02:00,0,0,0.084480581
14/10/2015 03:00,0.001231796,0,0.234117461
14/10/2015 04:00,0.054325755,0.002254501,0.38386529
14/10/2015 05:00,0.222566817,0.069186389,0.482377008
14/10/2015 06:00,0.407801876,0.233285864,0.541295103
14/10/2015 07:00,0.573784593,0.445662168,0.554484779
14/10/2015 08:00,0.677480529,0.600219881,0.517497934
14/10/2015 09:00,0.728183191,0.703787531,0.44864728
14/10/2015 10:00,0.709725246,0.735445122,0.342058273
14/10/2015 11:00,0.643505153,0.69472575,0.188729195
14/10/2015 12:00,0.507032235,0.578570725,0.046524636
14/10/2015 13:00,0.326891567,0.410942795,0
14/10/2015 14:00,0.137570993,0.231875138,0
14/10/2015 15:00,5.26E-06,0.018287402,0
14/10/2015 16:00,0,0,0
14/10/2015 17:00,0,0,0
14/10/2015 18:00,0,0,0
14/10/2015 19:00,0,0,0
14/10/2015 20:00,0,0,0
14/10/2015 21:00,0,0,0
14/10/2015 22:00,0,0,0
14/10/2015 23:00,0,0,0
15/10/2015 00:00,0,0,8.93E-05
15/10/2015 01:00,0,0,0.011634983
15/10/2015 02:00,0,0,0.093174619
15/10/2015 03:00,0.000884062,0,0.252208588
15/10/2015 04:00,0.047163272,0.00223447,0.416458743
15/10/2015 05:00,0.204483342,0.073686815,0.519885026
15/10/2015 06:00,0.388029452,0.263337629,0.593844081
15/10/2015 07:00,0.548451994,0.470496718,0.597618058
15/10/2015 08:00,0.652371934,0.636279178,0.560680112
15/10/2015 09:00,0.705189183,0.737140237,0.46539843
15/10/2015 10:00,0.698500953,0.749644081,0.344479944
15/10/2015 11:00,0.631001753,0.703876622,0.183006008
15/10/2015 12:00,0.503347682,0.611462436,0.036627733
15/10/2015 13:00,0.326083709,0.444367722,0
15/10/2015 14:00,0.14667317,0.247331238,0
15/10/2015 15:00,1.22E-05,0.020487518,0
15/10/2015 16:00,0,0,0
15/10/2015 17:00,0,0,0
15/10/2015 18:00,0,0,0
15/10/2015 19:00,0,0,0
15/10/2015 20:00,0,0,0
15/10/2015 21:00,0,0,0
15/10/2015 22:00,0,0,0
15/10/2015 23:00,0,0,0
16/10/2015 00:00,0,0,0.000109564
16/10/2015 01:00,0,0,0.014596567
16/10/2015 02:00,0,0,0.102419742
16/10/2015 03:00,0.000861817,0,0.263492343
16/10/2015 04:00,0.046012588,0.001995726,0.421320408
16/10/2015 05:00,0.205601718,0.070371068,0.522188913
16/10/2015 06:00,0.392893482,0.250819706,0.591023153
16/10/2015 07:00,0.555936001,0.473246981,0.584762048
16/10/2015 08:00,0.663866983,0.640875036,0.541676301
16/10/2015 09:00,0.714777596,0.742450533,0.449228075
16/10/2015 10:00,0.699556874,0.77893482,0.325819155
16/10/2015 11:00,0.62242974,0.731376911,0.169421316
16/10/2015 12:00,0.493797691,0.611764459,0.030833254
16/10/2015 13:00,0.320392785,0.419802314,0
16/10/2015 14:00,0.132136496,0.227387367,0
16/10/2015 15:00,1.28E-05,0.020158433,0
16/10/2015 16:00,0,0,0
16/10/2015 17:00,0,0,0
16/10/2015 18:00,0,0,0
16/10/2015 19:00,0,0,0
16/10/2015 20:00,0,0,0
16/10/2015 21:00,0,0,0
16/10/2015 22:00,0,0,0
16/10/2015 23:00,0,0,0
17/10/2015 00:00,0,0,0.000101266
17/10/2015 01:00,0,0,0.016115148
17/10/2015 02:00,0,0,0.09940572
17/10/2015 03:00,0.000801508,0,0.254048655
17/10/2015 04:00,0.044932816,0.001602272,0.404854823
17/10/2015 05:00,0.200354848,0.06526236,0.509938375
17/10/2015 06:00,0.378975692,0.231229669,0.562857138
17/10/2015 07:00,0.52664397,0.425048176,0.588933745
17/10/2015 08:00,0.627040796,0.600394629,0.543339323
17/10/2015 09:00,0.655774966,0.701019026,0.466642206
17/10/2015 10:00,0.643416171,0.744237943,0.335296701
17/10/2015 11:00,0.57062509,0.693231812,0.178534149
17/10/2015 12:00,0.454410772,0.575745056,0.041651047
17/10/2015 13:00,0.292948729,0.400336761,0
17/10/2015 14:00,0.113364364,0.218281378,0
17/10/2015 15:00,0,0.017363109,0
17/10/2015 16:00,0,0,0
17/10/2015 17:00,0,0,0
17/10/2015 18:00,0,0,0
17/10/2015 19:00,0,0,0
17/10/2015 20:00,0,0,0
17/10/2015 21:00,0,0,0
17/10/2015 22:00,0,0,0
17/10/2015 23:00,0,0,0
18/10/2015 00:00,0,0,8.10E-05
18/10/2015 01:00,0,0,0.01316523
18/10/2015 02:00,0,0,0.092861156
18/10/2015 03:00,0.00097234,0,0.246500133
18/10/2015 04:00,0.044680456,0.001701779,0.389210348
18/10/2015 05:00,0.200760538,0.069377346,0.497827757
18/10/2015 06:00,0.379330365,0.259021027,0.551420074
18/10/2015 07:00,0.534868297,0.471578586,0.562557541
18/10/2015 08:00,0.642738744,0.641230558,0.533343057
18/10/2015 09:00,0.679646618,0.738759887,0.457858826
18/10/2015 10:00,0.657767527,0.749044606,0.338854824
18/10/2015 11:00,0.568228249,0.663541169,0.179214078
18/10/2015 12:00,0.448031404,0.539071198,0.040981416
18/10/2015 13:00,0.292557858,0.395240991,0
18/10/2015 14:00,0.110288931,0.222637606,0
18/10/2015 15:00,0,0.0145572,0
18/10/2015 16:00,0,0,0
18/10/2015 17:00,0,0,0
18/10/2015 18:00,0,0,0
18/10/2015 19:00,0,0,0
18/10/2015 20:00,0,0,0
18/10/2015 21:00,0,0,0
18/10/2015 22:00,0,0,0
18/10/2015 23:00,0,0,0
19/10/2015 00:00,0,0,7.94E-05
19/10/2015 01:00,0,0,0.013237859
19/10/2015 02:00,0,0,0.101643326
19/10/2015 03:00,0.001212241,0,0.268922346
19/10/2015 04:00,0.049844478,0.001554676,0.420649872
19/10/2015 05:00,0.210859782,0.067234008,0.535940366
19/10/2015 06:00,0.393713449,0.249600509,0.59648367
19/10/2015 07:00,0.553328075,0.45255286,0.591535553
19/10/2015 08:00,0.652116217,0.623280725,0.553869053
19/10/2015 09:00,0.690173122,0.708356579,0.465813382
19/10/2015 10:00,0.66695172,0.70266266,0.34301619
19/10/2015 11:00,0.599546244,0.659577823,0.181996589
19/10/2015 12:00,0.477965973,0.539904571,0.039777511
19/10/2015 13:00,0.319718661,0.375128352,0
19/10/2015 14:00,0.122931113,0.217476371,0
19/10/2015 15:00,0,0.014015589,0
19/10/2015 16:00,0,0,0
19/10/2015 17:00,0,0,0
19/10/2015 18:00,0,0,0
19/10/2015 19:00,0,0,0
19/10/2015 20:00,0,0,0
19/10/2015 21:00,0,0,0
19/10/2015 22:00,0,0,0
19/10/2015 23:00,0,0,0
20/10/2015 00:00,0,0,8.14E-05
20/10/2015 01:00,0,0,0.014829419
20/10/2015 02:00,0,0,0.104074695
20/10/2015 03:00,0.001217519,0,0.273618513
20/10/2015 04:00,0.049940569,0.001141107,0.434301999
20/10/2015 05:00,0.206903263,0.059267673,0.546944202
20/10/2015 06:00,0.391568256,0.216162267,0.602806701
20/10/2015 07:00,0.546256216,0.391312337,0.594276393
20/10/2015 08:00,0.65066872,0.544187484,0.562875023
20/10/2015 09:00,0.697564471,0.637824398,0.484129631
20/10/2015 10:00,0.676338472,0.635879971,0.363577413
20/10/2015 11:00,0.600283652,0.59090771,0.194600782
20/10/2015 12:00,0.47344569,0.473825333,0.041860415
20/10/2015 13:00,0.309607629,0.35594496,0
20/10/2015 14:00,0.119483361,0.202335247,0
20/10/2015 15:00,0,0.013932529,0
20/10/2015 16:00,0,0,0
20/10/2015 17:00,0,0,0
20/10/2015 18:00,0,0,0
20/10/2015 19:00,0,0,0
20/10/2015 20:00,0,0,0
20/10/2015 21:00,0,0,0
20/10/2015 22:00,0,0,0
20/10/2015 23:00,0,0,0
21/10/2015 00:00,0,0,7.30E-05
21/10/2015 01:00,0,0,0.015003269
21/10/2015 02:00,0,0,0.10759849
21/10/2015 03:00,0.001211978,0,0.281068004
21/10/2015 04:00,0.049516843,0.00069645,0.446589503
21/10/2015 05:00,0.207811819,0.040044808,0.561888452
21/10/2015 06:00,0.39006108,0.158662824,0.621406432
21/10/2015 07:00,0.5561345,0.300274793,0.630524696
21/10/2015 08:00,0.653043054,0.392019431,0.592307565
21/10/2015 09:00,0.704284264,0.44092315,0.509648058
21/10/2015 10:00,0.691959212,0.43477242,0.375538614
21/10/2015 11:00,0.626783733,0.423696892,0.198963765
21/10/2015 12:00,0.493277718,0.369148583,0.04291555
21/10/2015 13:00,0.326412066,0.285870456,0
21/10/2015 14:00,0.12864856,0.170484035,0
21/10/2015 15:00,0,0.012016304,0
21/10/2015 16:00,0,0,0
21/10/2015 17:00,0,0,0
21/10/2015 18:00,0,0,0
21/10/2015 19:00,0,0,0
21/10/2015 20:00,0,0,0
21/10/2015 21:00,0,0,0
21/10/2015 22:00,0,0,0
21/10/2015 23:00,0,0,0
22/10/2015 00:00,0,0,6.76E-05
22/10/2015 01:00,0,0,0.014996651
22/10/2015 02:00,0,0,0.110042108
22/10/2015 03:00,0.00114297,0,0.284998193
22/10/2015 04:00,0.050575174,0.000559216,0.450301143
22/10/2015 05:00,0.215690841,0.037319905,0.565468495
22/10/2015 06:00,0.409341672,0.157446129,0.628519575
22/10/2015 07:00,0.567695228,0.317641871,0.634921694
22/10/2015 08:00,0.674899309,0.452272476,0.599418513
22/10/2015 09:00,0.720728552,0.527399548,0.51581863
22/10/2015 10:00,0.69875013,0.515649708,0.381596749
22/10/2015 11:00,0.625757594,0.471262913,0.20525425
22/10/2015 12:00,0.496340179,0.399305208,0.042214721
22/10/2015 13:00,0.32503974,0.318212395,0
22/10/2015 14:00,0.12206331,0.183202898,0
22/10/2015 15:00,0,0.011523458,0
22/10/2015 16:00,0,0,0
22/10/2015 17:00,0,0,0
22/10/2015 18:00,0,0,0
22/10/2015 19:00,0,0,0
22/10/2015 20:00,0,0,0
22/10/2015 21:00,0,0,0
22/10/2015 22:00,0,0,0
22/10/2015 23:00,0,0,0
23/10/2015 00:00,0,0,6.06E-05
23/10/2015 01:00,0,0,0.015213078
23/10/2015 02:00,0,0,0.111890666
23/10/2015 03:00,0.001080496,0,0.289884403
23/10/2015 04:00,0.047563553,0.000546744,0.456701286
23/10/2015 05:00,0.20457584,0.044683126,0.571031213
23/10/2015 06:00,0.389297586,0.179930618,0.629623026
23/10/2015 07:00,0.540408432,0.377449607,0.640774969
23/10/2015 08:00,0.640541192,0.506660616,0.596934192
23/10/2015 09:00,0.682075826,0.605260303,0.511254464
23/10/2015 10:00,0.664638812,0.624811113,0.385332489
23/10/2015 11:00,0.584460649,0.564234131,0.206348657
23/10/2015 12:00,0.46102998,0.455708767,0.039800302
23/10/2015 13:00,0.293008356,0.327287597,0
23/10/2015 14:00,0.09969045,0.179278735,0
23/10/2015 15:00,0,0.007565328,0
23/10/2015 16:00,0,0,0
23/10/2015 17:00,0,0,0
23/10/2015 18:00,0,0,0
23/10/2015 19:00,0,0,0
23/10/2015 20:00,0,0,0
23/10/2015 21:00,0,0,0
23/10/2015 22:00,0,0,0
23/10/2015 23:00,0,0,0
24/10/2015 00:00,0,0,5.15E-05
24/10/2015 01:00,0,0,0.014647015
24/10/2015 02:00,0,0,0.11173925
24/10/2015 03:00,0.00104092,0,0.290559763
24/10/2015 04:00,0.04493345,0.000263469,0.455299785
24/10/2015 05:00,0.197492493,0.027967482,0.572982392
24/10/2015 06:00,0.382004402,0.140673363,0.635164913
24/10/2015 07:00,0.530217522,0.30124417,0.628267311
24/10/2015 08:00,0.639972782,0.458369965,0.58275756
24/10/2015 09:00,0.684499987,0.553133896,0.501184055
24/10/2015 10:00,0.662468705,0.563283352,0.375451879
24/10/2015 11:00,0.582935712,0.528660111,0.206727115
24/10/2015 12:00,0.444177064,0.439188218,0.035057825
24/10/2015 13:00,0.290971464,0.319061824,0
24/10/2015 14:00,0.096943547,0.181562604,0
24/10/2015 15:00,0,0.006904021,0
24/10/2015 16:00,0,0,0
24/10/2015 17:00,0,0,0
24/10/2015 18:00,0,0,0
24/10/2015 19:00,0,0,0
24/10/2015 20:00,0,0,0
24/10/2015 21:00,0,0,0
24/10/2015 22:00,0,0,0
24/10/2015 23:00,0,0,0
25/10/2015 00:00,0,0,4.35E-05
25/10/2015 01:00,0,0,0.014893874
25/10/2015 02:00,0,0,0.110795737
25/10/2015 03:00,0.000999098,0,0.282122126
25/10/2015 04:00,0.04505894,0.000260108,0.450818194
25/10/2015 05:00,0.194634725,0.020023334,0.563668695
25/10/2015 06:00,0.374663497,0.081092481,0.627521832
25/10/2015 07:00,0.503099734,0.166039641,0.631423826
25/10/2015 08:00,0.596429892,0.226615313,0.594473045
25/10/2015 09:00,0.640126757,0.29387547,0.499590513
25/10/2015 10:00,0.613836256,0.319110031,0.368799677
25/10/2015 11:00,0.532090202,0.330083254,0.200021325
25/10/2015 12:00,0.409461564,0.280033149,0.031199473
25/10/2015 13:00,0.26046215,0.195530039,0
25/10/2015 14:00,0.08134196,0.130556975,0
25/10/2015 15:00,0,0.010474393,0
25/10/2015 16:00,0,0,0
25/10/2015 17:00,0,0,0
25/10/2015 18:00,0,0,0
25/10/2015 19:00,0,0,0
25/10/2015 20:00,0,0,0
25/10/2015 21:00,0,0,0
25/10/2015 22:00,0,0,0
25/10/2015 23:00,0,0,0
26/10/2015 00:00,0,0,4.23E-05
26/10/2015 01:00,0,0,0.015640529
26/10/2015 02:00,0,0,0.115048693
26/10/2015 03:00,0.000946482,0,0.294640743
26/10/2015 04:00,0.044535159,0.000227867,0.461340486
26/10/2015 05:00,0.196039894,0.03337983,0.576442261
26/10/2015 06:00,0.370396084,0.173303779,0.641364511
26/10/2015 07:00,0.528767061,0.348407327,0.644017315
26/10/2015 08:00,0.633163764,0.489576377,0.59974468
26/10/2015 09:00,0.682554734,0.591373311,0.515436237
26/10/2015 10:00,0.664144468,0.649440765,0.377847462
26/10/2015 11:00,0.591377322,0.648825578,0.209213501
26/10/2015 12:00,0.455554734,0.566065859,0.03067742
26/10/2015 13:00,0.297424886,0.440222506,0
26/10/2015 14:00,0.108537938,0.285997676,0
26/10/2015 15:00,0,0.009460778,0
26/10/2015 16:00,0,0,0
26/10/2015 17:00,0,0,0
26/10/2015 18:00,0,0,0
26/10/2015 19:00,0,0,0
26/10/2015 20:00,0,0,0
26/10/2015 21:00,0,0,0
26/10/2015 22:00,0,0,0
26/10/2015 23:00,0,0,0
27/10/2015 00:00,0,0,3.57E-05
27/10/2015 01:00,0,0,0.014841647
27/10/2015 02:00,0,0,0.112812369
27/10/2015 03:00,0.000876052,0,0.292967222
27/10/2015 04:00,0.047891465,0.000598568,0.463824178
27/10/2015 05:00,0.213202964,0.06172431,0.581636293
27/10/2015 06:00,0.405475298,0.27725463,0.647119465
27/10/2015 07:00,0.570756972,0.528640376,0.649188973
27/10/2015 08:00,0.677688533,0.720924654,0.617260972
27/10/2015 09:00,0.723804119,0.84037908,0.528318975
27/10/2015 10:00,0.70619372,0.883606266,0.399103378
27/10/2015 11:00,0.630529958,0.855050046,0.224269066
27/10/2015 12:00,0.498634967,0.751058089,0.034923623
27/10/2015 13:00,0.328623551,0.579426397,0
27/10/2015 14:00,0.131857782,0.341483876,0
27/10/2015 15:00,0,0.008567329,0
27/10/2015 16:00,0,0,0
27/10/2015 17:00,0,0,0
27/10/2015 18:00,0,0,0
27/10/2015 19:00,0,0,0
27/10/2015 20:00,0,0,0
27/10/2015 21:00,0,0,0
27/10/2015 22:00,0,0,0
27/10/2015 23:00,0,0,0
28/10/2015 00:00,0,0,2.93E-05
28/10/2015 01:00,0,0,0.011066157
28/10/2015 02:00,0,0,0.100373746
28/10/2015 03:00,0.000826474,0,0.275538537
28/10/2015 04:00,0.041502665,0.000607741,0.442645478
28/10/2015 05:00,0.193693654,0.061828986,0.553402376
28/10/2015 06:00,0.377428228,0.279412161,0.616778573
28/10/2015 07:00,0.531702823,0.529078379,0.604313012
28/10/2015 08:00,0.650438549,0.722148907,0.571425554
28/10/2015 09:00,0.710841289,0.839716398,0.488815563
28/10/2015 10:00,0.703442759,0.873782154,0.380971923
28/10/2015 11:00,0.637947493,0.840351094,0.232039039
28/10/2015 12:00,0.508799321,0.735422926,0.036137687
28/10/2015 13:00,0.340300659,0.566907579,0
28/10/2015 14:00,0.131526043,0.332109893,0
28/10/2015 15:00,0,0.007095938,0
28/10/2015 16:00,0,0,0
28/10/2015 17:00,0,0,0
28/10/2015 18:00,0,0,0
28/10/2015 19:00,0,0,0
28/10/2015 20:00,0,0,0
28/10/2015 21:00,0,0,0
28/10/2015 22:00,0,0,0
28/10/2015 23:00,0,0,0
29/10/2015 00:00,0,0,1.84E-05
29/10/2015 01:00,0,0,0.00733254
29/10/2015 02:00,0,0,0.083363299
29/10/2015 03:00,0.000791039,0,0.250976294
29/10/2015 04:00,0.043567505,0.000524003,0.410943603
29/10/2015 05:00,0.203595313,0.059941748,0.519749962
29/10/2015 06:00,0.3975889,0.277119991,0.587319066
29/10/2015 07:00,0.552950993,0.527823485,0.607346879
29/10/2015 08:00,0.655871948,0.715900615,0.578553296
29/10/2015 09:00,0.703978376,0.834208373,0.505670619
29/10/2015 10:00,0.690558251,0.875707501,0.386564209
29/10/2015 11:00,0.616724397,0.845182815,0.229478557
29/10/2015 12:00,0.496341752,0.744171202,0.036971136
29/10/2015 13:00,0.334160095,0.575013526,0
29/10/2015 14:00,0.119849507,0.33542614,0
29/10/2015 15:00,0,0.00676851,0
29/10/2015 16:00,0,0,0
29/10/2015 17:00,0,0,0
29/10/2015 18:00,0,0,0
29/10/2015 19:00,0,0,0
29/10/2015 20:00,0,0,0
29/10/2015 21:00,0,0,0
29/10/2015 22:00,0,0,0
29/10/2015 23:00,0,0,0
30/10/2015 00:00,0,0,1.99E-05
30/10/2015 01:00,0,0,0.007705746
30/10/2015 02:00,0,0,0.089132173
30/10/2015 03:00,0.000719785,0,0.255875656
30/10/2015 04:00,0.046035667,0.000456593,0.421141025
30/10/2015 05:00,0.210660731,0.057743162,0.537113409
30/10/2015 06:00,0.406645038,0.27022668,0.600739499
30/10/2015 07:00,0.571652809,0.508328224,0.602130926
30/10/2015 08:00,0.678604055,0.686844703,0.571654572
30/10/2015 09:00,0.72975436,0.796880386,0.492472598
30/10/2015 10:00,0.713036346,0.828592736,0.383323435
30/10/2015 11:00,0.640776795,0.788909751,0.226228743
30/10/2015 12:00,0.511661249,0.68565096,0.037384813
30/10/2015 13:00,0.344401405,0.516296918,0
30/10/2015 14:00,0.121015293,0.288488712,0
30/10/2015 15:00,0,0.005619504,0
30/10/2015 16:00,0,0,0
30/10/2015 17:00,0,0,0
30/10/2015 18:00,0,0,0
30/10/2015 19:00,0,0,0
30/10/2015 20:00,0,0,0
30/10/2015 21:00,0,0,0
30/10/2015 22:00,0,0,0
30/10/2015 23:00,0,0,0
31/10/2015 00:00,0,0,1.75E-05
31/10/2015 01:00,0,0,0.009350133
31/10/2015 02:00,0,0,0.090833579
31/10/2015 03:00,0.000733726,0,0.260412616
31/10/2015 04:00,0.041978286,0.000335974,0.423840097
31/10/2015 05:00,0.201683627,0.051744301,0.536485205
31/10/2015 06:00,0.390238214,0.241769017,0.597117328
31/10/2015 07:00,0.525387025,0.473756669,0.608081709
31/10/2015 08:00,0.620026587,0.655397488,0.571329721
31/10/2015 09:00,0.667526804,0.766988749,0.499518407
31/10/2015 10:00,0.641499889,0.803644173,0.378063277
31/10/2015 11:00,0.5598293,0.778851321,0.210480788
31/10/2015 12:00,0.446068398,0.680860977,0.037771844
31/10/2015 13:00,0.297109782,0.522645112,0
31/10/2015 14:00,0.097907453,0.29568812,0
31/10/2015 15:00,0,0.004172831,0
31/10/2015 16:00,0,0,0
31/10/2015 17:00,0,0,0
31/10/2015 18:00,0,0,0
31/10/2015 19:00,0,0,0
31/10/2015 20:00,0,0,0
31/10/2015 21:00,0,0,0
31/10/2015 22:00,0,0,0
31/10/2015 23:00,0,0,0
01/11/2015 00:00,0,0,1.71E-05
01/11/2015 01:00,0,0,0.012519075
01/11/2015 02:00,1.29E-06,0,0.096816975
01/11/2015 03:00,0.000780666,1.60E-08,0.263803655
01/11/2015 04:00,0.043546095,0.000349288,0.42161036
01/11/2015 05:00,0.186635748,0.051158875,0.528204247
01/11/2015 06:00,0.354744141,0.258322626,0.586814024
01/11/2015 07:00,0.501142663,0.493906903,0.580377052
01/11/2015 08:00,0.592331251,0.678090818,0.536986214
01/11/2015 09:00,0.630039847,0.798438482,0.45761049
01/11/2015 10:00,0.610424582,0.839906639,0.339485232
01/11/2015 11:00,0.541288426,0.810225627,0.187802006
01/11/2015 12:00,0.416231247,0.707100364,0.037504709
01/11/2015 13:00,0.278033436,0.540807649,0
01/11/2015 14:00,0.085651363,0.301048861,0
01/11/2015 15:00,0,0.003882659,0
01/11/2015 16:00,0,0,0
01/11/2015 17:00,0,0,0
01/11/2015 18:00,0,0,0
01/11/2015 19:00,0,0,0
01/11/2015 20:00,0,0,0
01/11/2015 21:00,0,0,0
01/11/2015 22:00,0,0,0
01/11/2015 23:00,0,0,0
02/11/2015 00:00,0,0,1.37E-05
02/11/2015 01:00,0,0,0.011411243
02/11/2015 02:00,1.21E-06,0,0.087726866
02/11/2015 03:00,0.000762388,1.39E-08,0.241278207
02/11/2015 04:00,0.042689957,0.000217729,0.393307793
02/11/2015 05:00,0.177593072,0.043803282,0.49983802
02/11/2015 06:00,0.336528847,0.234391619,0.560575859
02/11/2015 07:00,0.472530904,0.473692254,0.556864959
02/11/2015 08:00,0.566544015,0.658625409,0.510208826
02/11/2015 09:00,0.602311561,0.777351747,0.438863328
02/11/2015 10:00,0.571792307,0.823685679,0.322106601
02/11/2015 11:00,0.520126603,0.793511864,0.172474352
02/11/2015 12:00,0.421550532,0.696367648,0.034418199
02/11/2015 13:00,0.277605143,0.537540523,0
02/11/2015 14:00,0.078663881,0.302256007,0
02/11/2015 15:00,0,0.003726078,0
02/11/2015 16:00,0,0,0
02/11/2015 17:00,0,0,0
02/11/2015 18:00,0,0,0
02/11/2015 19:00,0,0,0
02/11/2015 20:00,0,0,0
02/11/2015 21:00,0,0,0
02/11/2015 22:00,0,0,0
02/11/2015 23:00,0,0,0
03/11/2015 00:00,0,0,1.03E-05
03/11/2015 01:00,0,0,0.009658971
03/11/2015 02:00,1.09E-06,0,0.075526632
03/11/2015 03:00,0.000665032,1.38E-09,0.215220215
03/11/2015 04:00,0.038970252,0.000158715,0.348747306
03/11/2015 05:00,0.160224624,0.039414968,0.454309385
03/11/2015 06:00,0.296761408,0.211209982,0.510931961
03/11/2015 07:00,0.410999895,0.438275143,0.504058852
03/11/2015 08:00,0.491017119,0.622553237,0.478351974
03/11/2015 09:00,0.526314516,0.737671362,0.412451814
03/11/2015 10:00,0.507984949,0.778816627,0.307150677
03/11/2015 11:00,0.443806422,0.736820695,0.16493568
03/11/2015 12:00,0.359070494,0.637733087,0.033520863
03/11/2015 13:00,0.235831096,0.495560759,0
03/11/2015 14:00,0.062494337,0.286759347,0
03/11/2015 15:00,0,0.003341514,0
03/11/2015 16:00,0,0,0
03/11/2015 17:00,0,0,0
03/11/2015 18:00,0,0,0
03/11/2015 19:00,0,0,0
03/11/2015 20:00,0,0,0
03/11/2015 21:00,0,0,0
03/11/2015 22:00,0,0,0
03/11/2015 23:00,0,0,0
04/11/2015 00:00,0,0,7.57E-06
04/11/2015 01:00,0,0,0.008071028
04/11/2015 02:00,1.02E-06,0,0.073968096
04/11/2015 03:00,0.000642369,0,0.228463182
04/11/2015 04:00,0.036687235,0.000147507,0.383660998
04/11/2015 05:00,0.164056175,0.032845819,0.49727677
04/11/2015 06:00,0.318947977,0.189271995,0.556184499
04/11/2015 07:00,0.486847441,0.382721914,0.57233261
04/11/2015 08:00,0.600368461,0.540330205,0.537673892
04/11/2015 09:00,0.646423905,0.633230668,0.467475212
04/11/2015 10:00,0.637274863,0.665949984,0.350749009
04/11/2015 11:00,0.57477694,0.634042192,0.194506407
04/11/2015 12:00,0.462239304,0.538697423,0.034666753
04/11/2015 13:00,0.3248678,0.418245449,0
04/11/2015 14:00,0.102808485,0.239872799,0
04/11/2015 15:00,0,0.002395783,0
04/11/2015 16:00,0,0,0
04/11/2015 17:00,0,0,0
04/11/2015 18:00,0,0,0
04/11/2015 19:00,0,0,0
04/11/2015 20:00,0,0,0
04/11/2015 21:00,0,0,0
04/11/2015 22:00,0,0,0
04/11/2015 23:00,0,0,0
05/11/2015 00:00,0,0,5.93E-06
05/11/2015 01:00,0,0,0.008508362
05/11/2015 02:00,9.41E-07,0,0.081283801
05/11/2015 03:00,0.000656461,0,0.244265135
05/11/2015 04:00,0.041335275,7.52E-05,0.404788957
05/11/2015 05:00,0.193227895,0.017866648,0.526644035
05/11/2015 06:00,0.377223427,0.131200339,0.575388095
05/11/2015 07:00,0.537052479,0.286766678,0.579370794
05/11/2015 08:00,0.656251651,0.435179752,0.540264425
05/11/2015 09:00,0.714287489,0.557058342,0.463779574
05/11/2015 10:00,0.694803351,0.602315023,0.353946289
05/11/2015 11:00,0.614900251,0.59289643,0.200049491
05/11/2015 12:00,0.483853733,0.521155455,0.034049008
05/11/2015 13:00,0.343183095,0.416921211,0
05/11/2015 14:00,0.100976801,0.248419007,0
05/11/2015 15:00,0,0.001905723,0
05/11/2015 16:00,0,0,0
05/11/2015 17:00,0,0,0
05/11/2015 18:00,0,0,0
05/11/2015 19:00,0,0,0
05/11/2015 20:00,0,0,0
05/11/2015 21:00,0,0,0
05/11/2015 22:00,0,0,0
05/11/2015 23:00,0,0,0
06/11/2015 00:00,0,0,5.09E-06
06/11/2015 01:00,0,0,0.008265583
06/11/2015 02:00,8.43E-07,0,0.080571429
06/11/2015 03:00,0.000629347,0,0.24485212
06/11/2015 04:00,0.041184743,8.36E-05,0.407619378
06/11/2015 05:00,0.198606312,0.029579625,0.515482951
06/11/2015 06:00,0.393263148,0.180830235,0.570040818
06/11/2015 07:00,0.560244525,0.385927738,0.58449103
06/11/2015 08:00,0.677282247,0.57351641,0.549900395
06/11/2015 09:00,0.733498542,0.689966905,0.480872658
06/11/2015 10:00,0.711984873,0.724347759,0.365386389
06/11/2015 11:00,0.637670733,0.674017934,0.217680667
06/11/2015 12:00,0.509384898,0.587252434,0.035423322
06/11/2015 13:00,0.35919162,0.458138999,0
06/11/2015 14:00,0.111974382,0.252336089,0
06/11/2015 15:00,0,0.001194007,0
06/11/2015 16:00,0,0,0
06/11/2015 17:00,0,0,0
06/11/2015 18:00,0,0,0
06/11/2015 19:00,0,0,0
06/11/2015 20:00,0,0,0
06/11/2015 21:00,0,0,0
06/11/2015 22:00,0,0,0
06/11/2015 23:00,0,0,0
07/11/2015 00:00,0,0,4.82E-06
07/11/2015 01:00,0,0,0.008921707
07/11/2015 02:00,7.44E-07,0,0.087385356
07/11/2015 03:00,0.000560788,0,0.261894279
07/11/2015 04:00,0.039981459,7.63E-05,0.431134445
07/11/2015 05:00,0.19186732,0.029198603,0.552929178
07/11/2015 06:00,0.377931495,0.178265899,0.612131002
07/11/2015 07:00,0.540935975,0.377290044,0.626882144
07/11/2015 08:00,0.642992505,0.563267025,0.593354341
07/11/2015 09:00,0.698032461,0.689604141,0.522426309
07/11/2015 10:00,0.668221069,0.732761516,0.401517834
07/11/2015 11:00,0.595442974,0.693531272,0.234904656
07/11/2015 12:00,0.477206534,0.608430217,0.034662354
07/11/2015 13:00,0.336068776,0.477817709,0
07/11/2015 14:00,0.105371677,0.263346629,0
07/11/2015 15:00,0,0.000440049,0
07/11/2015 16:00,0,0,0
07/11/2015 17:00,0,0,0
07/11/2015 18:00,0,0,0
07/11/2015 19:00,0,0,0
07/11/2015 20:00,0,0,0
07/11/2015 21:00,0,0,0
07/11/2015 22:00,0,0,0
07/11/2015 23:00,0,0,0
08/11/2015 00:00,0,0,4.62E-06
08/11/2015 01:00,0,0,0.011920999
08/11/2015 02:00,6.37E-07,0,0.098666465
08/11/2015 03:00,0.000513913,0,0.27252573
08/11/2015 04:00,0.038045422,8.16E-05,0.440715062
08/11/2015 05:00,0.176942266,0.030176656,0.555438584
08/11/2015 06:00,0.341865605,0.184626583,0.621387695
08/11/2015 07:00,0.500841666,0.390416459,0.638722554
08/11/2015 08:00,0.61030864,0.580994348,0.603602698
08/11/2015 09:00,0.651433923,0.702708362,0.525820585
08/11/2015 10:00,0.64174548,0.728905791,0.40401655
08/11/2015 11:00,0.564969085,0.667041802,0.236144974
08/11/2015 12:00,0.451606138,0.559377973,0.034682933
08/11/2015 13:00,0.320865198,0.412033563,0
08/11/2015 14:00,0.100347173,0.219728728,0
08/11/2015 15:00,0,0.000393889,0
08/11/2015 16:00,0,0,0
08/11/2015 17:00,0,0,0
08/11/2015 18:00,0,0,0
08/11/2015 19:00,0,0,0
08/11/2015 20:00,0,0,0
08/11/2015 21:00,0,0,0
08/11/2015 22:00,0,0,0
08/11/2015 23:00,0,0,0
09/11/2015 00:00,0,0,3.23E-06
09/11/2015 01:00,0,0,0.010345429
09/11/2015 02:00,5.34E-07,0,0.093079439
09/11/2015 03:00,0.000476001,0,0.26486662
09/11/2015 04:00,0.034085451,8.09E-05,0.431967295
09/11/2015 05:00,0.155879242,0.030449612,0.541439312
09/11/2015 06:00,0.300712315,0.177918381,0.605189829
09/11/2015 07:00,0.425567288,0.371134346,0.631779828
09/11/2015 08:00,0.530325346,0.561624018,0.596687746
09/11/2015 09:00,0.568868598,0.668801671,0.515220349
09/11/2015 10:00,0.560500647,0.685917179,0.398746175
09/11/2015 11:00,0.492109038,0.645555436,0.240383443
09/11/2015 12:00,0.407238951,0.533231031,0.033713682
09/11/2015 13:00,0.288838546,0.401234544,0
09/11/2015 14:00,0.090985115,0.204764068,0
09/11/2015 15:00,0,0.000311254,0
09/11/2015 16:00,0,0,0
09/11/2015 17:00,0,0,0
09/11/2015 18:00,0,0,0
09/11/2015 19:00,0,0,0
09/11/2015 20:00,0,0,0
09/11/2015 21:00,0,0,0
09/11/2015 22:00,0,0,0
09/11/2015 23:00,0,0,0
10/11/2015 00:00,0,0,2.02E-06
10/11/2015 01:00,0,0,0.010627056
10/11/2015 02:00,4.27E-07,0,0.097854357
10/11/2015 03:00,0.000453448,0,0.277672538
10/11/2015 04:00,0.033032478,7.43E-05,0.449513418
10/11/2015 05:00,0.156529122,0.031711597,0.569340927
10/11/2015 06:00,0.311263917,0.200072944,0.637485811
10/11/2015 07:00,0.457697294,0.397184874,0.643219074
10/11/2015 08:00,0.555022866,0.57511341,0.615318491
10/11/2015 09:00,0.59522657,0.699977696,0.535698067
10/11/2015 10:00,0.579551871,0.726828967,0.418430867
10/11/2015 11:00,0.525278991,0.668857226,0.253554751
10/11/2015 12:00,0.42748822,0.551860461,0.032094594
10/11/2015 13:00,0.311585716,0.429977371,0
10/11/2015 14:00,0.102352311,0.228702679,0
10/11/2015 15:00,0,0,0
10/11/2015 16:00,0,0,0
10/11/2015 17:00,0,0,0
10/11/2015 18:00,0,0,0
10/11/2015 19:00,0,0,0
10/11/2015 20:00,0,0,0
10/11/2015 21:00,0,0,0
10/11/2015 22:00,0,0,0
10/11/2015 23:00,0,0,0
11/11/2015 00:00,0,0,2.08E-06
11/11/2015 01:00,0,0,0.009865786
11/11/2015 02:00,3.34E-07,0,0.098009671
11/11/2015 03:00,0.000424114,0,0.278302229
11/11/2015 04:00,0.034099317,6.61E-05,0.452341858
11/11/2015 05:00,0.170585165,0.026918822,0.569188842
11/11/2015 06:00,0.343100231,0.184119197,0.632872702
11/11/2015 07:00,0.502322894,0.38240157,0.649341051
11/11/2015 08:00,0.610641017,0.571386965,0.61204377
11/11/2015 09:00,0.663553841,0.684039663,0.536575772
11/11/2015 10:00,0.657769472,0.707095244,0.416301399
11/11/2015 11:00,0.595917123,0.645924706,0.25350053
11/11/2015 12:00,0.482908595,0.51965465,0.031550913
11/11/2015 13:00,0.347768634,0.395533611,0
11/11/2015 14:00,0.115580067,0.216247181,0
11/11/2015 15:00,0,0,0
11/11/2015 16:00,0,0,0
11/11/2015 17:00,0,0,0
11/11/2015 18:00,0,0,0
11/11/2015 19:00,0,0,0
11/11/2015 20:00,0,0,0
11/11/2015 21:00,0,0,0
11/11/2015 22:00,0,0,0
11/11/2015 23:00,0,0,0
12/11/2015 00:00,0,0,1.73E-06
12/11/2015 01:00,0,0,0.009493034
12/11/2015 02:00,2.38E-07,0,0.093723306
12/11/2015 03:00,0.000412153,0,0.273040686
12/11/2015 04:00,0.032867287,5.12E-05,0.448688182
12/11/2015 05:00,0.166808094,0.024939838,0.564377782
12/11/2015 06:00,0.33665796,0.168645201,0.634730761
12/11/2015 07:00,0.496159566,0.369261858,0.648400694
12/11/2015 08:00,0.615876207,0.55153847,0.614533491
12/11/2015 09:00,0.676547465,0.68082782,0.535533284
12/11/2015 10:00,0.668426994,0.729564503,0.417135577
12/11/2015 11:00,0.602058359,0.689829191,0.253435098
12/11/2015 12:00,0.486556758,0.592848295,0.031334321
12/11/2015 13:00,0.350919687,0.467061179,0
12/11/2015 14:00,0.112734683,0.238217181,0
12/11/2015 15:00,0,0,0
12/11/2015 16:00,0,0,0
12/11/2015 17:00,0,0,0
12/11/2015 18:00,0,0,0
12/11/2015 19:00,0,0,0
12/11/2015 20:00,0,0,0
12/11/2015 21:00,0,0,0
12/11/2015 22:00,0,0,0
12/11/2015 23:00,0,0,0
13/11/2015 00:00,0,0,1.66E-06
13/11/2015 01:00,0,0,0.009202442
13/11/2015 02:00,1.45E-07,0,0.091126741
13/11/2015 03:00,0.000386147,0,0.26653466
13/11/2015 04:00,0.031635642,4.49E-05,0.43630057
13/11/2015 05:00,0.16021691,0.020598632,0.555172793
13/11/2015 06:00,0.322881845,0.142179543,0.625260464
13/11/2015 07:00,0.485390121,0.301654855,0.639095918
13/11/2015 08:00,0.597789976,0.460101628,0.607637947
13/11/2015 09:00,0.652500102,0.564284692,0.522967167
13/11/2015 10:00,0.645386026,0.599890907,0.401812444
13/11/2015 11:00,0.576169949,0.582559333,0.249059105
13/11/2015 12:00,0.46248585,0.498117094,0.029183057
13/11/2015 13:00,0.335766669,0.392259835,0
13/11/2015 14:00,0.100751206,0.198298184,0
13/11/2015 15:00,0,0,0
13/11/2015 16:00,0,0,0
13/11/2015 17:00,0,0,0
13/11/2015 18:00,0,0,0
13/11/2015 19:00,0,0,0
13/11/2015 20:00,0,0,0
13/11/2015 21:00,0,0,0
13/11/2015 22:00,0,0,0
13/11/2015 23:00,0,0,0
14/11/2015 00:00,0,0,1.35E-06
14/11/2015 01:00,0,0,0.008029525
14/11/2015 02:00,6.12E-08,0,0.0880551
14/11/2015 03:00,0.000363769,0,0.261819394
14/11/2015 04:00,0.033569581,3.87E-05,0.432817713
14/11/2015 05:00,0.164855846,0.013130304,0.549740292
14/11/2015 06:00,0.330318551,0.117652202,0.61743469
14/11/2015 07:00,0.471571108,0.265860487,0.640705466
14/11/2015 08:00,0.579092524,0.403754719,0.607028811
14/11/2015 09:00,0.636129098,0.495043315,0.524492416
14/11/2015 10:00,0.628113471,0.527894462,0.405021186
14/11/2015 11:00,0.572953105,0.552099225,0.250577193
14/11/2015 12:00,0.464693866,0.486406728,0.030529251
14/11/2015 13:00,0.345352579,0.384331805,0
14/11/2015 14:00,0.096671662,0.22331978,0
14/11/2015 15:00,0,0,0
14/11/2015 16:00,0,0,0
14/11/2015 17:00,0,0,0
14/11/2015 18:00,0,0,0
14/11/2015 19:00,0,0,0
14/11/2015 20:00,0,0,0
14/11/2015 21:00,0,0,0
14/11/2015 22:00,0,0,0
14/11/2015 23:00,0,0,0
15/11/2015 00:00,0,0,1.05E-06
15/11/2015 01:00,0,0,0.007986528
15/11/2015 02:00,1.79E-09,0,0.086174606
15/11/2015 03:00,0.000340948,0,0.260242823
15/11/2015 04:00,0.033178568,3.59E-05,0.425336285
15/11/2015 05:00,0.160761802,0.018440275,0.545643412
15/11/2015 06:00,0.322498238,0.161914767,0.613278931
15/11/2015 07:00,0.47441656,0.353169872,0.623912716
15/11/2015 08:00,0.563390241,0.520102848,0.582963551
15/11/2015 09:00,0.610778764,0.637263532,0.500517854
15/11/2015 10:00,0.606884194,0.666470124,0.384052622
15/11/2015 11:00,0.542618733,0.630164089,0.234211265
15/11/2015 12:00,0.434967941,0.530264132,0.032804849
15/11/2015 13:00,0.310621359,0.41257803,0
15/11/2015 14:00,0.08545167,0.199946669,0
15/11/2015 15:00,0,0,0
15/11/2015 16:00,0,0,0
15/11/2015 17:00,0,0,0
15/11/2015 18:00,0,0,0
15/11/2015 19:00,0,0,0
15/11/2015 20:00,0,0,0
15/11/2015 21:00,0,0,0
15/11/2015 22:00,0,0,0
15/11/2015 23:00,0,0,0
16/11/2015 00:00,0,0,1.01E-06
16/11/2015 01:00,0,0,0.006451686
16/11/2015 02:00,0,0,0.071836776
16/11/2015 03:00,0.000290958,0,0.224630603
16/11/2015 04:00,0.031114683,3.40E-05,0.383665325
16/11/2015 05:00,0.18027226,0.008610452,0.492220931
16/11/2015 06:00,0.380504484,0.083826308,0.55568292
16/11/2015 07:00,0.538201424,0.206977827,0.565373035
16/11/2015 08:00,0.651245825,0.310300004,0.530578123
16/11/2015 09:00,0.699804255,0.398835707,0.457053225
16/11/2015 10:00,0.687438572,0.414455385,0.347185626
16/11/2015 11:00,0.620472001,0.407502387,0.217369957
16/11/2015 12:00,0.49892582,0.338387688,0.031891645
16/11/2015 13:00,0.358946471,0.289904889,0
16/11/2015 14:00,0.120259105,0.172532504,0
16/11/2015 15:00,0,0,0
16/11/2015 16:00,0,0,0
16/11/2015 17:00,0,0,0
16/11/2015 18:00,0,0,0
16/11/2015 19:00,0,0,0
16/11/2015 20:00,0,0,0
16/11/2015 21:00,0,0,0
16/11/2015 22:00,0,0,0
16/11/2015 23:00,0,0,0
17/11/2015 00:00,0,0,9.51E-07
17/11/2015 01:00,0,0,0.005744088
17/11/2015 02:00,0,0,0.070600084
17/11/2015 03:00,0.000253526,0,0.225974051
17/11/2015 04:00,0.026928767,3.29E-05,0.393186958
17/11/2015 05:00,0.167112709,0.016700426,0.51276293
17/11/2015 06:00,0.363227189,0.131330139,0.585775372
17/11/2015 07:00,0.524582446,0.287307919,0.598621385
17/11/2015 08:00,0.632961507,0.411361126,0.57047258
17/11/2015 09:00,0.689952065,0.49581669,0.489608132
17/11/2015 10:00,0.676464421,0.497168066,0.371920519
17/11/2015 11:00,0.618036563,0.460343195,0.231976536
17/11/2015 12:00,0.491840752,0.36231493,0.0316803
17/11/2015 13:00,0.353869489,0.260027276,0
17/11/2015 14:00,0.114897357,0.089553817,0
17/11/2015 15:00,0,0,0
17/11/2015 16:00,0,0,0
17/11/2015 17:00,0,0,0
17/11/2015 18:00,0,0,0
17/11/2015 19:00,0,0,0
17/11/2015 20:00,0,0,0
17/11/2015 21:00,0,0,0
17/11/2015 22:00,0,0,0
17/11/2015 23:00,0,0,0
18/11/2015 00:00,0,0,7.88E-07
18/11/2015 01:00,0,0,0.00619027
18/11/2015 02:00,0,0,0.074465114
18/11/2015 03:00,0.000187666,0,0.237182429
18/11/2015 04:00,0.029801831,3.09E-05,0.405153391
18/11/2015 05:00,0.180969297,0.014277569,0.524393778
18/11/2015 06:00,0.372219417,0.102171178,0.599187846
18/11/2015 07:00,0.54256549,0.258924967,0.613110875
18/11/2015 08:00,0.657273352,0.397509688,0.578545045
18/11/2015 09:00,0.716513771,0.525145702,0.493190296
18/11/2015 10:00,0.70797528,0.590878388,0.378023486
18/11/2015 11:00,0.62895816,0.573572829,0.225656622
18/11/2015 12:00,0.511589429,0.483254563,0.03011102
18/11/2015 13:00,0.389910508,0.369837481,0
18/11/2015 14:00,0.102652052,0.134299401,0
18/11/2015 15:00,0,0,0
18/11/2015 16:00,0,0,0
18/11/2015 17:00,0,0,0
18/11/2015 18:00,0,0,0
18/11/2015 19:00,0,0,0
18/11/2015 20:00,0,0,0
18/11/2015 21:00,0,0,0
18/11/2015 22:00,0,0,0
18/11/2015 23:00,0,0,0
19/11/2015 00:00,0,0,8.84E-07
19/11/2015 01:00,0,0,0.007732252
19/11/2015 02:00,0,0,0.077885148
19/11/2015 03:00,0.000242848,0,0.231534258
19/11/2015 04:00,0.031626116,2.82E-05,0.39300998
19/11/2015 05:00,0.174755737,0.015484714,0.511699478
19/11/2015 06:00,0.357522923,0.138825375,0.584103241
19/11/2015 07:00,0.509053199,0.344516627,0.583729608
19/11/2015 08:00,0.616179026,0.522919398,0.545095596
19/11/2015 09:00,0.671284103,0.652381981,0.474100022
19/11/2015 10:00,0.666131498,0.697267686,0.367737737
19/11/2015 11:00,0.597579658,0.6694235,0.21105656
19/11/2015 12:00,0.487798477,0.564655227,0.028619914
19/11/2015 13:00,0.366753494,0.438144925,0
19/11/2015 14:00,0.100613432,0.159875762,0
19/11/2015 15:00,0,0,0
19/11/2015 16:00,0,0,0
19/11/2015 17:00,0,0,0
19/11/2015 18:00,0,0,0
19/11/2015 19:00,0,0,0
19/11/2015 20:00,0,0,0
19/11/2015 21:00,0,0,0
19/11/2015 22:00,0,0,0
19/11/2015 23:00,0,0,0
20/11/2015 00:00,0,0,8.02E-07
20/11/2015 01:00,0,0,0.0071253
20/11/2015 02:00,0,0,0.073645911
20/11/2015 03:00,0.000228908,0,0.229809449
20/11/2015 04:00,0.029266515,2.57E-05,0.399532061
20/11/2015 05:00,0.161881501,0.014659326,0.515265899
20/11/2015 06:00,0.328968449,0.130711058,0.584936863
20/11/2015 07:00,0.504021471,0.277349024,0.589753105
20/11/2015 08:00,0.625642025,0.431971129,0.554153069
20/11/2015 09:00,0.693938122,0.519314783,0.472358859
20/11/2015 10:00,0.69548698,0.538177111,0.359006246
20/11/2015 11:00,0.635311172,0.49404572,0.216393484
20/11/2015 12:00,0.518842096,0.390177482,0.030422883
20/11/2015 13:00,0.38757205,0.270458499,0
20/11/2015 14:00,0.113573273,0.0914843,0
20/11/2015 15:00,0,0,0
20/11/2015 16:00,0,0,0
20/11/2015 17:00,0,0,0
20/11/2015 18:00,0,0,0
20/11/2015 19:00,0,0,0
20/11/2015 20:00,0,0,0
20/11/2015 21:00,0,0,0
20/11/2015 22:00,0,0,0
20/11/2015 23:00,0,0,0
21/11/2015 00:00,0,0,1.07E-06
21/11/2015 01:00,0,0,0.006630628
21/11/2015 02:00,0,0,0.074563903
21/11/2015 03:00,0.000197528,0,0.240771692
21/11/2015 04:00,0.02971013,2.38E-05,0.408520029
21/11/2015 05:00,0.17131193,0.00822086,0.530174708
21/11/2015 06:00,0.351306947,0.065160312,0.598342972
21/11/2015 07:00,0.514798835,0.152891647,0.600434935
21/11/2015 08:00,0.639974159,0.249438961,0.563815323
21/11/2015 09:00,0.707642313,0.345704228,0.481738714
21/11/2015 10:00,0.713554844,0.375388203,0.374748998
21/11/2015 11:00,0.643930925,0.341095242,0.224514793
21/11/2015 12:00,0.522799674,0.288479487,0.031241978
21/11/2015 13:00,0.390019238,0.218808924,0
21/11/2015 14:00,0.109600949,0.106967388,0
21/11/2015 15:00,0,0,0
21/11/2015 16:00,0,0,0
21/11/2015 17:00,0,0,0
21/11/2015 18:00,0,0,0
21/11/2015 19:00,0,0,0
21/11/2015 20:00,0,0,0
21/11/2015 21:00,0,0,0
21/11/2015 22:00,0,0,0
21/11/2015 23:00,0,0,0
22/11/2015 00:00,0,0,8.19E-07
22/11/2015 01:00,0,0,0.007177412
22/11/2015 02:00,0,0,0.075487079
22/11/2015 03:00,0.000192687,0,0.231762477
22/11/2015 04:00,0.028789089,2.14E-05,0.389981663
22/11/2015 05:00,0.161572858,0.003560139,0.508792763
22/11/2015 06:00,0.331125531,0.062882333,0.575867226
22/11/2015 07:00,0.475704352,0.19489099,0.578141149
22/11/2015 08:00,0.581157137,0.305778621,0.542872943
22/11/2015 09:00,0.624151505,0.379762495,0.465022116
22/11/2015 10:00,0.605055287,0.402325391,0.363872795
22/11/2015 11:00,0.529348607,0.382718486,0.204010755
22/11/2015 12:00,0.418033085,0.326061694,0.031072881
22/11/2015 13:00,0.301489992,0.248374702,0
22/11/2015 14:00,0.072390533,0.116996294,0
22/11/2015 15:00,0,0,0
22/11/2015 16:00,0,0,0
22/11/2015 17:00,0,0,0
22/11/2015 18:00,0,0,0
22/11/2015 19:00,0,0,0
22/11/2015 20:00,0,0,0
22/11/2015 21:00,0,0,0
22/11/2015 22:00,0,0,0
22/11/2015 23:00,0,0,0
23/11/2015 00:00,0,0,8.62E-07
23/11/2015 01:00,0,0,0.006374246
23/11/2015 02:00,0,0,0.068577852
23/11/2015 03:00,0.000186685,0,0.216635449
23/11/2015 04:00,0.025872661,2.05E-05,0.369311591
23/11/2015 05:00,0.14918956,0.00427893,0.481705062
23/11/2015 06:00,0.324599287,0.053326648,0.555234614
23/11/2015 07:00,0.475050069,0.161447663,0.564367843
23/11/2015 08:00,0.586700421,0.248168526,0.527777523
23/11/2015 09:00,0.646520379,0.32004044,0.453749116
23/11/2015 10:00,0.637006968,0.315950678,0.359742415
23/11/2015 11:00,0.590145064,0.323348005,0.210747539
23/11/2015 12:00,0.484283155,0.311336831,0.02941517
23/11/2015 13:00,0.347534229,0.260801447,0
23/11/2015 14:00,0.101608103,0.121426133,0
23/11/2015 15:00,0,0,0
23/11/2015 16:00,0,0,0
23/11/2015 17:00,0,0,0
23/11/2015 18:00,0,0,0
23/11/2015 19:00,0,0,0
23/11/2015 20:00,0,0,0
23/11/2015 21:00,0,0,0
23/11/2015 22:00,0,0,0
23/11/2015 23:00,0,0,0
24/11/2015 00:00,0,0,8.28E-07
24/11/2015 01:00,0,0,0.00641362
24/11/2015 02:00,0,0,0.075128371
24/11/2015 03:00,0.000146903,0,0.236565848
24/11/2015 04:00,0.027043144,1.96E-05,0.40844616
24/11/2015 05:00,0.16623158,0.007936738,0.526316494
24/11/2015 06:00,0.356458378,0.107399823,0.595945581
24/11/2015 07:00,0.505356777,0.260842254,0.615420537
24/11/2015 08:00,0.616314312,0.411585435,0.585807528
24/11/2015 09:00,0.664556228,0.523370564,0.512022405
24/11/2015 10:00,0.659020877,0.585950873,0.40047592
24/11/2015 11:00,0.604493516,0.567848055,0.242410585
24/11/2015 12:00,0.488025152,0.485846567,0.032252458
24/11/2015 13:00,0.363482512,0.395636333,0
24/11/2015 14:00,0.09347961,0.184376873,0
24/11/2015 15:00,0,0,0
24/11/2015 16:00,0,0,0
24/11/2015 17:00,0,0,0
24/11/2015 18:00,0,0,0
24/11/2015 19:00,0,0,0
24/11/2015 20:00,0,0,0
24/11/2015 21:00,0,0,0
24/11/2015 22:00,0,0,0
24/11/2015 23:00,0,0,0
25/11/2015 00:00,0,0,6.48E-07
25/11/2015 01:00,0,0,0.006447339
25/11/2015 02:00,0,0,0.080294654
25/11/2015 03:00,0.000124014,0,0.254938486
25/11/2015 04:00,0.024814958,1.83E-05,0.434202313
25/11/2015 05:00,0.159703468,0.010361507,0.557494998
25/11/2015 06:00,0.346644177,0.138252337,0.631297486
25/11/2015 07:00,0.516871159,0.322768698,0.643976484
25/11/2015 08:00,0.647948444,0.521484993,0.612011497
25/11/2015 09:00,0.718778765,0.643919959,0.540552034
25/11/2015 10:00,0.719092054,0.698074758,0.427016092
25/11/2015 11:00,0.651675794,0.664099726,0.257324722
25/11/2015 12:00,0.523909341,0.569977379,0.032086794
25/11/2015 13:00,0.405851611,0.483607776,0
25/11/2015 14:00,0.118842405,0.186752702,0
25/11/2015 15:00,0,0,0
25/11/2015 16:00,0,0,0
25/11/2015 17:00,0,0,0
25/11/2015 18:00,0,0,0
25/11/2015 19:00,0,0,0
25/11/2015 20:00,0,0,0
25/11/2015 21:00,0,0,0
25/11/2015 22:00,0,0,0
25/11/2015 23:00,0,0,0
26/11/2015 00:00,0,0,6.74E-07
26/11/2015 01:00,0,0,0.006022929
26/11/2015 02:00,0,0,0.079377319
26/11/2015 03:00,0.000126816,0,0.254105543
26/11/2015 04:00,0.02515213,1.73E-05,0.431932716
26/11/2015 05:00,0.166670474,0.010807386,0.558756585
26/11/2015 06:00,0.366680543,0.133633358,0.631634087
26/11/2015 07:00,0.547295572,0.321456475,0.653634886
26/11/2015 08:00,0.674782233,0.481979918,0.619254014
26/11/2015 09:00,0.739117668,0.563844676,0.540392997
26/11/2015 10:00,0.739701252,0.577459912,0.429132377
26/11/2015 11:00,0.674609368,0.539235905,0.252394731
26/11/2015 12:00,0.552735518,0.446564473,0.029053716
26/11/2015 13:00,0.422843699,0.332284345,0
26/11/2015 14:00,0.125289229,0.09541113,0
26/11/2015 15:00,0,0,0
26/11/2015 16:00,0,0,0
26/11/2015 17:00,0,0,0
26/11/2015 18:00,0,0,0
26/11/2015 19:00,0,0,0
26/11/2015 20:00,0,0,0
26/11/2015 21:00,0,0,0
26/11/2015 22:00,0,0,0
26/11/2015 23:00,0,0,0
27/11/2015 00:00,0,0,5.81E-07
27/11/2015 01:00,0,0,0.00605937
27/11/2015 02:00,0,0,0.079113018
27/11/2015 03:00,0.000112006,0,0.244301277
27/11/2015 04:00,0.024435511,1.60E-05,0.411488354
27/11/2015 05:00,0.15640097,0.002706512,0.538297207
27/11/2015 06:00,0.335465509,0.054465295,0.606457227
27/11/2015 07:00,0.489733254,0.15202839,0.631993566
27/11/2015 08:00,0.592123238,0.242180565,0.598214276
27/11/2015 09:00,0.645241153,0.314072515,0.521501958
27/11/2015 10:00,0.628329941,0.357789236,0.411361631
27/11/2015 11:00,0.555127702,0.314489975,0.228797486
27/11/2015 12:00,0.436041117,0.281130679,0.027277377
27/11/2015 13:00,0.318717503,0.210670754,0
27/11/2015 14:00,0.076032609,0.092087082,0
27/11/2015 15:00,0,0,0
27/11/2015 16:00,0,0,0
27/11/2015 17:00,0,0,0
27/11/2015 18:00,0,0,0
27/11/2015 19:00,0,0,0
27/11/2015 20:00,0,0,0
27/11/2015 21:00,0,0,0
27/11/2015 22:00,0,0,0
27/11/2015 23:00,0,0,0
28/11/2015 00:00,0,0,5.47E-07
28/11/2015 01:00,0,0,0.006040145
28/11/2015 02:00,0,0,0.076796755
28/11/2015 03:00,0.000104201,0,0.243698519
28/11/2015 04:00,0.023149615,1.50E-05,0.422302745
28/11/2015 05:00,0.155114441,0.002644239,0.548963904
28/11/2015 06:00,0.344250299,0.037166551,0.620912892
28/11/2015 07:00,0.518859028,0.096626703,0.638206998
28/11/2015 08:00,0.638210599,0.168652084,0.606028826
28/11/2015 09:00,0.700817985,0.219576567,0.530990776
28/11/2015 10:00,0.697950594,0.217837876,0.428873319
28/11/2015 11:00,0.628244735,0.200440012,0.245866698
28/11/2015 12:00,0.522876598,0.164967304,0.037097377
28/11/2015 13:00,0.392599738,0.124617537,0
28/11/2015 14:00,0.109666597,0.063258947,0
28/11/2015 15:00,0,0,0
28/11/2015 16:00,0,0,0
28/11/2015 17:00,0,0,0
28/11/2015 18:00,0,0,0
28/11/2015 19:00,0,0,0
28/11/2015 20:00,0,0,0
28/11/2015 21:00,0,0,0
28/11/2015 22:00,0,0,0
28/11/2015 23:00,0,0,0
29/11/2015 00:00,0,0,4.66E-07
29/11/2015 01:00,0,0,0.005650426
29/11/2015 02:00,0,0,0.072522029
29/11/2015 03:00,9.43E-05,0,0.235654703
29/11/2015 04:00,0.024098588,1.40E-05,0.407967156
29/11/2015 05:00,0.162953455,0.002203925,0.530039004
29/11/2015 06:00,0.352318291,0.031500763,0.598027408
29/11/2015 07:00,0.518120322,0.100783645,0.616032821
29/11/2015 08:00,0.637650504,0.172778605,0.588158197
29/11/2015 09:00,0.696633186,0.211848074,0.510376858
29/11/2015 10:00,0.681351467,0.204091274,0.410061156
29/11/2015 11:00,0.615896192,0.181539149,0.241650128
29/11/2015 12:00,0.495029612,0.130818105,0.036029757
29/11/2015 13:00,0.380707867,0.096477332,0
29/11/2015 14:00,0.092086759,0.038539907,0
29/11/2015 15:00,0,0,0
29/11/2015 16:00,0,0,0
29/11/2015 17:00,0,0,0
29/11/2015 18:00,0,0,0
29/11/2015 19:00,0,0,0
29/11/2015 20:00,0,0,0
29/11/2015 21:00,0,0,0
29/11/2015 22:00,0,0,0
29/11/2015 23:00,0,0,0
30/11/2015 00:00,0,0,2.98E-07
30/11/2015 01:00,0,0,0.005088313
30/11/2015 02:00,0,0,0.068728836
30/11/2015 03:00,8.85E-05,0,0.228286543
30/11/2015 04:00,0.023444549,1.31E-05,0.40769486
30/11/2015 05:00,0.155900418,0.001780266,0.532636353
30/11/2015 06:00,0.335091028,0.036882064,0.604841342
30/11/2015 07:00,0.504673204,0.095396152,0.621521702
30/11/2015 08:00,0.605489233,0.157399644,0.594734006
30/11/2015 09:00,0.651285798,0.210392668,0.521123129
30/11/2015 10:00,0.633236253,0.218427461,0.420344887
30/11/2015 11:00,0.565962056,0.229748451,0.256669579
30/11/2015 12:00,0.444336739,0.215203214,0.038572932
30/11/2015 13:00,0.329738773,0.161497878,0
30/11/2015 14:00,0.073753775,0.077997962,0
30/11/2015 15:00,0,0,0
30/11/2015 16:00,0,0,0
30/11/2015 17:00,0,0,0
30/11/2015 18:00,0,0,0
30/11/2015 19:00,0,0,0
30/11/2015 20:00,0,0,0
30/11/2015 21:00,0,0,0
30/11/2015 22:00,0,0,0
30/11/2015 23:00,0,0,0
01/12/2015 00:00,0,0,3.55E-07
01/12/2015 01:00,0,0,0.004904659
01/12/2015 02:00,2.35E-06,0,0.067754107
01/12/2015 03:00,8.93E-05,0,0.230258061
01/12/2015 04:00,0.019177598,4.52E-05,0.404641823
01/12/2015 05:00,0.132949977,0.000976519,0.533364667
01/12/2015 06:00,0.310819994,0.036223634,0.604924108
01/12/2015 07:00,0.477935062,0.110150122,0.621920645
01/12/2015 08:00,0.593880617,0.205349711,0.587936051
01/12/2015 09:00,0.664300359,0.282280177,0.510781216
01/12/2015 10:00,0.655756588,0.304996057,0.409831664
01/12/2015 11:00,0.602661134,0.308272391,0.245865855
01/12/2015 12:00,0.480038702,0.295119506,0.038634537
01/12/2015 13:00,0.354043598,0.249952236,0
01/12/2015 14:00,0.111384657,0.114839376,0
01/12/2015 15:00,0,0,0
01/12/2015 16:00,0,0,0
01/12/2015 17:00,0,0,0
01/12/2015 18:00,0,0,0
01/12/2015 19:00,0,0,0
01/12/2015 20:00,0,0,0
01/12/2015 21:00,0,0,0
01/12/2015 22:00,0,0,0
01/12/2015 23:00,0,0,0
02/12/2015 00:00,0,0,3.88E-07
02/12/2015 01:00,0,0,0.004550881
02/12/2015 02:00,2.14E-06,0,0.069033073
02/12/2015 03:00,8.63E-05,0,0.23387349
02/12/2015 04:00,0.018248374,4.50E-05,0.41071166
02/12/2015 05:00,0.145699483,0.004063662,0.536963609
02/12/2015 06:00,0.338901839,0.072832565,0.61255005
02/12/2015 07:00,0.524043738,0.215003631,0.615200168
02/12/2015 08:00,0.646377746,0.370265292,0.587085708
02/12/2015 09:00,0.709347247,0.465767708,0.51311438
02/12/2015 10:00,0.707462162,0.53375969,0.406665289
02/12/2015 11:00,0.647050844,0.507677474,0.248755807
02/12/2015 12:00,0.533321542,0.434388904,0.039926592
02/12/2015 13:00,0.407738368,0.355000482,0
02/12/2015 14:00,0.118051001,0.141027369,0
02/12/2015 15:00,0,0,0
02/12/2015 16:00,0,0,0
02/12/2015 17:00,0,0,0
02/12/2015 18:00,0,0,0
02/12/2015 19:00,0,0,0
02/12/2015 20:00,0,0,0
02/12/2015 21:00,0,0,0
02/12/2015 22:00,0,0,0
02/12/2015 23:00,0,0,0
03/12/2015 00:00,0,0,3.25E-07
03/12/2015 01:00,0,0,0.003585417
03/12/2015 02:00,2.06E-06,0,0.060744924
03/12/2015 03:00,7.85E-05,0,0.213851921
03/12/2015 04:00,0.02061071,4.38E-05,0.383978273
03/12/2015 05:00,0.138744188,0.005700446,0.513841788
03/12/2015 06:00,0.306646214,0.096830717,0.584803023
03/12/2015 07:00,0.470614398,0.243458727,0.59100067
03/12/2015 08:00,0.599252363,0.415106547,0.560834962
03/12/2015 09:00,0.668811589,0.547864105,0.490618078
03/12/2015 10:00,0.67516944,0.603314004,0.377273611
03/12/2015 11:00,0.622018472,0.58372599,0.232579415
03/12/2015 12:00,0.514688837,0.490784144,0.040770281
03/12/2015 13:00,0.395109826,0.374753317,0
03/12/2015 14:00,0.102512257,0.122101898,0
03/12/2015 15:00,0,0,0
03/12/2015 16:00,0,0,0
03/12/2015 17:00,0,0,0
03/12/2015 18:00,0,0,0
03/12/2015 19:00,0,0,0
03/12/2015 20:00,0,0,0
03/12/2015 21:00,0,0,0
03/12/2015 22:00,0,0,0
03/12/2015 23:00,0,0,0
04/12/2015 00:00,0,0,2.72E-07
04/12/2015 01:00,0,0,0.003961188
04/12/2015 02:00,1.73E-06,0,0.06091755
04/12/2015 03:00,7.49E-05,0,0.213819304
04/12/2015 04:00,0.018913457,4.15E-05,0.382840217
04/12/2015 05:00,0.132616026,0.002506721,0.508561272
04/12/2015 06:00,0.304087714,0.056300213,0.579412532
04/12/2015 07:00,0.478084751,0.183557248,0.573092898
04/12/2015 08:00,0.608019383,0.319298037,0.530616765
04/12/2015 09:00,0.667112366,0.382439762,0.451902737
04/12/2015 10:00,0.667149155,0.396723874,0.350269173
04/12/2015 11:00,0.604721969,0.371912511,0.189623252
04/12/2015 12:00,0.484976457,0.310731161,0.035101585
04/12/2015 13:00,0.35932399,0.238243853,0
04/12/2015 14:00,0.103015545,0.108103708,0
04/12/2015 15:00,0,0,0
04/12/2015 16:00,0,0,0
04/12/2015 17:00,0,0,0
04/12/2015 18:00,0,0,0
04/12/2015 19:00,0,0,0
04/12/2015 20:00,0,0,0
04/12/2015 21:00,0,0,0
04/12/2015 22:00,0,0,0
04/12/2015 23:00,0,0,0
05/12/2015 00:00,0,0,2.40E-07
05/12/2015 01:00,0,0,0.003658222
05/12/2015 02:00,1.69E-06,0,0.054208765
05/12/2015 03:00,6.93E-05,0,0.19132304
05/12/2015 04:00,0.018126353,4.08E-05,0.348946722
05/12/2015 05:00,0.135643301,0.001409706,0.476369834
05/12/2015 06:00,0.312463172,0.042639604,0.552869362
05/12/2015 07:00,0.47722456,0.143080321,0.547525055
05/12/2015 08:00,0.601841413,0.249849949,0.525951665
05/12/2015 09:00,0.679547467,0.333653525,0.454359055
05/12/2015 10:00,0.687107041,0.367136887,0.340902983
05/12/2015 11:00,0.627667116,0.31914993,0.210141646
05/12/2015 12:00,0.524908882,0.244568909,0.038494074
05/12/2015 13:00,0.415054267,0.198046706,0
05/12/2015 14:00,0.11204997,0.068573211,0
05/12/2015 15:00,0,0,0
05/12/2015 16:00,0,0,0
05/12/2015 17:00,0,0,0
05/12/2015 18:00,0,0,0
05/12/2015 19:00,0,0,0
05/12/2015 20:00,0,0,0
05/12/2015 21:00,0,0,0
05/12/2015 22:00,0,0,0
05/12/2015 23:00,0,0,0
06/12/2015 00:00,0,0,1.95E-07
06/12/2015 01:00,0,0,0.002445746
06/12/2015 02:00,1.65E-06,0,0.047743223
06/12/2015 03:00,6.50E-05,0,0.189509742
06/12/2015 04:00,0.019331209,3.89E-05,0.351805555
06/12/2015 05:00,0.15039506,0.001362565,0.482861752
06/12/2015 06:00,0.339906656,0.025807445,0.551945769
06/12/2015 07:00,0.509484824,0.076106611,0.567859925
06/12/2015 08:00,0.632658853,0.129579668,0.545511877
06/12/2015 09:00,0.695039136,0.171848855,0.473309158
06/12/2015 10:00,0.701659545,0.18919473,0.371241315
06/12/2015 11:00,0.633834549,0.178490311,0.235491945
06/12/2015 12:00,0.511880337,0.153763812,0.041287983
06/12/2015 13:00,0.398167023,0.140875529,0
06/12/2015 14:00,0.110202219,0.056168717,0
06/12/2015 15:00,0,0,0
06/12/2015 16:00,0,0,0
06/12/2015 17:00,0,0,0
06/12/2015 18:00,0,0,0
06/12/2015 19:00,0,0,0
06/12/2015 20:00,0,0,0
06/12/2015 21:00,0,0,0
06/12/2015 22:00,0,0,0
06/12/2015 23:00,0,0,0
07/12/2015 00:00,0,0,5.27E-08
07/12/2015 01:00,0,0,0.003171074
07/12/2015 02:00,1.36E-06,0,0.057624921
07/12/2015 03:00,6.11E-05,0,0.213752623
07/12/2015 04:00,0.018531056,3.86E-05,0.391531771
07/12/2015 05:00,0.150789377,0.002874288,0.520422538
07/12/2015 06:00,0.346484294,0.045368719,0.592736112
07/12/2015 07:00,0.521425128,0.134528074,0.602496752
07/12/2015 08:00,0.645138603,0.234242893,0.576375534
07/12/2015 09:00,0.710856908,0.302962594,0.510912084
07/12/2015 10:00,0.706893925,0.333530124,0.406665759
07/12/2015 11:00,0.648044904,0.321653333,0.256254029
07/12/2015 12:00,0.535797478,0.286251813,0.045743893
07/12/2015 13:00,0.420136322,0.257437273,0
07/12/2015 14:00,0.119980768,0.121670538,0
07/12/2015 15:00,0,0,0
07/12/2015 16:00,0,0,0
07/12/2015 17:00,0,0,0
07/12/2015 18:00,0,0,0
07/12/2015 19:00,0,0,0
07/12/2015 20:00,0,0,0
07/12/2015 21:00,0,0,0
07/12/2015 22:00,0,0,0
07/12/2015 23:00,0,0,0
08/12/2015 00:00,0,0,7.43E-08
08/12/2015 01:00,0,0,0.003485908
08/12/2015 02:00,1.25E-06,0,0.061791521
08/12/2015 03:00,5.80E-05,0,0.221749288
08/12/2015 04:00,0.018351504,3.82E-05,0.40060452
08/12/2015 05:00,0.152344522,0.001884212,0.528044374
08/12/2015 06:00,0.352271499,0.067048089,0.607991071
08/12/2015 07:00,0.538604585,0.245965328,0.627007854
08/12/2015 08:00,0.668107383,0.425148611,0.595027851
08/12/2015 09:00,0.738378227,0.545894267,0.521039135
08/12/2015 10:00,0.744983879,0.604553191,0.423913607
08/12/2015 11:00,0.689796967,0.580145923,0.255953347
08/12/2015 12:00,0.577352048,0.526337468,0.046796533
08/12/2015 13:00,0.4553631,0.468330262,0
08/12/2015 14:00,0.142110775,0.200827589,0
08/12/2015 15:00,0,0,0
08/12/2015 16:00,0,0,0
08/12/2015 17:00,0,0,0
08/12/2015 18:00,0,0,0
08/12/2015 19:00,0,0,0
08/12/2015 20:00,0,0,0
08/12/2015 21:00,0,0,0
08/12/2015 22:00,0,0,0
08/12/2015 23:00,0,0,0
09/12/2015 00:00,0,0,1.30E-07
09/12/2015 01:00,0,0,0.003532367
09/12/2015 02:00,1.18E-06,0,0.061683699
09/12/2015 03:00,5.41E-05,0,0.220671526
09/12/2015 04:00,0.01729594,3.80E-05,0.398789546
09/12/2015 05:00,0.14092,0.002236296,0.52648841
09/12/2015 06:00,0.329407579,0.088321808,0.609365216
09/12/2015 07:00,0.505157896,0.29319092,0.629450653
09/12/2015 08:00,0.623335612,0.469799279,0.60106511
09/12/2015 09:00,0.69184521,0.583433747,0.521609057
09/12/2015 10:00,0.694692844,0.64728042,0.416551469
09/12/2015 11:00,0.635538403,0.622455401,0.256898061
09/12/2015 12:00,0.5319671,0.538062673,0.048035874
09/12/2015 13:00,0.416063034,0.405238509,0
09/12/2015 14:00,0.135278118,0.125303356,0
09/12/2015 15:00,0,0,0
09/12/2015 16:00,0,0,0
09/12/2015 17:00,0,0,0
09/12/2015 18:00,0,0,0
09/12/2015 19:00,0,0,0
09/12/2015 20:00,0,0,0
09/12/2015 21:00,0,0,0
09/12/2015 22:00,0,0,0
09/12/2015 23:00,0,0,0
10/12/2015 00:00,0,0,1.30E-07
10/12/2015 01:00,0,0,0.003454116
10/12/2015 02:00,1.01E-06,0,0.06061137
10/12/2015 03:00,5.11E-05,0,0.212221836
10/12/2015 04:00,0.016909717,3.64E-05,0.384809106
10/12/2015 05:00,0.140472183,0.001517422,0.512242802
10/12/2015 06:00,0.333819785,0.038374912,0.583384949
10/12/2015 07:00,0.511564382,0.129345437,0.601674028
10/12/2015 08:00,0.638775736,0.243178697,0.572717997
10/12/2015 09:00,0.702386013,0.31674517,0.50341528
10/12/2015 10:00,0.704163454,0.346840119,0.402203172
10/12/2015 11:00,0.657821206,0.350302657,0.223482724
10/12/2015 12:00,0.55903086,0.293925999,0.044927304
10/12/2015 13:00,0.439765918,0.233273008,0
10/12/2015 14:00,0.147760534,0.084626417,0
10/12/2015 15:00,0,0,0
10/12/2015 16:00,0,0,0
10/12/2015 17:00,0,0,0
10/12/2015 18:00,0,0,0
10/12/2015 19:00,0,0,0
10/12/2015 20:00,0,0,0
10/12/2015 21:00,0,0,0
10/12/2015 22:00,0,0,0
10/12/2015 23:00,0,0,0
11/12/2015 00:00,0,0,1.13E-07
11/12/2015 01:00,0,0,0.003057698
11/12/2015 02:00,9.34E-07,0,0.056680161
11/12/2015 03:00,4.82E-05,0,0.205109491
11/12/2015 04:00,0.014933062,3.49E-05,0.377020192
11/12/2015 05:00,0.12797066,0.000679165,0.501670651
11/12/2015 06:00,0.311626106,0.040172276,0.580758947
11/12/2015 07:00,0.482659668,0.1553852,0.599060054
11/12/2015 08:00,0.616338048,0.27902431,0.573881432
11/12/2015 09:00,0.694970649,0.392135008,0.501543168
11/12/2015 10:00,0.712532203,0.463801428,0.407688346
11/12/2015 11:00,0.666695288,0.453331868,0.241500209
11/12/2015 12:00,0.562310857,0.381484412,0.051792796
11/12/2015 13:00,0.444793296,0.329067679,0
11/12/2015 14:00,0.151678994,0.138476182,0
11/12/2015 15:00,0,0,0
11/12/2015 16:00,0,0,0
11/12/2015 17:00,0,0,0
11/12/2015 18:00,0,0,0
11/12/2015 19:00,0,0,0
11/12/2015 20:00,0,0,0
11/12/2015 21:00,0,0,0
11/12/2015 22:00,0,0,0
11/12/2015 23:00,0,0,0
12/12/2015 00:00,0,0,5.36E-08
12/12/2015 01:00,0,0,0.00274546
12/12/2015 02:00,7.55E-07,0,0.057012967
12/12/2015 03:00,4.58E-05,0,0.210315349
12/12/2015 04:00,0.014714571,3.41E-05,0.380367112
12/12/2015 05:00,0.135945552,0.00071234,0.50720417
12/12/2015 06:00,0.333999515,0.03646397,0.58810316
12/12/2015 07:00,0.514408277,0.149555267,0.608944639
12/12/2015 08:00,0.643384842,0.240605142,0.584918226
12/12/2015 09:00,0.708105696,0.323086592,0.513033525
12/12/2015 10:00,0.71730219,0.37136899,0.411401663
12/12/2015 11:00,0.661780474,0.371895889,0.2416578
12/12/2015 12:00,0.553786574,0.356619357,0.055936418
12/12/2015 13:00,0.440978021,0.290040158,0
12/12/2015 14:00,0.143931323,0.15101896,0
12/12/2015 15:00,0,0,0
12/12/2015 16:00,0,0,0
12/12/2015 17:00,0,0,0
12/12/2015 18:00,0,0,0
12/12/2015 19:00,0,0,0
12/12/2015 20:00,0,0,0
12/12/2015 21:00,0,0,0
12/12/2015 22:00,0,0,0
12/12/2015 23:00,0,0,0
13/12/2015 00:00,0,0,3.76E-08
13/12/2015 01:00,0,0,0.002654445
13/12/2015 02:00,6.81E-07,0,0.054567921
13/12/2015 03:00,4.38E-05,0,0.201045121
13/12/2015 04:00,0.014516128,3.39E-05,0.372506005
13/12/2015 05:00,0.131500505,0.002210113,0.497806348
13/12/2015 06:00,0.32467639,0.081896446,0.576425756
13/12/2015 07:00,0.506160764,0.263636046,0.590641435
13/12/2015 08:00,0.626658424,0.478619151,0.562079343
13/12/2015 09:00,0.695361149,0.627453793,0.49149422
13/12/2015 10:00,0.705947351,0.71257939,0.390921768
13/12/2015 11:00,0.660411027,0.704392519,0.230834736
13/12/2015 12:00,0.55312436,0.6273507,0.06115528
13/12/2015 13:00,0.442485139,0.536729539,0
13/12/2015 14:00,0.151492141,0.169131963,0
13/12/2015 15:00,0,0,0
13/12/2015 16:00,0,0,0
13/12/2015 17:00,0,0,0
13/12/2015 18:00,0,0,0
13/12/2015 19:00,0,0,0
13/12/2015 20:00,0,0,0
13/12/2015 21:00,0,0,0
13/12/2015 22:00,0,0,0
13/12/2015 23:00,0,0,0
14/12/2015 00:00,0,0,5.40E-08
14/12/2015 01:00,0,0,0.001764885
14/12/2015 02:00,6.17E-07,0,0.044540199
14/12/2015 03:00,4.24E-05,0,0.184987464
14/12/2015 04:00,0.01400191,3.41E-05,0.363973315
14/12/2015 05:00,0.126401716,0.002221531,0.5027755
14/12/2015 06:00,0.312928364,0.052257281,0.589561929
14/12/2015 07:00,0.48778088,0.163141621,0.613913247
14/12/2015 08:00,0.620135956,0.28740589,0.59045062
14/12/2015 09:00,0.68888563,0.365845793,0.520470221
14/12/2015 10:00,0.694936381,0.408452525,0.42270406
14/12/2015 11:00,0.643932503,0.411575253,0.262025084
14/12/2015 12:00,0.53603912,0.346283719,0.057842431
14/12/2015 13:00,0.414441601,0.276503165,0
14/12/2015 14:00,0.142723344,0.103877128,0
14/12/2015 15:00,0,0,0
14/12/2015 16:00,0,0,0
14/12/2015 17:00,0,0,0
14/12/2015 18:00,0,0,0
14/12/2015 19:00,0,0,0
14/12/2015 20:00,0,0,0
14/12/2015 21:00,0,0,0
14/12/2015 22:00,0,0,0
14/12/2015 23:00,0,0,0
15/12/2015 00:00,0,0,6.64E-08
15/12/2015 01:00,0,0,0.001977216
15/12/2015 02:00,4.76E-07,0,0.049051765
15/12/2015 03:00,4.13E-05,0,0.202762326
15/12/2015 04:00,0.013856653,3.32E-05,0.381137231
15/12/2015 05:00,0.120015332,0.002034964,0.517093976
15/12/2015 06:00,0.292212107,0.055130521,0.600732659
15/12/2015 07:00,0.442567354,0.190706432,0.614783225
15/12/2015 08:00,0.5670798,0.344966498,0.588260133
15/12/2015 09:00,0.635222097,0.470942158,0.51914441
15/12/2015 10:00,0.649063648,0.547482584,0.420174331
15/12/2015 11:00,0.590902388,0.534962401,0.272686208
15/12/2015 12:00,0.49515228,0.484333018,0.062054206
15/12/2015 13:00,0.375274759,0.371688282,0
15/12/2015 14:00,0.119438544,0.120169083,0
15/12/2015 15:00,0,0,0
15/12/2015 16:00,0,0,0
15/12/2015 17:00,0,0,0
15/12/2015 18:00,0,0,0
15/12/2015 19:00,0,0,0
15/12/2015 20:00,0,0,0
15/12/2015 21:00,0,0,0
15/12/2015 22:00,0,0,0
15/12/2015 23:00,0,0,0
16/12/2015 00:00,0,0,3.26E-08
16/12/2015 01:00,0,0,0.001390838
16/12/2015 02:00,3.62E-07,0,0.032590719
16/12/2015 03:00,3.93E-05,0,0.152190179
16/12/2015 04:00,0.013320397,3.13E-05,0.297671816
16/12/2015 05:00,0.124779127,0.00181986,0.422848247
16/12/2015 06:00,0.305021654,0.042895644,0.489200083
16/12/2015 07:00,0.464059291,0.144419404,0.512033872
16/12/2015 08:00,0.578873569,0.259710871,0.502606787
16/12/2015 09:00,0.648319011,0.351570115,0.435829031
16/12/2015 10:00,0.665969881,0.39534743,0.354955076
16/12/2015 11:00,0.615829872,0.393923407,0.232226104
16/12/2015 12:00,0.522102562,0.343966664,0.059841581
16/12/2015 13:00,0.404414096,0.267996714,0
16/12/2015 14:00,0.12756586,0.113599708,0
16/12/2015 15:00,0,0,0
16/12/2015 16:00,0,0,0
16/12/2015 17:00,0,0,0
16/12/2015 18:00,0,0,0
16/12/2015 19:00,0,0,0
16/12/2015 20:00,0,0,0
16/12/2015 21:00,0,0,0
16/12/2015 22:00,0,0,0
16/12/2015 23:00,0,0,0
17/12/2015 00:00,0,0,3.90E-08
17/12/2015 01:00,0,0,0.001082594
17/12/2015 02:00,2.88E-07,0,0.025149618
17/12/2015 03:00,3.88E-05,0,0.121986701
17/12/2015 04:00,0.013187963,3.04E-05,0.250884246
17/12/2015 05:00,0.127192498,0.000733333,0.353778851
17/12/2015 06:00,0.313579892,0.038776015,0.416005787
17/12/2015 07:00,0.491877799,0.16611371,0.444812714
17/12/2015 08:00,0.628209353,0.29011677,0.430278311
17/12/2015 09:00,0.705544374,0.379203571,0.388526724
17/12/2015 10:00,0.71594055,0.407368787,0.310353042
17/12/2015 11:00,0.659750173,0.379771877,0.210659136
17/12/2015 12:00,0.551214015,0.325295123,0.071668323
17/12/2015 13:00,0.441926077,0.269328827,0
17/12/2015 14:00,0.150706025,0.100056878,0
17/12/2015 15:00,0,0,0
17/12/2015 16:00,0,0,0
17/12/2015 17:00,0,0,0
17/12/2015 18:00,0,0,0
17/12/2015 19:00,0,0,0
17/12/2015 20:00,0,0,0
17/12/2015 21:00,0,0,0
17/12/2015 22:00,0,0,0
17/12/2015 23:00,0,0,0
18/12/2015 00:00,0,0,2.19E-08
18/12/2015 01:00,0,0,0.000327956
18/12/2015 02:00,1.76E-07,0,0.016375651
18/12/2015 03:00,3.80E-05,0,0.1159275
18/12/2015 04:00,0.013396931,3.03E-05,0.252075031
18/12/2015 05:00,0.135685228,0.000986731,0.364778774
18/12/2015 06:00,0.343163175,0.03938923,0.441417044
18/12/2015 07:00,0.537556846,0.125168091,0.463212402
18/12/2015 08:00,0.671835206,0.211448716,0.460622274
18/12/2015 09:00,0.74626973,0.283769528,0.421266746
18/12/2015 10:00,0.756135627,0.316887816,0.347194236
18/12/2015 11:00,0.705965548,0.280676861,0.258077196
18/12/2015 12:00,0.598152778,0.239248575,0.076294622
18/12/2015 13:00,0.480656638,0.196493585,0
18/12/2015 14:00,0.178499198,0.058100029,0
18/12/2015 15:00,0,0,0
18/12/2015 16:00,0,0,0
18/12/2015 17:00,0,0,0
18/12/2015 18:00,0,0,0
18/12/2015 19:00,0,0,0
18/12/2015 20:00,0,0,0
18/12/2015 21:00,0,0,0
18/12/2015 22:00,0,0,0
18/12/2015 23:00,0,0,0
19/12/2015 00:00,0,0,1.42E-08
19/12/2015 01:00,0,0,0.000816183
19/12/2015 02:00,7.87E-08,0,0.037269536
19/12/2015 03:00,3.73E-05,0,0.187444957
19/12/2015 04:00,0.013065611,2.83E-05,0.363109097
19/12/2015 05:00,0.128681005,0.000834286,0.497539885
19/12/2015 06:00,0.325758198,0.023596254,0.568161576
19/12/2015 07:00,0.504663451,0.078360504,0.577129012
19/12/2015 08:00,0.637800197,0.157659709,0.558821081
19/12/2015 09:00,0.714765074,0.220500256,0.496431965
19/12/2015 10:00,0.72947373,0.239522219,0.406431612
19/12/2015 11:00,0.684982923,0.23576203,0.281385555
19/12/2015 12:00,0.578531406,0.206363707,0.075390849
19/12/2015 13:00,0.461508171,0.175468371,0
19/12/2015 14:00,0.17283192,0.092431749,0
19/12/2015 15:00,0,0,0
19/12/2015 16:00,0,0,0
19/12/2015 17:00,0,0,0
19/12/2015 18:00,0,0,0
19/12/2015 19:00,0,0,0
19/12/2015 20:00,0,0,0
19/12/2015 21:00,0,0,0
19/12/2015 22:00,0,0,0
19/12/2015 23:00,0,0,0
20/12/2015 00:00,0,0,2.39E-08
20/12/2015 01:00,0,0,0.001352222
20/12/2015 02:00,0,0,0.04501492
20/12/2015 03:00,3.65E-05,0,0.19583369
20/12/2015 04:00,0.012225158,2.76E-05,0.38120668
20/12/2015 05:00,0.1274779,0.000413275,0.517697974
20/12/2015 06:00,0.32659786,0.024600026,0.601086815
20/12/2015 07:00,0.513231904,0.105269436,0.613989591
20/12/2015 08:00,0.650523587,0.195125031,0.592773221
20/12/2015 09:00,0.729966595,0.258891818,0.535125317
20/12/2015 10:00,0.736218582,0.307957807,0.430523537
20/12/2015 11:00,0.685841262,0.308030881,0.293394709
20/12/2015 12:00,0.577624469,0.273801162,0.074008872
20/12/2015 13:00,0.461881028,0.237366,0
20/12/2015 14:00,0.177360213,0.137381269,0
20/12/2015 15:00,0,0,0
20/12/2015 16:00,0,0,0
20/12/2015 17:00,0,0,0
20/12/2015 18:00,0,0,0
20/12/2015 19:00,0,0,0
20/12/2015 20:00,0,0,0
20/12/2015 21:00,0,0,0
20/12/2015 22:00,0,0,0
20/12/2015 23:00,0,0,0
21/12/2015 00:00,0,0,2.69E-08
21/12/2015 01:00,0,0,0.001374666
21/12/2015 02:00,0,0,0.043046323
21/12/2015 03:00,3.60E-05,0,0.191180838
21/12/2015 04:00,0.011750932,2.59E-05,0.371247142
21/12/2015 05:00,0.127118217,0.001150444,0.510274196
21/12/2015 06:00,0.326477909,0.057658441,0.589180813
21/12/2015 07:00,0.514329282,0.213994895,0.60353074
21/12/2015 08:00,0.651685214,0.384430847,0.57973535
21/12/2015 09:00,0.726632757,0.513163269,0.50181385
21/12/2015 10:00,0.738378257,0.590921819,0.418849082
21/12/2015 11:00,0.695938991,0.5864352,0.279351098
21/12/2015 12:00,0.589672867,0.531577335,0.072461225
21/12/2015 13:00,0.468372223,0.460517495,0
21/12/2015 14:00,0.188305458,0.201256608,0
21/12/2015 15:00,0,0,0
21/12/2015 16:00,0,0,0
21/12/2015 17:00,0,0,0
21/12/2015 18:00,0,0,0
21/12/2015 19:00,0,0,0
21/12/2015 20:00,0,0,0
21/12/2015 21:00,0,0,0
21/12/2015 22:00,0,0,0
21/12/2015 23:00,0,0,0
22/12/2015 00:00,0,0,1.96E-08
22/12/2015 01:00,0,0,0.001488883
22/12/2015 02:00,0,0,0.045279442
22/12/2015 03:00,3.55E-05,0,0.193718432
22/12/2015 04:00,0.010947126,2.59E-05,0.370218002
22/12/2015 05:00,0.122112852,0.00126744,0.508482802
22/12/2015 06:00,0.321650198,0.05788939,0.588726148
22/12/2015 07:00,0.510504299,0.223865257,0.602089985
22/12/2015 08:00,0.64825218,0.404381252,0.579530061
22/12/2015 09:00,0.730436102,0.563536307,0.513595305
22/12/2015 10:00,0.74050776,0.631979601,0.417844623
22/12/2015 11:00,0.697800586,0.646444708,0.276948634
22/12/2015 12:00,0.59604944,0.581386124,0.071115588
22/12/2015 13:00,0.47738822,0.511932877,0
22/12/2015 14:00,0.195367644,0.22924396,0
22/12/2015 15:00,0,0,0
22/12/2015 16:00,0,0,0
22/12/2015 17:00,0,0,0
22/12/2015 18:00,0,0,0
22/12/2015 19:00,0,0,0
22/12/2015 20:00,0,0,0
22/12/2015 21:00,0,0,0
22/12/2015 22:00,0,0,0
22/12/2015 23:00,0,0,0
23/12/2015 00:00,0,0,1.94E-08
23/12/2015 01:00,0,0,0.001793086
23/12/2015 02:00,0,0,0.048781933
23/12/2015 03:00,3.52E-05,0,0.197391532
23/12/2015 04:00,0.011255785,2.60E-05,0.376733173
23/12/2015 05:00,0.126549108,0.001574116,0.514617765
23/12/2015 06:00,0.330873755,0.073796169,0.604305703
23/12/2015 07:00,0.522108464,0.245016085,0.640660835
23/12/2015 08:00,0.6623768,0.41823017,0.620536707
23/12/2015 09:00,0.740908672,0.534109247,0.547984184
23/12/2015 10:00,0.746335076,0.59041058,0.439524867
23/12/2015 11:00,0.696775635,0.578530986,0.284648694
23/12/2015 12:00,0.589705451,0.48458542,0.073099529
23/12/2015 13:00,0.46872669,0.371953466,0
23/12/2015 14:00,0.190745899,0.166285295,0
23/12/2015 15:00,0,0,0
23/12/2015 16:00,0,0,0
23/12/2015 17:00,0,0,0
23/12/2015 18:00,0,0,0
23/12/2015 19:00,0,0,0
23/12/2015 20:00,0,0,0
23/12/2015 21:00,0,0,0
23/12/2015 22:00,0,0,0
23/12/2015 23:00,0,0,0
24/12/2015 00:00,0,0,1.51E-08
24/12/2015 01:00,0,0,0.001668827
24/12/2015 02:00,0,0,0.048692126
24/12/2015 03:00,3.50E-05,0,0.202651805
24/12/2015 04:00,0.011206459,2.50E-05,0.384648482
24/12/2015 05:00,0.128455445,0.000427132,0.524149861
24/12/2015 06:00,0.334871689,0.045487336,0.61018374
24/12/2015 07:00,0.530782408,0.181253163,0.634464022
24/12/2015 08:00,0.672852959,0.334863989,0.61574641
24/12/2015 09:00,0.747746791,0.457971461,0.54533265
24/12/2015 10:00,0.756429148,0.550141244,0.435027591
24/12/2015 11:00,0.707241996,0.55834209,0.28459829
24/12/2015 12:00,0.598494898,0.530334335,0.072731149
24/12/2015 13:00,0.480654529,0.447777928,0
24/12/2015 14:00,0.199880709,0.228147613,0
24/12/2015 15:00,0,0,0
24/12/2015 16:00,0,0,0
24/12/2015 17:00,0,0,0
24/12/2015 18:00,0,0,0
24/12/2015 19:00,0,0,0
24/12/2015 20:00,0,0,0
24/12/2015 21:00,0,0,0
24/12/2015 22:00,0,0,0
24/12/2015 23:00,0,0,0
25/12/2015 00:00,0,0,9.42E-09
25/12/2015 01:00,0,0,0.001564625
25/12/2015 02:00,0,0,0.046956472
25/12/2015 03:00,3.46E-05,0,0.19551794
25/12/2015 04:00,0.010846434,2.51E-05,0.377608497
25/12/2015 05:00,0.125206832,0.001038428,0.522060074
25/12/2015 06:00,0.329452624,0.052141698,0.605185405
25/12/2015 07:00,0.516212375,0.140477519,0.630682498
25/12/2015 08:00,0.647065732,0.207861287,0.607366692
25/12/2015 09:00,0.720646643,0.214586042,0.540469325
25/12/2015 10:00,0.727067362,0.239032262,0.437896702
25/12/2015 11:00,0.676709595,0.211498486,0.290401678
25/12/2015 12:00,0.565855743,0.155771369,0.080900291
25/12/2015 13:00,0.435609597,0.114486451,0
25/12/2015 14:00,0.180906017,0.055946694,0
25/12/2015 15:00,0,0,0
25/12/2015 16:00,0,0,0
25/12/2015 17:00,0,0,0
25/12/2015 18:00,0,0,0
25/12/2015 19:00,0,0,0
25/12/2015 20:00,0,0,0
25/12/2015 21:00,0,0,0
25/12/2015 22:00,0,0,0
25/12/2015 23:00,0,0,0
26/12/2015 00:00,0,0,9.68E-09
26/12/2015 01:00,0,0,0.001263
26/12/2015 02:00,0,0,0.043763842
26/12/2015 03:00,3.42E-05,0,0.190906749
26/12/2015 04:00,0.009901828,2.39E-05,0.367359003
26/12/2015 05:00,0.111065072,0.000549511,0.507164788
26/12/2015 06:00,0.306565101,0.020742658,0.594798165
26/12/2015 07:00,0.496656755,0.102328859,0.62292881
26/12/2015 08:00,0.631459004,0.199918734,0.60790675
26/12/2015 09:00,0.706167814,0.29610692,0.543411458
26/12/2015 10:00,0.718387843,0.333836217,0.438513846
26/12/2015 11:00,0.66595062,0.34716184,0.278361479
26/12/2015 12:00,0.566599619,0.314800914,0.087444905
26/12/2015 13:00,0.436145878,0.251975454,0
26/12/2015 14:00,0.1803705,0.181963863,0
26/12/2015 15:00,0,0,0
26/12/2015 16:00,0,0,0
26/12/2015 17:00,0,0,0
26/12/2015 18:00,0,0,0
26/12/2015 19:00,0,0,0
26/12/2015 20:00,0,0,0
26/12/2015 21:00,0,0,0
26/12/2015 22:00,0,0,0
26/12/2015 23:00,0,0,0
27/12/2015 00:00,0,0,7.51E-09
27/12/2015 01:00,0,0,0.001437113
27/12/2015 02:00,0,0,0.042590622
27/12/2015 03:00,3.40E-05,0,0.180381838
27/12/2015 04:00,0.010009294,2.39E-05,0.355891126
27/12/2015 05:00,0.114275623,0.00024611,0.493157929
27/12/2015 06:00,0.304472701,0.025836657,0.577627953
27/12/2015 07:00,0.48625486,0.118462779,0.602933142
27/12/2015 08:00,0.615000107,0.231802217,0.587558984
27/12/2015 09:00,0.686525314,0.334633764,0.531735077
27/12/2015 10:00,0.704930375,0.406543295,0.434988458
27/12/2015 11:00,0.657884808,0.405186954,0.287901437
27/12/2015 12:00,0.563390459,0.372695034,0.091571162
27/12/2015 13:00,0.446624828,0.307390074,0
27/12/2015 14:00,0.192840475,0.189568878,0
27/12/2015 15:00,0,0,0
27/12/2015 16:00,0,0,0
27/12/2015 17:00,0,0,0
27/12/2015 18:00,0,0,0
27/12/2015 19:00,0,0,0
27/12/2015 20:00,0,0,0
27/12/2015 21:00,0,0,0
27/12/2015 22:00,0,0,0
27/12/2015 23:00,0,0,0
28/12/2015 00:00,0,0,7.18E-09
28/12/2015 01:00,0,0,0.001205537
28/12/2015 02:00,0,0,0.040605321
28/12/2015 03:00,3.33E-05,0,0.18491811
28/12/2015 04:00,0.009877099,2.33E-05,0.36211973
28/12/2015 05:00,0.117161805,0.000456913,0.497329307
28/12/2015 06:00,0.313137493,0.053717242,0.588898485
28/12/2015 07:00,0.504988581,0.220416943,0.613891072
28/12/2015 08:00,0.645788241,0.394276259,0.60549212
28/12/2015 09:00,0.726797574,0.555214554,0.546504217
28/12/2015 10:00,0.740275127,0.641571866,0.456685577
28/12/2015 11:00,0.699126703,0.664329141,0.315423566
28/12/2015 12:00,0.595919192,0.620182201,0.100431129
28/12/2015 13:00,0.470525992,0.540226955,0
28/12/2015 14:00,0.218924113,0.280844104,0
28/12/2015 15:00,0,0,0
28/12/2015 16:00,0,0,0
28/12/2015 17:00,0,0,0
28/12/2015 18:00,0,0,0
28/12/2015 19:00,0,0,0
28/12/2015 20:00,0,0,0
28/12/2015 21:00,0,0,0
28/12/2015 22:00,0,0,0
28/12/2015 23:00,0,0,0
29/12/2015 00:00,0,0,6.32E-09
29/12/2015 01:00,0,0,0.001178732
29/12/2015 02:00,0,0,0.044451931
29/12/2015 03:00,3.29E-05,0,0.198738878
29/12/2015 04:00,0.009437452,2.32E-05,0.385285067
29/12/2015 05:00,0.117790948,0.00125716,0.525555955
29/12/2015 06:00,0.322198901,0.068909389,0.620337071
29/12/2015 07:00,0.517802396,0.223915739,0.645731283
29/12/2015 08:00,0.657982682,0.402820248,0.632147469
29/12/2015 09:00,0.737131473,0.519357512,0.571673682
29/12/2015 10:00,0.748796602,0.587380973,0.46911961
29/12/2015 11:00,0.700988535,0.587327576,0.321234604
29/12/2015 12:00,0.595074302,0.527535569,0.103114514
29/12/2015 13:00,0.470478557,0.452630463,0
29/12/2015 14:00,0.223984865,0.198836157,0
29/12/2015 15:00,0,0,0
29/12/2015 16:00,0,0,0
29/12/2015 17:00,0,0,0
29/12/2015 18:00,0,0,0
29/12/2015 19:00,0,0,0
29/12/2015 20:00,0,0,0
29/12/2015 21:00,0,0,0
29/12/2015 22:00,0,0,0
29/12/2015 23:00,0,0,0
30/12/2015 00:00,0,0,6.33E-09
30/12/2015 01:00,0,0,0.001416306
30/12/2015 02:00,0,0,0.048636498
30/12/2015 03:00,3.28E-05,0,0.207407619
30/12/2015 04:00,0.008792995,2.24E-05,0.397878766
30/12/2015 05:00,0.110756843,0.000639559,0.542424322
30/12/2015 06:00,0.304323166,0.031213389,0.639654287
30/12/2015 07:00,0.492504508,0.128737008,0.677489817
30/12/2015 08:00,0.635396568,0.26390703,0.659259527
30/12/2015 09:00,0.715306787,0.36918241,0.595689126
30/12/2015 10:00,0.72753481,0.427041617,0.492074312
30/12/2015 11:00,0.686079302,0.403615879,0.329491768
30/12/2015 12:00,0.585103716,0.354876179,0.111010296
30/12/2015 13:00,0.460306691,0.295113901,0
30/12/2015 14:00,0.226720546,0.197183085,0
30/12/2015 15:00,0,0,0
30/12/2015 16:00,0,0,0
30/12/2015 17:00,0,0,0
30/12/2015 18:00,0,0,0
30/12/2015 19:00,0,0,0
30/12/2015 20:00,0,0,0
30/12/2015 21:00,0,0,0
30/12/2015 22:00,0,0,0
30/12/2015 23:00,0,0,0
31/12/2015 00:00,0,0,5.01E-09
31/12/2015 01:00,0,0,0.001444219
31/12/2015 02:00,0,0,0.049895144
31/12/2015 03:00,3.23E-05,0,0.212440323
31/12/2015 04:00,0.00858925,2.20E-05,0.403920176
31/12/2015 05:00,0.111727301,0.000385517,0.547072085
31/12/2015 06:00,0.311399525,0.044267995,0.640276994
31/12/2015 07:00,0.502048425,0.201053141,0.683725884
31/12/2015 08:00,0.642514978,0.365362916,0.670099943
31/12/2015 09:00,0.722041789,0.525306238,0.607516142
31/12/2015 10:00,0.737838424,0.611798122,0.506147561
31/12/2015 11:00,0.698038288,0.628647485,0.337620467
31/12/2015 12:00,0.59790865,0.565308912,0.120150429
31/12/2015 13:00,0.470650725,0.481984384,0
31/12/2015 14:00,0.244713242,0.277681721,0
31/12/2015 15:00,0,0,0
31/12/2015 16:00,0,0,0
31/12/2015 17:00,0,0,0
31/12/2015 18:00,0,0,0
31/12/2015 19:00,0,0,0
31/12/2015 20:00,0,0,0
31/12/2015 21:00,0,0,0
31/12/2015 22:00,0,0,0
31/12/2015 23:00,0,0,0